URL,Version,Status,OIDs,Name,Title,Descriptino,Used
http://snomed.info/sct,null,active,"2.16.840.1.113883.6.96",SNOMED_CT,SNOMED CT (all versions),"SNOMED CT is the most comprehensive and precise clinical health terminology product in the world, owned and distributed around the world by The International Health Terminology Standards Development Organisation (IHTSDO).","ValueSet/consanguinity-assertion-vs"
http://terminology.hl7.org/CodeSystem/title-type,4.3.0,draft,"2.16.840.1.113883.4.642.1.1492",TitleType,TitleType,"Used to express the reason and specific aspect for the variant title, such as language and specific language.","ValueSet/title-type,ValueSet/research-data-date-of-birth-method-vs"
http://terminology.hl7.org/CodeSystem/v3-RoleCode,3.0.0,active,"2.16.840.1.113883.5.111",RoleCode,RoleCode,"A set of codes further specifying the kind of Role; specific classification codes for further qualifying RoleClass codes.","ValueSet/v3-FamilyMember"
https://nih-ncpi.github.io/ncpi-fhir-ig-2/CodeSystem/collection-type,0.1.0,draft,,CollectionType,Collection Type,"Enumerated list of collection types","ValueSet/collection-type-vs"
https://nih-ncpi.github.io/ncpi-fhir-ig-2/CodeSystem/ncpi-family-types,0.1.0,active,,NcpiFamilyTypes,NCPI Family Types CodeSystem,"CodeSystem for Types of Families","ValueSet/ncpi-family-types-vs"
https://nih-ncpi.github.io/ncpi-fhir-ig-2/CodeSystem/research-data-access-code,0.1.0,draft,,ResearchDataAccessCode,Research Data Access Codes,"Enumerated list of access codes such as dbGaP consent codes among others.","ValueSet/research-data-access-code-vs"
https://nih-ncpi.github.io/ncpi-fhir-ig-2/CodeSystem/research-data-access-type,0.1.0,draft,,ResearchDataAccessType,Research Data Access Type Codes,"Enumerated list of access type codes such as 'Open Access', 'Registered Access' and 'Controlled Access'","ValueSet/research-data-access-type-vs"
https://nih-ncpi.github.io/ncpi-fhir-ig-2/CodeSystem/study-name-type,0.1.0,draft,,StudyNameType,Study Name Type,"Some common types of study 'names'.","ValueSet/study-name-type-vs"
https://nih-ncpi.github.io/ncpi-fhir-ig-2/CodeSystem/study-personnel-role,0.1.0,draft,,StudyPersonnelRole,Study Personnel Role,"Roles associated with study personnel.","ValueSet/study-personnel-role-vs"
