"Id","Path","Slice Name","Alias(s)","Label","Min","Max","Must Support?","Is Modifier?","Is Summary?","Type(s)","Short","Definition","Comments","Requirements","Default Value","Meaning When Missing","Fixed Value","Pattern","Example","Minimum Value","Maximum Value","Maximum Length","Binding Strength","Binding Description","Binding Value Set","Code","Slicing Discriminator","Slicing Description","Slicing Ordered","Slicing Rules","Base Path","Base Min","Base Max","Condition(s)","Constraint(s)"
"SharedDataModelParticipantAssertion","SharedDataModelParticipantAssertion","","","",0,*,"","","","null {[]} {[]}
","Shared Data Model for Participant Assertion","The Shared Data Model for **Participant Assertion**","","","","","","","","","",,,,,"",,,,"Base",0,*,"",""
"SharedDataModelParticipantAssertion.participant","SharedDataModelParticipantAssertion.participant","","","",1,1,"","","","Extension {[CanonicalType[http://hl7.org/fhir/StructureDefinition/valueset-reference]]} {[]}
","The participant we are describing","The participant we are describing","","","","","","","","","",,,,,"",,,,"SharedDataModelParticipantAssertion.participant",1,1,"",""
"SharedDataModelParticipantAssertion.assertionCode","SharedDataModelParticipantAssertion.assertionCode","","","",0,*,"","","","code {[]} {[]}
","The code associated with the measurement, procedure or other assertion being made about the user.","The code associated with the measurement, procedure or other assertion being made about the user.","","","","","","","","","",,,,,"",,,,"SharedDataModelParticipantAssertion.assertionCode",0,*,"",""
"SharedDataModelParticipantAssertion.assertionText","SharedDataModelParticipantAssertion.assertionText","","","",1,1,"","","","string {[]} {[]}
","Detailed description / free text about this assertion.","Detailed description / free text about this assertion.","","","","","","","","","",,,,,"",,,,"SharedDataModelParticipantAssertion.assertionText",1,1,"",""
"SharedDataModelParticipantAssertion.ageAtAssertion","SharedDataModelParticipantAssertion.ageAtAssertion","","","",0,1,"","","","Quantity {[]} {[]}
","The date or age at which this information is being asserted.","The date or age at which this information is being asserted.","","","","","","","","","",,,,,"",,,,"SharedDataModelParticipantAssertion.ageAtAssertion",0,1,"",""
"SharedDataModelParticipantAssertion.assertion","SharedDataModelParticipantAssertion.assertion","","","",1,1,"","","","code {[]} {[]}
","For assertions relating to a true/false status of a particular concept, is that value true or false?","For assertions relating to a true/false status of a particular concept, is that value true or false?","","","","","","","","","",,,,,"",,,,"SharedDataModelParticipantAssertion.assertion",1,1,"",""
"SharedDataModelParticipantAssertion.AssertionType","SharedDataModelParticipantAssertion.AssertionType","","","",0,1,"","","","code {[]} {[]}
","The semantic type of the resource, eg, Condition.","The semantic type of the resource, eg, Condition.","","","","","","","","","",,,,,"",,,,"SharedDataModelParticipantAssertion.AssertionType",0,1,"",""
"SharedDataModelParticipantAssertion.ageAtEvent","SharedDataModelParticipantAssertion.ageAtEvent","","","",0,1,"","","","code {[]} {[]}
","The age in decimal years of the Subject at the time point which the assertion...","The age in decimal years of the Subject at the time point which the assertion...","","","","","","","","","",,,,,"",,,,"SharedDataModelParticipantAssertion.ageAtEvent",0,1,"",""
"SharedDataModelParticipantAssertion.otherModifiers","SharedDataModelParticipantAssertion.otherModifiers","","","",0,*,"","","","code {[]} {[]}
","Any additional modifiers for this condition, such as severity.","Any additional modifiers for this condition, such as severity.","","","","","","","","","",,,,,"",,,,"SharedDataModelParticipantAssertion.otherModifiers",0,*,"",""
"SharedDataModelParticipantAssertion.assertionSource","SharedDataModelParticipantAssertion.assertionSource","","","",0,1,"","","","code {[]} {[]}
","Where or how was this this assertion about the Participant recorded? This can support understanding the differences between surveys, automated EHR extraction, manual chart abstraction, etc.","Where or how was this this assertion about the Participant recorded? This can support understanding the differences between surveys, automated EHR extraction, manual chart abstraction, etc.","","","","","","","","","",,,,,"",,,,"SharedDataModelParticipantAssertion.assertionSource",0,1,"",""
"SharedDataModelParticipantAssertion.asserter","SharedDataModelParticipantAssertion.asserter","","","",0,1,"","","","code {[]} {[]}
","Who recorded this assertion about the Participant? This can support understanding the differences between self-report, doctor, trained research staff.","Who recorded this assertion about the Participant? This can support understanding the differences between self-report, doctor, trained research staff.","","","","","","","","","",,,,,"",,,,"SharedDataModelParticipantAssertion.asserter",0,1,"",""
