"Id","Path","Slice Name","Alias(s)","Label","Min","Max","Must Support?","Is Modifier?","Is Summary?","Type(s)","Short","Definition","Comments","Requirements","Default Value","Meaning When Missing","Fixed Value","Pattern","Example","Minimum Value","Maximum Value","Maximum Length","Binding Strength","Binding Description","Binding Value Set","Code","Slicing Discriminator","Slicing Description","Slicing Ordered","Slicing Rules","Base Path","Base Min","Base Max","Condition(s)","Constraint(s)"
"SharedDataModelPerson","SharedDataModelPerson","","","",0,*,"","","","null {[]} {[]}
","Shared Data Model for Research Persons","The **Shared data model for Person**","","","","","","","","","",,,,,"",,,,"Base",0,*,"",""
"SharedDataModelPerson.identifier","SharedDataModelPerson.identifier","","","",1,1,"","","","string {[]} {[]}
","Unique Person identifier.","Unique Person identifier.","","","","","","","","","",,,,,"",,,,"SharedDataModelPerson.identifier",1,1,"",""
"SharedDataModelPerson.participant","SharedDataModelPerson.participant","","","",1,1,"","","","Extension {[CanonicalType[http://hl7.org/fhir/StructureDefinition/valueset-reference]]} {[]}
","The participant we are describing","The participant we are describing","","","","","","","","","",,,,,"",,,,"SharedDataModelPerson.participant",1,1,"",""
