{
  "resourceType" : "Bundle",
  "id" : "f0cff114-f96b-41be-9374-c8a37168a720",
  "meta" : {
    "lastUpdated" : "2024-09-10T18:56:29.628+00:00"
  },
  "type" : "collection",
  "entry" : [{
    "fullUrl" : "https://nih-ncpi.github.io/ncpi-fhir-ig-2/ValueSet/collection-type-vs",
    "resource" : {
      "resourceType" : "ValueSet",
      "text" : {
        "status" : "generated",
        "div" : "<div xmlns=\"http://www.w3.org/1999/xhtml\"><p class=\"res-header-id\"><b>Generated Narrative: ValueSet </b></p><p style=\"border: black 1px dotted; background-color: #EEEEEE; padding: 8px; margin-bottom: 8px\">Expansion based on <a href=\"CodeSystem-collection-type.html\">codesystem Collection Type v0.1.0 (CodeSystem)</a></p><p>This value set contains 3 concepts</p><table class=\"codes\"><tr><td style=\"white-space:nowrap\"><b>Code</b></td><td><b>System</b></td><td><b>Display</b></td></tr><tr><td style=\"white-space:nowrap\"><a name=\"x-https://nih-ncpi.github.io/ncpi-fhir-ig-2/CodeSystem/collection-type-consortium\"> </a>\u00a0\u00a0<a href=\"CodeSystem-collection-type.html#collection-type-consortium\">consortium</a></td><td>https://nih-ncpi.github.io/ncpi-fhir-ig-2/CodeSystem/collection-type</td><td>Consortium</td></tr><tr><td style=\"white-space:nowrap\"><a name=\"x-https://nih-ncpi.github.io/ncpi-fhir-ig-2/CodeSystem/collection-type-program\"> </a>\u00a0\u00a0<a href=\"CodeSystem-collection-type.html#collection-type-program\">program</a></td><td>https://nih-ncpi.github.io/ncpi-fhir-ig-2/CodeSystem/collection-type</td><td>Program</td></tr><tr><td style=\"white-space:nowrap\"><a name=\"x-https://nih-ncpi.github.io/ncpi-fhir-ig-2/CodeSystem/collection-type-user-defined\"> </a>\u00a0\u00a0<a href=\"CodeSystem-collection-type.html#collection-type-user-defined\">user-defined</a></td><td>https://nih-ncpi.github.io/ncpi-fhir-ig-2/CodeSystem/collection-type</td><td>User Defined</td></tr></table></div>"
      },
      "url" : "https://nih-ncpi.github.io/ncpi-fhir-ig-2/ValueSet/collection-type-vs",
      "version" : "0.1.0",
      "name" : "CollectionTypeVS",
      "title" : "Collection Type",
      "status" : "draft",
      "experimental" : false,
      "date" : "2024-09-10T18:56:29+00:00",
      "expansion" : {
        "identifier" : "urn:uuid:4ad34bb0-d0c8-4c90-b0f2-d890266eb303",
        "timestamp" : "2024-09-10T18:57:16+00:00",
        "total" : 3,
        "offset" : 0,
        "parameter" : [{
          "name" : "count",
          "valueInteger" : 1000
        },
        {
          "name" : "offset",
          "valueInteger" : 0
        },
        {
          "name" : "excludeNested",
          "valueBoolean" : false
        },
        {
          "name" : "used-codesystem",
          "valueUri" : "https://nih-ncpi.github.io/ncpi-fhir-ig-2/CodeSystem/collection-type|0.1.0"
        }],
        "contains" : [{
          "system" : "https://nih-ncpi.github.io/ncpi-fhir-ig-2/CodeSystem/collection-type",
          "code" : "consortium",
          "display" : "Consortium"
        },
        {
          "system" : "https://nih-ncpi.github.io/ncpi-fhir-ig-2/CodeSystem/collection-type",
          "code" : "program",
          "display" : "Program"
        },
        {
          "system" : "https://nih-ncpi.github.io/ncpi-fhir-ig-2/CodeSystem/collection-type",
          "code" : "user-defined",
          "display" : "User Defined"
        }]
      }
    }
  },
  {
    "fullUrl" : "https://nih-ncpi.github.io/ncpi-fhir-ig-2/ValueSet/condition-assertion-vs",
    "resource" : {
      "resourceType" : "ValueSet",
      "text" : {
        "status" : "generated",
        "div" : "<div xmlns=\"http://www.w3.org/1999/xhtml\"><p class=\"res-header-id\"><b>Generated Narrative: ValueSet </b></p><p style=\"border: black 1px dotted; background-color: #EEEEEE; padding: 8px; margin-bottom: 8px\">Expansion based on <a href=\"CodeSystem-condition-assertion.html\">codesystem Assertion of Condition Codes v0.1.0 (CodeSystem)</a></p><p>This value set contains 3 concepts</p><table class=\"codes\"><tr><td style=\"white-space:nowrap\"><b>Code</b></td><td><b>System</b></td><td><b>Display</b></td></tr><tr><td style=\"white-space:nowrap\"><a name=\"x-https://nih-ncpi.github.io/ncpi-fhir-ig-2/CodeSystem/condition-assertion-Present\"> </a>\u00a0\u00a0<a href=\"CodeSystem-condition-assertion.html#condition-assertion-Present\">Present</a></td><td>https://nih-ncpi.github.io/ncpi-fhir-ig-2/CodeSystem/condition-assertion</td><td>Present</td></tr><tr><td style=\"white-space:nowrap\"><a name=\"x-https://nih-ncpi.github.io/ncpi-fhir-ig-2/CodeSystem/condition-assertion-Absent\"> </a>\u00a0\u00a0<a href=\"CodeSystem-condition-assertion.html#condition-assertion-Absent\">Absent</a></td><td>https://nih-ncpi.github.io/ncpi-fhir-ig-2/CodeSystem/condition-assertion</td><td>Absent</td></tr><tr><td style=\"white-space:nowrap\"><a name=\"x-https://nih-ncpi.github.io/ncpi-fhir-ig-2/CodeSystem/condition-assertion-Unknown\"> </a>\u00a0\u00a0<a href=\"CodeSystem-condition-assertion.html#condition-assertion-Unknown\">Unknown</a></td><td>https://nih-ncpi.github.io/ncpi-fhir-ig-2/CodeSystem/condition-assertion</td><td>Unknown</td></tr></table></div>"
      },
      "url" : "https://nih-ncpi.github.io/ncpi-fhir-ig-2/ValueSet/condition-assertion-vs",
      "version" : "0.1.0",
      "name" : "ConditionAssertionVS",
      "title" : "Assertion of Condition Codes",
      "status" : "draft",
      "date" : "2024-09-10T18:56:29+00:00",
      "expansion" : {
        "identifier" : "urn:uuid:e8622cdd-5b77-4062-ada5-bf7659271bc3",
        "timestamp" : "2024-09-10T18:57:16+00:00",
        "total" : 3,
        "offset" : 0,
        "parameter" : [{
          "name" : "count",
          "valueInteger" : 1000
        },
        {
          "name" : "offset",
          "valueInteger" : 0
        },
        {
          "name" : "excludeNested",
          "valueBoolean" : false
        },
        {
          "name" : "used-codesystem",
          "valueUri" : "https://nih-ncpi.github.io/ncpi-fhir-ig-2/CodeSystem/condition-assertion|0.1.0"
        }],
        "contains" : [{
          "system" : "https://nih-ncpi.github.io/ncpi-fhir-ig-2/CodeSystem/condition-assertion",
          "code" : "Present",
          "display" : "Present"
        },
        {
          "system" : "https://nih-ncpi.github.io/ncpi-fhir-ig-2/CodeSystem/condition-assertion",
          "code" : "Absent",
          "display" : "Absent"
        },
        {
          "system" : "https://nih-ncpi.github.io/ncpi-fhir-ig-2/CodeSystem/condition-assertion",
          "code" : "Unknown",
          "display" : "Unknown"
        }]
      }
    }
  },
  {
    "fullUrl" : "https://nih-ncpi.github.io/ncpi-fhir-ig-2/ValueSet/condition-type-vs",
    "resource" : {
      "resourceType" : "ValueSet",
      "text" : {
        "status" : "generated",
        "div" : "<div xmlns=\"http://www.w3.org/1999/xhtml\"><p class=\"res-header-id\"><b>Generated Narrative: ValueSet </b></p><p style=\"border: black 1px dotted; background-color: #EEEEEE; padding: 8px; margin-bottom: 8px\">Expansion based on <a href=\"CodeSystem-condition-type.html\">codesystem Type of Condition v0.1.0 (CodeSystem)</a></p><p>This value set contains 6 concepts</p><table class=\"codes\"><tr><td style=\"white-space:nowrap\"><b>Code</b></td><td><b>System</b></td><td><b>Display</b></td></tr><tr><td style=\"white-space:nowrap\"><a name=\"x-https://nih-ncpi.github.io/ncpi-fhir-ig-2/CodeSystem/condition-type-Phenotypic-Feature\"> </a>\u00a0\u00a0<a href=\"CodeSystem-condition-type.html#condition-type-Phenotypic-Feature\">Phenotypic-Feature</a></td><td>https://nih-ncpi.github.io/ncpi-fhir-ig-2/CodeSystem/condition-type</td><td>Phenotypic Feature</td></tr><tr><td style=\"white-space:nowrap\"><a name=\"x-https://nih-ncpi.github.io/ncpi-fhir-ig-2/CodeSystem/condition-type-Disease\"> </a>\u00a0\u00a0<a href=\"CodeSystem-condition-type.html#condition-type-Disease\">Disease</a></td><td>https://nih-ncpi.github.io/ncpi-fhir-ig-2/CodeSystem/condition-type</td><td>Disease</td></tr><tr><td style=\"white-space:nowrap\"><a name=\"x-https://nih-ncpi.github.io/ncpi-fhir-ig-2/CodeSystem/condition-type-Comorbidity\"> </a>\u00a0\u00a0<a href=\"CodeSystem-condition-type.html#condition-type-Comorbidity\">Comorbidity</a></td><td>https://nih-ncpi.github.io/ncpi-fhir-ig-2/CodeSystem/condition-type</td><td>Comorbidity</td></tr><tr><td style=\"white-space:nowrap\"><a name=\"x-https://nih-ncpi.github.io/ncpi-fhir-ig-2/CodeSystem/condition-type-Histology\"> </a>\u00a0\u00a0<a href=\"CodeSystem-condition-type.html#condition-type-Histology\">Histology</a></td><td>https://nih-ncpi.github.io/ncpi-fhir-ig-2/CodeSystem/condition-type</td><td>Histology</td></tr><tr><td style=\"white-space:nowrap\"><a name=\"x-https://nih-ncpi.github.io/ncpi-fhir-ig-2/CodeSystem/condition-type-Clinical-Finding\"> </a>\u00a0\u00a0<a href=\"CodeSystem-condition-type.html#condition-type-Clinical-Finding\">Clinical-Finding</a></td><td>https://nih-ncpi.github.io/ncpi-fhir-ig-2/CodeSystem/condition-type</td><td>Clinical Finding</td></tr><tr><td style=\"white-space:nowrap\"><a name=\"x-https://nih-ncpi.github.io/ncpi-fhir-ig-2/CodeSystem/condition-type-EHR-Condition-Code\"> </a>\u00a0\u00a0<a href=\"CodeSystem-condition-type.html#condition-type-EHR-Condition-Code\">EHR-Condition-Code</a></td><td>https://nih-ncpi.github.io/ncpi-fhir-ig-2/CodeSystem/condition-type</td><td>EHR Condition Code</td></tr></table></div>"
      },
      "url" : "https://nih-ncpi.github.io/ncpi-fhir-ig-2/ValueSet/condition-type-vs",
      "version" : "0.1.0",
      "name" : "ConditionTypeVS",
      "title" : "Type of Condition",
      "status" : "draft",
      "date" : "2024-09-10T18:56:29+00:00",
      "expansion" : {
        "identifier" : "urn:uuid:f7bba139-9903-488f-8eb3-79c95d47563a",
        "timestamp" : "2024-09-10T18:57:17+00:00",
        "total" : 6,
        "offset" : 0,
        "parameter" : [{
          "name" : "count",
          "valueInteger" : 1000
        },
        {
          "name" : "offset",
          "valueInteger" : 0
        },
        {
          "name" : "excludeNested",
          "valueBoolean" : false
        },
        {
          "name" : "used-codesystem",
          "valueUri" : "https://nih-ncpi.github.io/ncpi-fhir-ig-2/CodeSystem/condition-type|0.1.0"
        }],
        "contains" : [{
          "system" : "https://nih-ncpi.github.io/ncpi-fhir-ig-2/CodeSystem/condition-type",
          "code" : "Phenotypic-Feature",
          "display" : "Phenotypic Feature"
        },
        {
          "system" : "https://nih-ncpi.github.io/ncpi-fhir-ig-2/CodeSystem/condition-type",
          "code" : "Disease",
          "display" : "Disease"
        },
        {
          "system" : "https://nih-ncpi.github.io/ncpi-fhir-ig-2/CodeSystem/condition-type",
          "code" : "Comorbidity",
          "display" : "Comorbidity"
        },
        {
          "system" : "https://nih-ncpi.github.io/ncpi-fhir-ig-2/CodeSystem/condition-type",
          "code" : "Histology",
          "display" : "Histology"
        },
        {
          "system" : "https://nih-ncpi.github.io/ncpi-fhir-ig-2/CodeSystem/condition-type",
          "code" : "Clinical-Finding",
          "display" : "Clinical Finding"
        },
        {
          "system" : "https://nih-ncpi.github.io/ncpi-fhir-ig-2/CodeSystem/condition-type",
          "code" : "EHR-Condition-Code",
          "display" : "EHR Condition Code"
        }]
      }
    }
  },
  {
    "fullUrl" : "https://nih-ncpi.github.io/ncpi-fhir-ig-2/ValueSet/consanguinity-assertion-vs",
    "resource" : {
      "resourceType" : "ValueSet",
      "text" : {
        "status" : "generated",
        "div" : "<div xmlns=\"http://www.w3.org/1999/xhtml\"><p class=\"res-header-id\"><b>Generated Narrative: ValueSet </b></p><p style=\"border: black 1px dotted; background-color: #EEEEEE; padding: 8px; margin-bottom: 8px\">Expansion based on SNOMED CT International edition 01-Feb 2024</p><p>This value set contains 4 concepts</p><table class=\"codes\"><tr><td style=\"white-space:nowrap\"><b>Code</b></td><td><b>System</b></td><td><b>Display</b></td></tr><tr><td style=\"white-space:nowrap\"><a name=\"x-http://snomed.info/sct-428263003\"> </a>\u00a0\u00a0<a href=\"http://snomed.info/id/428263003\">428263003</a></td><td>http://snomed.info/sct</td><td>NOT suspected (qualifier value)</td></tr><tr><td style=\"white-space:nowrap\"><a name=\"x-http://snomed.info/sct-415684004\"> </a>\u00a0\u00a0<a href=\"http://snomed.info/id/415684004\">415684004</a></td><td>http://snomed.info/sct</td><td>Suspected (qualifier value)</td></tr><tr><td style=\"white-space:nowrap\"><a name=\"x-http://snomed.info/sct-410515003\"> </a>\u00a0\u00a0<a href=\"http://snomed.info/id/410515003\">410515003</a></td><td>http://snomed.info/sct</td><td>Known present (qualifier value)</td></tr><tr><td style=\"white-space:nowrap\"><a name=\"x-http://snomed.info/sct-261665006\"> </a>\u00a0\u00a0<a href=\"http://snomed.info/id/261665006\">261665006</a></td><td>http://snomed.info/sct</td><td>Unknown</td></tr></table></div>"
      },
      "url" : "https://nih-ncpi.github.io/ncpi-fhir-ig-2/ValueSet/consanguinity-assertion-vs",
      "version" : "0.1.0",
      "name" : "ConsanguinityAssertionVS",
      "title" : "Consanguinity Value Codes",
      "status" : "draft",
      "experimental" : false,
      "date" : "2024-09-10T18:56:29+00:00",
      "expansion" : {
        "identifier" : "urn:uuid:e6a0d561-64f0-432f-8ff9-24df29e68009",
        "timestamp" : "2024-09-10T18:57:17+00:00",
        "total" : 4,
        "offset" : 0,
        "parameter" : [{
          "name" : "count",
          "valueInteger" : 1000
        },
        {
          "name" : "offset",
          "valueInteger" : 0
        },
        {
          "name" : "excludeNested",
          "valueBoolean" : false
        },
        {
          "name" : "used-valueset",
          "valueUri" : "null"
        },
        {
          "name" : "used-codesystem",
          "valueUri" : "http://snomed.info/sct|http://snomed.info/sct/900000000000207008/version/20240201"
        },
        {
          "name" : "version",
          "valueUri" : "http://snomed.info/sct|http://snomed.info/sct/900000000000207008/version/20240201"
        }],
        "contains" : [{
          "system" : "http://snomed.info/sct",
          "code" : "428263003",
          "display" : "NOT suspected (qualifier value)"
        },
        {
          "system" : "http://snomed.info/sct",
          "code" : "415684004",
          "display" : "Suspected (qualifier value)"
        },
        {
          "system" : "http://snomed.info/sct",
          "code" : "410515003",
          "display" : "Known present (qualifier value)"
        },
        {
          "system" : "http://snomed.info/sct",
          "code" : "261665006",
          "display" : "Unknown"
        }]
      }
    }
  },
  {
    "fullUrl" : "https://nih-ncpi.github.io/ncpi-fhir-ig-2/ValueSet/ncpi-family-types-vs",
    "resource" : {
      "resourceType" : "ValueSet",
      "text" : {
        "status" : "generated",
        "div" : "<div xmlns=\"http://www.w3.org/1999/xhtml\"><p class=\"res-header-id\"><b>Generated Narrative: ValueSet </b></p><p style=\"border: black 1px dotted; background-color: #ffcccc; padding: 8px; margin-bottom: 8px\">Expansion based on code system fragment <a href=\"CodeSystem-ncpi-family-types.html\">https://nih-ncpi.github.io/ncpi-fhir-ig-2/CodeSystem/ncpi-family-types NCPI Family Types CodeSystem v0.1.0 (CodeSystem)</a></p><p style=\"border: black 1px dotted; background-color: #EEEEEE; padding: 8px; margin-bottom: 8px\">Expansion based on <a href=\"CodeSystem-ncpi-family-types.html\">codesystem NCPI Family Types CodeSystem v0.1.0 (CodeSystem)</a></p><p>This value set contains at least 6 concepts</p><table class=\"codes\"><tr><td style=\"white-space:nowrap\"><b>Code</b></td><td><b>System</b></td><td><b>Display</b></td></tr><tr><td style=\"white-space:nowrap\"><a name=\"x-https://nih-ncpi.github.io/ncpi-fhir-ig-2/CodeSystem/ncpi-family-types-Control-only\"> </a>\u00a0\u00a0<a href=\"CodeSystem-ncpi-family-types.html#ncpi-family-types-Control-only\">Control-only</a></td><td>https://nih-ncpi.github.io/ncpi-fhir-ig-2/CodeSystem/ncpi-family-types</td><td>Control Only</td></tr><tr><td style=\"white-space:nowrap\"><a name=\"x-https://nih-ncpi.github.io/ncpi-fhir-ig-2/CodeSystem/ncpi-family-types-Duo\"> </a>\u00a0\u00a0<a href=\"CodeSystem-ncpi-family-types.html#ncpi-family-types-Duo\">Duo</a></td><td>https://nih-ncpi.github.io/ncpi-fhir-ig-2/CodeSystem/ncpi-family-types</td><td>Duo</td></tr><tr><td style=\"white-space:nowrap\"><a name=\"x-https://nih-ncpi.github.io/ncpi-fhir-ig-2/CodeSystem/ncpi-family-types-Other\"> </a>\u00a0\u00a0<a href=\"CodeSystem-ncpi-family-types.html#ncpi-family-types-Other\">Other</a></td><td>https://nih-ncpi.github.io/ncpi-fhir-ig-2/CodeSystem/ncpi-family-types</td><td>Other</td></tr><tr><td style=\"white-space:nowrap\"><a name=\"x-https://nih-ncpi.github.io/ncpi-fhir-ig-2/CodeSystem/ncpi-family-types-Proband-only\"> </a>\u00a0\u00a0<a href=\"CodeSystem-ncpi-family-types.html#ncpi-family-types-Proband-only\">Proband-only</a></td><td>https://nih-ncpi.github.io/ncpi-fhir-ig-2/CodeSystem/ncpi-family-types</td><td>Proband Only</td></tr><tr><td style=\"white-space:nowrap\"><a name=\"x-https://nih-ncpi.github.io/ncpi-fhir-ig-2/CodeSystem/ncpi-family-types-Trio\"> </a>\u00a0\u00a0<a href=\"CodeSystem-ncpi-family-types.html#ncpi-family-types-Trio\">Trio</a></td><td>https://nih-ncpi.github.io/ncpi-fhir-ig-2/CodeSystem/ncpi-family-types</td><td>Trio</td></tr><tr><td style=\"white-space:nowrap\"><a name=\"x-https://nih-ncpi.github.io/ncpi-fhir-ig-2/CodeSystem/ncpi-family-types-Trio+\"> </a>\u00a0\u00a0<a href=\"CodeSystem-ncpi-family-types.html#ncpi-family-types-Trio.43\">Trio+</a></td><td>https://nih-ncpi.github.io/ncpi-fhir-ig-2/CodeSystem/ncpi-family-types</td><td>Trio+</td></tr></table></div>"
      },
      "url" : "https://nih-ncpi.github.io/ncpi-fhir-ig-2/ValueSet/ncpi-family-types-vs",
      "version" : "0.1.0",
      "name" : "NcpiFamilyTypesVS",
      "title" : "Family Types Codes",
      "status" : "active",
      "date" : "2024-09-10T18:56:29+00:00",
      "expansion" : {
        "identifier" : "urn:uuid:99aa39e1-87f5-490a-a70e-3f3f744fbb24",
        "timestamp" : "2024-09-10T18:57:18+00:00",
        "total" : 6,
        "offset" : 0,
        "parameter" : [{
          "name" : "count",
          "valueInteger" : 1000
        },
        {
          "name" : "offset",
          "valueInteger" : 0
        },
        {
          "name" : "excludeNested",
          "valueBoolean" : false
        },
        {
          "name" : "used-codesystem",
          "valueUri" : "https://nih-ncpi.github.io/ncpi-fhir-ig-2/CodeSystem/ncpi-family-types|0.1.0"
        },
        {
          "name" : "fragment",
          "valueCanonical" : "https://nih-ncpi.github.io/ncpi-fhir-ig-2/CodeSystem/ncpi-family-types|0.1.0"
        }],
        "contains" : [{
          "system" : "https://nih-ncpi.github.io/ncpi-fhir-ig-2/CodeSystem/ncpi-family-types",
          "code" : "Control-only",
          "display" : "Control Only"
        },
        {
          "system" : "https://nih-ncpi.github.io/ncpi-fhir-ig-2/CodeSystem/ncpi-family-types",
          "code" : "Duo",
          "display" : "Duo"
        },
        {
          "system" : "https://nih-ncpi.github.io/ncpi-fhir-ig-2/CodeSystem/ncpi-family-types",
          "code" : "Other",
          "display" : "Other"
        },
        {
          "system" : "https://nih-ncpi.github.io/ncpi-fhir-ig-2/CodeSystem/ncpi-family-types",
          "code" : "Proband-only",
          "display" : "Proband Only"
        },
        {
          "system" : "https://nih-ncpi.github.io/ncpi-fhir-ig-2/CodeSystem/ncpi-family-types",
          "code" : "Trio",
          "display" : "Trio"
        },
        {
          "system" : "https://nih-ncpi.github.io/ncpi-fhir-ig-2/CodeSystem/ncpi-family-types",
          "code" : "Trio+",
          "display" : "Trio+"
        }]
      }
    }
  },
  {
    "fullUrl" : "https://nih-ncpi.github.io/ncpi-fhir-ig-2/ValueSet/research-data-access-code-vs",
    "resource" : {
      "resourceType" : "ValueSet",
      "text" : {
        "status" : "generated",
        "div" : "<div xmlns=\"http://www.w3.org/1999/xhtml\"><p class=\"res-header-id\"><b>Generated Narrative: ValueSet </b></p><p style=\"border: black 1px dotted; background-color: #EEEEEE; padding: 8px; margin-bottom: 8px\">Expansion based on <a href=\"CodeSystem-research-data-access-code.html\">codesystem Research Data Access Codes v0.1.0 (CodeSystem)</a></p><p>This value set contains 10 concepts</p><table class=\"codes\"><tr><td style=\"white-space:nowrap\"><b>Code</b></td><td><b>System</b></td><td><b>Display</b></td></tr><tr><td style=\"white-space:nowrap\"><a name=\"x-https://nih-ncpi.github.io/ncpi-fhir-ig-2/CodeSystem/research-data-access-code-GRU\"> </a>\u00a0\u00a0<a href=\"CodeSystem-research-data-access-code.html#research-data-access-code-GRU\">GRU</a></td><td>https://nih-ncpi.github.io/ncpi-fhir-ig-2/CodeSystem/research-data-access-code</td><td>General Research Use</td></tr><tr><td style=\"white-space:nowrap\"><a name=\"x-https://nih-ncpi.github.io/ncpi-fhir-ig-2/CodeSystem/research-data-access-code-HMB\"> </a>\u00a0\u00a0<a href=\"CodeSystem-research-data-access-code.html#research-data-access-code-HMB\">HMB</a></td><td>https://nih-ncpi.github.io/ncpi-fhir-ig-2/CodeSystem/research-data-access-code</td><td>Health/Medical/Biomedical</td></tr><tr><td style=\"white-space:nowrap\"><a name=\"x-https://nih-ncpi.github.io/ncpi-fhir-ig-2/CodeSystem/research-data-access-code-DS\"> </a>\u00a0\u00a0<a href=\"CodeSystem-research-data-access-code.html#research-data-access-code-DS\">DS</a></td><td>https://nih-ncpi.github.io/ncpi-fhir-ig-2/CodeSystem/research-data-access-code</td><td>Disease-Specific (Disease/Trait/Exposure)</td></tr><tr><td style=\"white-space:nowrap\"><a name=\"x-https://nih-ncpi.github.io/ncpi-fhir-ig-2/CodeSystem/research-data-access-code-IRB\"> </a>\u00a0\u00a0<a href=\"CodeSystem-research-data-access-code.html#research-data-access-code-IRB\">IRB</a></td><td>https://nih-ncpi.github.io/ncpi-fhir-ig-2/CodeSystem/research-data-access-code</td><td>IRB approval required</td></tr><tr><td style=\"white-space:nowrap\"><a name=\"x-https://nih-ncpi.github.io/ncpi-fhir-ig-2/CodeSystem/research-data-access-code-PUB\"> </a>\u00a0\u00a0<a href=\"CodeSystem-research-data-access-code.html#research-data-access-code-PUB\">PUB</a></td><td>https://nih-ncpi.github.io/ncpi-fhir-ig-2/CodeSystem/research-data-access-code</td><td>Publication required</td></tr><tr><td style=\"white-space:nowrap\"><a name=\"x-https://nih-ncpi.github.io/ncpi-fhir-ig-2/CodeSystem/research-data-access-code-COL\"> </a>\u00a0\u00a0<a href=\"CodeSystem-research-data-access-code.html#research-data-access-code-COL\">COL</a></td><td>https://nih-ncpi.github.io/ncpi-fhir-ig-2/CodeSystem/research-data-access-code</td><td>Collaboration Required</td></tr><tr><td style=\"white-space:nowrap\"><a name=\"x-https://nih-ncpi.github.io/ncpi-fhir-ig-2/CodeSystem/research-data-access-code-NPU\"> </a>\u00a0\u00a0<a href=\"CodeSystem-research-data-access-code.html#research-data-access-code-NPU\">NPU</a></td><td>https://nih-ncpi.github.io/ncpi-fhir-ig-2/CodeSystem/research-data-access-code</td><td>Not-for-profit use only</td></tr><tr><td style=\"white-space:nowrap\"><a name=\"x-https://nih-ncpi.github.io/ncpi-fhir-ig-2/CodeSystem/research-data-access-code-MDS\"> </a>\u00a0\u00a0<a href=\"CodeSystem-research-data-access-code.html#research-data-access-code-MDS\">MDS</a></td><td>https://nih-ncpi.github.io/ncpi-fhir-ig-2/CodeSystem/research-data-access-code</td><td>Methods</td></tr><tr><td style=\"white-space:nowrap\"><a name=\"x-https://nih-ncpi.github.io/ncpi-fhir-ig-2/CodeSystem/research-data-access-code-GSO\"> </a>\u00a0\u00a0<a href=\"CodeSystem-research-data-access-code.html#research-data-access-code-GSO\">GSO</a></td><td>https://nih-ncpi.github.io/ncpi-fhir-ig-2/CodeSystem/research-data-access-code</td><td>Genetic studies only</td></tr><tr><td style=\"white-space:nowrap\"><a name=\"x-https://nih-ncpi.github.io/ncpi-fhir-ig-2/CodeSystem/research-data-access-code-GSR\"> </a>\u00a0\u00a0<a href=\"CodeSystem-research-data-access-code.html#research-data-access-code-GSR\">GSR</a></td><td>https://nih-ncpi.github.io/ncpi-fhir-ig-2/CodeSystem/research-data-access-code</td><td>Genomic Summary Results</td></tr></table></div>"
      },
      "url" : "https://nih-ncpi.github.io/ncpi-fhir-ig-2/ValueSet/research-data-access-code-vs",
      "version" : "0.1.0",
      "name" : "ResearchDataAccessCodeVS",
      "title" : "Research Data Access Codes",
      "status" : "draft",
      "experimental" : false,
      "date" : "2024-09-10T18:56:29+00:00",
      "expansion" : {
        "identifier" : "urn:uuid:ef22b7cc-ee6d-406e-ad92-3c1a520820af",
        "timestamp" : "2024-09-10T18:57:18+00:00",
        "total" : 10,
        "offset" : 0,
        "parameter" : [{
          "name" : "count",
          "valueInteger" : 1000
        },
        {
          "name" : "offset",
          "valueInteger" : 0
        },
        {
          "name" : "excludeNested",
          "valueBoolean" : false
        },
        {
          "name" : "used-codesystem",
          "valueUri" : "https://nih-ncpi.github.io/ncpi-fhir-ig-2/CodeSystem/research-data-access-code|0.1.0"
        }],
        "contains" : [{
          "system" : "https://nih-ncpi.github.io/ncpi-fhir-ig-2/CodeSystem/research-data-access-code",
          "code" : "GRU",
          "display" : "General Research Use"
        },
        {
          "system" : "https://nih-ncpi.github.io/ncpi-fhir-ig-2/CodeSystem/research-data-access-code",
          "code" : "HMB",
          "display" : "Health/Medical/Biomedical"
        },
        {
          "system" : "https://nih-ncpi.github.io/ncpi-fhir-ig-2/CodeSystem/research-data-access-code",
          "code" : "DS",
          "display" : "Disease-Specific (Disease/Trait/Exposure)"
        },
        {
          "system" : "https://nih-ncpi.github.io/ncpi-fhir-ig-2/CodeSystem/research-data-access-code",
          "code" : "IRB",
          "display" : "IRB approval required"
        },
        {
          "system" : "https://nih-ncpi.github.io/ncpi-fhir-ig-2/CodeSystem/research-data-access-code",
          "code" : "PUB",
          "display" : "Publication required"
        },
        {
          "system" : "https://nih-ncpi.github.io/ncpi-fhir-ig-2/CodeSystem/research-data-access-code",
          "code" : "COL",
          "display" : "Collaboration Required"
        },
        {
          "system" : "https://nih-ncpi.github.io/ncpi-fhir-ig-2/CodeSystem/research-data-access-code",
          "code" : "NPU",
          "display" : "Not-for-profit use only"
        },
        {
          "system" : "https://nih-ncpi.github.io/ncpi-fhir-ig-2/CodeSystem/research-data-access-code",
          "code" : "MDS",
          "display" : "Methods"
        },
        {
          "system" : "https://nih-ncpi.github.io/ncpi-fhir-ig-2/CodeSystem/research-data-access-code",
          "code" : "GSO",
          "display" : "Genetic studies only"
        },
        {
          "system" : "https://nih-ncpi.github.io/ncpi-fhir-ig-2/CodeSystem/research-data-access-code",
          "code" : "GSR",
          "display" : "Genomic Summary Results"
        }]
      }
    }
  },
  {
    "fullUrl" : "https://nih-ncpi.github.io/ncpi-fhir-ig-2/ValueSet/research-data-access-type-vs",
    "resource" : {
      "resourceType" : "ValueSet",
      "text" : {
        "status" : "generated",
        "div" : "<div xmlns=\"http://www.w3.org/1999/xhtml\"><p class=\"res-header-id\"><b>Generated Narrative: ValueSet </b></p><p style=\"border: black 1px dotted; background-color: #EEEEEE; padding: 8px; margin-bottom: 8px\">Expansion based on <a href=\"CodeSystem-research-data-access-type.html\">codesystem Research Data Access Type Codes v0.1.0 (CodeSystem)</a></p><p>This value set contains 5 concepts</p><table class=\"codes\"><tr><td style=\"white-space:nowrap\"><b>Code</b></td><td><b>System</b></td><td><b>Display</b></td></tr><tr><td style=\"white-space:nowrap\"><a name=\"x-https://nih-ncpi.github.io/ncpi-fhir-ig-2/CodeSystem/research-data-access-type-open\"> </a>\u00a0\u00a0<a href=\"CodeSystem-research-data-access-type.html#research-data-access-type-open\">open</a></td><td>https://nih-ncpi.github.io/ncpi-fhir-ig-2/CodeSystem/research-data-access-type</td><td>Open Access</td></tr><tr><td style=\"white-space:nowrap\"><a name=\"x-https://nih-ncpi.github.io/ncpi-fhir-ig-2/CodeSystem/research-data-access-type-registered\"> </a>\u00a0\u00a0<a href=\"CodeSystem-research-data-access-type.html#research-data-access-type-registered\">registered</a></td><td>https://nih-ncpi.github.io/ncpi-fhir-ig-2/CodeSystem/research-data-access-type</td><td>Registered Access</td></tr><tr><td style=\"white-space:nowrap\"><a name=\"x-https://nih-ncpi.github.io/ncpi-fhir-ig-2/CodeSystem/research-data-access-type-controlled\"> </a>\u00a0\u00a0<a href=\"CodeSystem-research-data-access-type.html#research-data-access-type-controlled\">controlled</a></td><td>https://nih-ncpi.github.io/ncpi-fhir-ig-2/CodeSystem/research-data-access-type</td><td>Controlled</td></tr><tr><td style=\"white-space:nowrap\"><a name=\"x-https://nih-ncpi.github.io/ncpi-fhir-ig-2/CodeSystem/research-data-access-type-gsr-restricted\"> </a>\u00a0\u00a0<a href=\"CodeSystem-research-data-access-type.html#research-data-access-type-gsr-restricted\">gsr-restricted</a></td><td>https://nih-ncpi.github.io/ncpi-fhir-ig-2/CodeSystem/research-data-access-type</td><td>GSR Restricted</td></tr><tr><td style=\"white-space:nowrap\"><a name=\"x-https://nih-ncpi.github.io/ncpi-fhir-ig-2/CodeSystem/research-data-access-type-gsr-allowed\"> </a>\u00a0\u00a0<a href=\"CodeSystem-research-data-access-type.html#research-data-access-type-gsr-allowed\">gsr-allowed</a></td><td>https://nih-ncpi.github.io/ncpi-fhir-ig-2/CodeSystem/research-data-access-type</td><td>GSR Allowed</td></tr></table></div>"
      },
      "url" : "https://nih-ncpi.github.io/ncpi-fhir-ig-2/ValueSet/research-data-access-type-vs",
      "version" : "0.1.0",
      "name" : "ResearchDataAccessTypeVS",
      "title" : "Research Data Access Type Codes",
      "status" : "draft",
      "experimental" : false,
      "date" : "2024-09-10T18:56:29+00:00",
      "expansion" : {
        "identifier" : "urn:uuid:bad6c851-2180-4d99-9cd9-8c3307f03a6f",
        "timestamp" : "2024-09-10T18:57:18+00:00",
        "total" : 5,
        "offset" : 0,
        "parameter" : [{
          "name" : "count",
          "valueInteger" : 1000
        },
        {
          "name" : "offset",
          "valueInteger" : 0
        },
        {
          "name" : "excludeNested",
          "valueBoolean" : false
        },
        {
          "name" : "used-codesystem",
          "valueUri" : "https://nih-ncpi.github.io/ncpi-fhir-ig-2/CodeSystem/research-data-access-type|0.1.0"
        }],
        "contains" : [{
          "system" : "https://nih-ncpi.github.io/ncpi-fhir-ig-2/CodeSystem/research-data-access-type",
          "code" : "open",
          "display" : "Open Access"
        },
        {
          "system" : "https://nih-ncpi.github.io/ncpi-fhir-ig-2/CodeSystem/research-data-access-type",
          "code" : "registered",
          "display" : "Registered Access"
        },
        {
          "system" : "https://nih-ncpi.github.io/ncpi-fhir-ig-2/CodeSystem/research-data-access-type",
          "code" : "controlled",
          "display" : "Controlled"
        },
        {
          "system" : "https://nih-ncpi.github.io/ncpi-fhir-ig-2/CodeSystem/research-data-access-type",
          "code" : "gsr-restricted",
          "display" : "GSR Restricted"
        },
        {
          "system" : "https://nih-ncpi.github.io/ncpi-fhir-ig-2/CodeSystem/research-data-access-type",
          "code" : "gsr-allowed",
          "display" : "GSR Allowed"
        }]
      }
    }
  },
  {
    "fullUrl" : "https://nih-ncpi.github.io/ncpi-fhir-ig-2/ValueSet/research-data-date-of-birth-method-vs",
    "resource" : {
      "resourceType" : "ValueSet",
      "text" : {
        "status" : "generated",
        "div" : "<div xmlns=\"http://www.w3.org/1999/xhtml\"><p class=\"res-header-id\"><b>Generated Narrative: ValueSet </b></p><p style=\"border: black 1px dotted; background-color: #EEEEEE; padding: 8px; margin-bottom: 8px\">Expansion based on <a href=\"http://hl7.org/fhir/R4B/codesystem-title-type.html\">codesystem TitleType v4.3.0 (CodeSystem)</a></p><p>This value set contains 13 concepts</p><table class=\"codes\"><tr><td style=\"white-space:nowrap\"><b>Code</b></td><td><b>System</b></td><td><b>Display</b></td><td><b>Definition</b></td></tr><tr><td style=\"white-space:nowrap\"><a name=\"x-http://terminology.hl7.org/CodeSystem/title-type-primary\"> </a>\u00a0\u00a0<a href=\"http://hl7.org/fhir/R4B/codesystem-title-type.html#title-type-primary\">primary</a></td><td>http://terminology.hl7.org/CodeSystem/title-type</td><td>Primary title</td><td><div><p>Main title for common use. The primary title used for representation if multiple titles exist.</p>\n</div></td></tr><tr><td style=\"white-space:nowrap\"><a name=\"x-http://terminology.hl7.org/CodeSystem/title-type-official\"> </a>\u00a0\u00a0<a href=\"http://hl7.org/fhir/R4B/codesystem-title-type.html#title-type-official\">official</a></td><td>http://terminology.hl7.org/CodeSystem/title-type</td><td>Official title</td><td><div><p>The official or authoritative title.</p>\n</div></td></tr><tr><td style=\"white-space:nowrap\"><a name=\"x-http://terminology.hl7.org/CodeSystem/title-type-scientific\"> </a>\u00a0\u00a0<a href=\"http://hl7.org/fhir/R4B/codesystem-title-type.html#title-type-scientific\">scientific</a></td><td>http://terminology.hl7.org/CodeSystem/title-type</td><td>Scientific title</td><td><div><p>Title using scientific terminology.</p>\n</div></td></tr><tr><td style=\"white-space:nowrap\"><a name=\"x-http://terminology.hl7.org/CodeSystem/title-type-plain-language\"> </a>\u00a0\u00a0<a href=\"http://hl7.org/fhir/R4B/codesystem-title-type.html#title-type-plain-language\">plain-language</a></td><td>http://terminology.hl7.org/CodeSystem/title-type</td><td>Plain language title</td><td><div><p>Title using language common to lay public discourse.</p>\n</div></td></tr><tr><td style=\"white-space:nowrap\"><a name=\"x-http://terminology.hl7.org/CodeSystem/title-type-subtitle\"> </a>\u00a0\u00a0<a href=\"http://hl7.org/fhir/R4B/codesystem-title-type.html#title-type-subtitle\">subtitle</a></td><td>http://terminology.hl7.org/CodeSystem/title-type</td><td>Subtitle</td><td><div><p>Subtitle or secondary title.</p>\n</div></td></tr><tr><td style=\"white-space:nowrap\"><a name=\"x-http://terminology.hl7.org/CodeSystem/title-type-short-title\"> </a>\u00a0\u00a0<a href=\"http://hl7.org/fhir/R4B/codesystem-title-type.html#title-type-short-title\">short-title</a></td><td>http://terminology.hl7.org/CodeSystem/title-type</td><td>Short title</td><td><div><p>Brief title (e.g. 'running title' or title used in page headers)</p>\n</div></td></tr><tr><td style=\"white-space:nowrap\"><a name=\"x-http://terminology.hl7.org/CodeSystem/title-type-acronym\"> </a>\u00a0\u00a0<a href=\"http://hl7.org/fhir/R4B/codesystem-title-type.html#title-type-acronym\">acronym</a></td><td>http://terminology.hl7.org/CodeSystem/title-type</td><td>Acronym</td><td><div><p>Abbreviation used as title</p>\n</div></td></tr><tr><td style=\"white-space:nowrap\"><a name=\"x-http://terminology.hl7.org/CodeSystem/title-type-earlier-title\"> </a>\u00a0\u00a0<a href=\"http://hl7.org/fhir/R4B/codesystem-title-type.html#title-type-earlier-title\">earlier-title</a></td><td>http://terminology.hl7.org/CodeSystem/title-type</td><td>Different text in an earlier version</td><td><div><p>Alternative form of title in an earlier version such as epub ahead of print.</p>\n</div></td></tr><tr><td style=\"white-space:nowrap\"><a name=\"x-http://terminology.hl7.org/CodeSystem/title-type-language\"> </a>\u00a0\u00a0<a href=\"http://hl7.org/fhir/R4B/codesystem-title-type.html#title-type-language\">language</a></td><td>http://terminology.hl7.org/CodeSystem/title-type</td><td>Different language</td><td><div><p>Additional form of title in a different language.</p>\n</div></td></tr><tr><td style=\"white-space:nowrap\"><a name=\"x-http://terminology.hl7.org/CodeSystem/title-type-autotranslated\"> </a>\u00a0\u00a0<a href=\"http://hl7.org/fhir/R4B/codesystem-title-type.html#title-type-autotranslated\">autotranslated</a></td><td>http://terminology.hl7.org/CodeSystem/title-type</td><td>Different language derived from autotranslation</td><td><div><p>Machine translated form of title in a different language, language element codes the language into which it was translated by machine.</p>\n</div></td></tr><tr><td style=\"white-space:nowrap\"><a name=\"x-http://terminology.hl7.org/CodeSystem/title-type-human-use\"> </a>\u00a0\u00a0<a href=\"http://hl7.org/fhir/R4B/codesystem-title-type.html#title-type-human-use\">human-use</a></td><td>http://terminology.hl7.org/CodeSystem/title-type</td><td>Human use</td><td><div><p>Human-friendly title</p>\n</div></td></tr><tr><td style=\"white-space:nowrap\"><a name=\"x-http://terminology.hl7.org/CodeSystem/title-type-machine-use\"> </a>\u00a0\u00a0<a href=\"http://hl7.org/fhir/R4B/codesystem-title-type.html#title-type-machine-use\">machine-use</a></td><td>http://terminology.hl7.org/CodeSystem/title-type</td><td>Machine use</td><td><div><p>Machine-friendly title</p>\n</div></td></tr><tr><td style=\"white-space:nowrap\"><a name=\"x-http://terminology.hl7.org/CodeSystem/title-type-duplicate-uid\"> </a>\u00a0\u00a0<a href=\"http://hl7.org/fhir/R4B/codesystem-title-type.html#title-type-duplicate-uid\">duplicate-uid</a></td><td>http://terminology.hl7.org/CodeSystem/title-type</td><td>Different text for the same object with a different identifier</td><td><div><p>An alternative form of the title in two or more entries, e.g. in multiple medline entries</p>\n</div></td></tr></table></div>"
      },
      "url" : "https://nih-ncpi.github.io/ncpi-fhir-ig-2/ValueSet/research-data-date-of-birth-method-vs",
      "version" : "0.1.0",
      "name" : "ResearchDataDateOfBirthMethodVS",
      "title" : "Enumerations for how DOB was constructed",
      "status" : "draft",
      "date" : "2024-09-10T18:56:29+00:00",
      "expansion" : {
        "identifier" : "urn:uuid:60e6b462-dc97-43c0-9d50-5ff9834f4842",
        "timestamp" : "2024-09-10T18:57:18+00:00",
        "total" : 13,
        "offset" : 0,
        "parameter" : [{
          "name" : "count",
          "valueInteger" : 1000
        },
        {
          "name" : "offset",
          "valueInteger" : 0
        },
        {
          "name" : "excludeNested",
          "valueBoolean" : false
        },
        {
          "name" : "used-codesystem",
          "valueUri" : "http://terminology.hl7.org/CodeSystem/title-type|4.3.0"
        }],
        "contains" : [{
          "system" : "http://terminology.hl7.org/CodeSystem/title-type",
          "code" : "primary",
          "display" : "Primary title"
        },
        {
          "system" : "http://terminology.hl7.org/CodeSystem/title-type",
          "code" : "official",
          "display" : "Official title"
        },
        {
          "system" : "http://terminology.hl7.org/CodeSystem/title-type",
          "code" : "scientific",
          "display" : "Scientific title"
        },
        {
          "system" : "http://terminology.hl7.org/CodeSystem/title-type",
          "code" : "plain-language",
          "display" : "Plain language title"
        },
        {
          "system" : "http://terminology.hl7.org/CodeSystem/title-type",
          "code" : "subtitle",
          "display" : "Subtitle"
        },
        {
          "system" : "http://terminology.hl7.org/CodeSystem/title-type",
          "code" : "short-title",
          "display" : "Short title"
        },
        {
          "system" : "http://terminology.hl7.org/CodeSystem/title-type",
          "code" : "acronym",
          "display" : "Acronym"
        },
        {
          "system" : "http://terminology.hl7.org/CodeSystem/title-type",
          "code" : "earlier-title",
          "display" : "Different text in an earlier version"
        },
        {
          "system" : "http://terminology.hl7.org/CodeSystem/title-type",
          "code" : "language",
          "display" : "Different language"
        },
        {
          "system" : "http://terminology.hl7.org/CodeSystem/title-type",
          "code" : "autotranslated",
          "display" : "Different language derived from autotranslation"
        },
        {
          "system" : "http://terminology.hl7.org/CodeSystem/title-type",
          "code" : "human-use",
          "display" : "Human use"
        },
        {
          "system" : "http://terminology.hl7.org/CodeSystem/title-type",
          "code" : "machine-use",
          "display" : "Machine use"
        },
        {
          "system" : "http://terminology.hl7.org/CodeSystem/title-type",
          "code" : "duplicate-uid",
          "display" : "Different text for the same object with a different identifier"
        }]
      }
    }
  },
  {
    "fullUrl" : "https://nih-ncpi.github.io/ncpi-fhir-ig-2/ValueSet/study-name-type-vs",
    "resource" : {
      "resourceType" : "ValueSet",
      "text" : {
        "status" : "generated",
        "div" : "<div xmlns=\"http://www.w3.org/1999/xhtml\"><p class=\"res-header-id\"><b>Generated Narrative: ValueSet </b></p><p style=\"border: black 1px dotted; background-color: #EEEEEE; padding: 8px; margin-bottom: 8px\">Expansion based on <a href=\"CodeSystem-study-name-type.html\">codesystem Study Name Type v0.1.0 (CodeSystem)</a></p><p>This value set contains 5 concepts</p><table class=\"codes\"><tr><td style=\"white-space:nowrap\"><b>Code</b></td><td><b>System</b></td><td><b>Display</b></td></tr><tr><td style=\"white-space:nowrap\"><a name=\"x-https://nih-ncpi.github.io/ncpi-fhir-ig-2/CodeSystem/study-name-type-formal-title\"> </a>\u00a0\u00a0<a href=\"CodeSystem-study-name-type.html#study-name-type-formal-title\">formal-title</a></td><td>https://nih-ncpi.github.io/ncpi-fhir-ig-2/CodeSystem/study-name-type</td><td>Formal Title</td></tr><tr><td style=\"white-space:nowrap\"><a name=\"x-https://nih-ncpi.github.io/ncpi-fhir-ig-2/CodeSystem/study-name-type-internal-name\"> </a>\u00a0\u00a0<a href=\"CodeSystem-study-name-type.html#study-name-type-internal-name\">internal-name</a></td><td>https://nih-ncpi.github.io/ncpi-fhir-ig-2/CodeSystem/study-name-type</td><td>Internal Name</td></tr><tr><td style=\"white-space:nowrap\"><a name=\"x-https://nih-ncpi.github.io/ncpi-fhir-ig-2/CodeSystem/study-name-type-familiar-ame\"> </a>\u00a0\u00a0<a href=\"CodeSystem-study-name-type.html#study-name-type-familiar-ame\">familiar-ame</a></td><td>https://nih-ncpi.github.io/ncpi-fhir-ig-2/CodeSystem/study-name-type</td><td>Familiar Name (Nickname)</td></tr><tr><td style=\"white-space:nowrap\"><a name=\"x-https://nih-ncpi.github.io/ncpi-fhir-ig-2/CodeSystem/study-name-type-acronym\"> </a>\u00a0\u00a0<a href=\"CodeSystem-study-name-type.html#study-name-type-acronym\">acronym</a></td><td>https://nih-ncpi.github.io/ncpi-fhir-ig-2/CodeSystem/study-name-type</td><td>Acronym</td></tr><tr><td style=\"white-space:nowrap\"><a name=\"x-https://nih-ncpi.github.io/ncpi-fhir-ig-2/CodeSystem/study-name-type-alternative-name\"> </a>\u00a0\u00a0<a href=\"CodeSystem-study-name-type.html#study-name-type-alternative-name\">alternative-name</a></td><td>https://nih-ncpi.github.io/ncpi-fhir-ig-2/CodeSystem/study-name-type</td><td>Alternative Name</td></tr></table></div>"
      },
      "url" : "https://nih-ncpi.github.io/ncpi-fhir-ig-2/ValueSet/study-name-type-vs",
      "version" : "0.1.0",
      "name" : "StudyNameTypeVS",
      "title" : "Study Name Type",
      "status" : "draft",
      "experimental" : false,
      "date" : "2024-09-10T18:56:29+00:00",
      "expansion" : {
        "identifier" : "urn:uuid:2ec0ed9c-e106-4537-aed4-f64699f824fd",
        "timestamp" : "2024-09-10T18:57:18+00:00",
        "total" : 5,
        "offset" : 0,
        "parameter" : [{
          "name" : "count",
          "valueInteger" : 1000
        },
        {
          "name" : "offset",
          "valueInteger" : 0
        },
        {
          "name" : "excludeNested",
          "valueBoolean" : false
        },
        {
          "name" : "used-codesystem",
          "valueUri" : "https://nih-ncpi.github.io/ncpi-fhir-ig-2/CodeSystem/study-name-type|0.1.0"
        }],
        "contains" : [{
          "system" : "https://nih-ncpi.github.io/ncpi-fhir-ig-2/CodeSystem/study-name-type",
          "code" : "formal-title",
          "display" : "Formal Title"
        },
        {
          "system" : "https://nih-ncpi.github.io/ncpi-fhir-ig-2/CodeSystem/study-name-type",
          "code" : "internal-name",
          "display" : "Internal Name"
        },
        {
          "system" : "https://nih-ncpi.github.io/ncpi-fhir-ig-2/CodeSystem/study-name-type",
          "code" : "familiar-ame",
          "display" : "Familiar Name (Nickname)"
        },
        {
          "system" : "https://nih-ncpi.github.io/ncpi-fhir-ig-2/CodeSystem/study-name-type",
          "code" : "acronym",
          "display" : "Acronym"
        },
        {
          "system" : "https://nih-ncpi.github.io/ncpi-fhir-ig-2/CodeSystem/study-name-type",
          "code" : "alternative-name",
          "display" : "Alternative Name"
        }]
      }
    }
  },
  {
    "fullUrl" : "https://nih-ncpi.github.io/ncpi-fhir-ig-2/ValueSet/study-personnel-role-vs",
    "resource" : {
      "resourceType" : "ValueSet",
      "text" : {
        "status" : "generated",
        "div" : "<div xmlns=\"http://www.w3.org/1999/xhtml\"><p class=\"res-header-id\"><b>Generated Narrative: ValueSet </b></p><p style=\"border: black 1px dotted; background-color: #EEEEEE; padding: 8px; margin-bottom: 8px\">Expansion based on <a href=\"CodeSystem-study-personnel-role.html\">codesystem Study Personnel Role v0.1.0 (CodeSystem)</a></p><p>This value set contains 3 concepts</p><table class=\"codes\"><tr><td style=\"white-space:nowrap\"><b>Code</b></td><td><b>System</b></td><td><b>Display</b></td></tr><tr><td style=\"white-space:nowrap\"><a name=\"x-https://nih-ncpi.github.io/ncpi-fhir-ig-2/CodeSystem/study-personnel-role-primary-investigator\"> </a>\u00a0\u00a0<a href=\"CodeSystem-study-personnel-role.html#study-personnel-role-primary-investigator\">primary-investigator</a></td><td>https://nih-ncpi.github.io/ncpi-fhir-ig-2/CodeSystem/study-personnel-role</td><td>Primary Investigator</td></tr><tr><td style=\"white-space:nowrap\"><a name=\"x-https://nih-ncpi.github.io/ncpi-fhir-ig-2/CodeSystem/study-personnel-role-administrator\"> </a>\u00a0\u00a0<a href=\"CodeSystem-study-personnel-role.html#study-personnel-role-administrator\">administrator</a></td><td>https://nih-ncpi.github.io/ncpi-fhir-ig-2/CodeSystem/study-personnel-role</td><td>Administrator</td></tr><tr><td style=\"white-space:nowrap\"><a name=\"x-https://nih-ncpi.github.io/ncpi-fhir-ig-2/CodeSystem/study-personnel-role-collaborator\"> </a>\u00a0\u00a0<a href=\"CodeSystem-study-personnel-role.html#study-personnel-role-collaborator\">collaborator</a></td><td>https://nih-ncpi.github.io/ncpi-fhir-ig-2/CodeSystem/study-personnel-role</td><td>Collaborator</td></tr></table></div>"
      },
      "url" : "https://nih-ncpi.github.io/ncpi-fhir-ig-2/ValueSet/study-personnel-role-vs",
      "version" : "0.1.0",
      "name" : "StudyPersonnelRoleVS",
      "title" : "Study Personnel Role",
      "status" : "draft",
      "experimental" : false,
      "date" : "2024-09-10T18:56:29+00:00",
      "expansion" : {
        "identifier" : "urn:uuid:88aaf017-6914-40ca-8c5b-000bdc88db21",
        "timestamp" : "2024-09-10T18:57:18+00:00",
        "total" : 3,
        "offset" : 0,
        "parameter" : [{
          "name" : "count",
          "valueInteger" : 1000
        },
        {
          "name" : "offset",
          "valueInteger" : 0
        },
        {
          "name" : "excludeNested",
          "valueBoolean" : false
        },
        {
          "name" : "used-codesystem",
          "valueUri" : "https://nih-ncpi.github.io/ncpi-fhir-ig-2/CodeSystem/study-personnel-role|0.1.0"
        }],
        "contains" : [{
          "system" : "https://nih-ncpi.github.io/ncpi-fhir-ig-2/CodeSystem/study-personnel-role",
          "code" : "primary-investigator",
          "display" : "Primary Investigator"
        },
        {
          "system" : "https://nih-ncpi.github.io/ncpi-fhir-ig-2/CodeSystem/study-personnel-role",
          "code" : "administrator",
          "display" : "Administrator"
        },
        {
          "system" : "https://nih-ncpi.github.io/ncpi-fhir-ig-2/CodeSystem/study-personnel-role",
          "code" : "collaborator",
          "display" : "Collaborator"
        }]
      }
    }
  }]
}