{
  "resourceType" : "Bundle",
  "id" : "e137993d-8dca-4757-81de-752c68a1eac1",
  "meta" : {
    "lastUpdated" : "2025-07-22T19:45:52.322+00:00"
  },
  "type" : "collection",
  "entry" : [{
    "fullUrl" : "https://nih-ncpi.github.io/ncpi-fhir-ig-2/ValueSet/collection-type-vs",
    "resource" : {
      "resourceType" : "ValueSet",
      "text" : {
        "status" : "generated",
        "div" : "<div xmlns=\"http://www.w3.org/1999/xhtml\"><p class=\"res-header-id\"/><p style=\"border: black 1px dotted; background-color: #EEEEEE; padding: 8px; margin-bottom: 8px\">Expansion performed internally based on <a href=\"CodeSystem-collection-type.html\">codesystem Collection Type v0.2.0 (CodeSystem)</a></p><p>This value set contains 3 concepts</p><table class=\"codes\"><tr><td style=\"white-space:nowrap\"><b>Code</b></td><td><b>System</b></td><td><b>Display (en-US)</b></td></tr><tr><td style=\"white-space:nowrap\"><a name=\"x-https://nih-ncpi.github.io/ncpi-fhir-ig-2/CodeSystem/collection-type-consortium\"> </a>\u00a0\u00a0<a href=\"CodeSystem-collection-type.html#collection-type-consortium\">consortium</a></td><td>https://nih-ncpi.github.io/ncpi-fhir-ig-2/CodeSystem/collection-type</td><td>Consortium</td></tr><tr><td style=\"white-space:nowrap\"><a name=\"x-https://nih-ncpi.github.io/ncpi-fhir-ig-2/CodeSystem/collection-type-program\"> </a>\u00a0\u00a0<a href=\"CodeSystem-collection-type.html#collection-type-program\">program</a></td><td>https://nih-ncpi.github.io/ncpi-fhir-ig-2/CodeSystem/collection-type</td><td>Program</td></tr><tr><td style=\"white-space:nowrap\"><a name=\"x-https://nih-ncpi.github.io/ncpi-fhir-ig-2/CodeSystem/collection-type-user-defined\"> </a>\u00a0\u00a0<a href=\"CodeSystem-collection-type.html#collection-type-user-defined\">user-defined</a></td><td>https://nih-ncpi.github.io/ncpi-fhir-ig-2/CodeSystem/collection-type</td><td>User Defined</td></tr></table></div>"
      },
      "url" : "https://nih-ncpi.github.io/ncpi-fhir-ig-2/ValueSet/collection-type-vs",
      "version" : "0.2.0",
      "name" : "CollectionTypeVS",
      "title" : "Collection Type",
      "status" : "draft",
      "experimental" : false,
      "date" : "2025-07-22T19:44:39+00:00",
      "expansion" : {
        "identifier" : "urn:uuid:a8038fce-9f64-4d47-b12d-67fd9776c192",
        "timestamp" : "2025-07-22T19:47:15+00:00",
        "total" : 3,
        "offset" : 0,
        "parameter" : [{
          "name" : "displayLanguage",
          "valueCode" : "en-US"
        },
        {
          "name" : "count",
          "valueInteger" : 1000
        },
        {
          "name" : "offset",
          "valueInteger" : 0
        },
        {
          "name" : "excludeNested",
          "valueBoolean" : false
        },
        {
          "name" : "used-codesystem",
          "valueUri" : "https://nih-ncpi.github.io/ncpi-fhir-ig-2/CodeSystem/collection-type|0.2.0"
        }],
        "contains" : [{
          "system" : "https://nih-ncpi.github.io/ncpi-fhir-ig-2/CodeSystem/collection-type",
          "code" : "consortium",
          "display" : "Consortium"
        },
        {
          "system" : "https://nih-ncpi.github.io/ncpi-fhir-ig-2/CodeSystem/collection-type",
          "code" : "program",
          "display" : "Program"
        },
        {
          "system" : "https://nih-ncpi.github.io/ncpi-fhir-ig-2/CodeSystem/collection-type",
          "code" : "user-defined",
          "display" : "User Defined"
        }]
      }
    }
  },
  {
    "fullUrl" : "https://nih-ncpi.github.io/ncpi-fhir-ig-2/ValueSet/condition-type-vs",
    "resource" : {
      "resourceType" : "ValueSet",
      "text" : {
        "status" : "generated",
        "div" : "<div xmlns=\"http://www.w3.org/1999/xhtml\"><p class=\"res-header-id\"/><p style=\"border: black 1px dotted; background-color: #EEEEEE; padding: 8px; margin-bottom: 8px\">Expansion performed internally based on <a href=\"CodeSystem-condition-type.html\">codesystem Type of Condition v0.2.0 (CodeSystem)</a></p><p>This value set contains 6 concepts</p><table class=\"codes\"><tr><td style=\"white-space:nowrap\"><b>Code</b></td><td><b>System</b></td><td><b>Display (en-US)</b></td></tr><tr><td style=\"white-space:nowrap\"><a name=\"x-https://nih-ncpi.github.io/ncpi-fhir-ig-2/CodeSystem/condition-type-Phenotypic-Feature\"> </a>\u00a0\u00a0<a href=\"CodeSystem-condition-type.html#condition-type-Phenotypic-Feature\">Phenotypic-Feature</a></td><td>https://nih-ncpi.github.io/ncpi-fhir-ig-2/CodeSystem/condition-type</td><td>Phenotypic Feature</td></tr><tr><td style=\"white-space:nowrap\"><a name=\"x-https://nih-ncpi.github.io/ncpi-fhir-ig-2/CodeSystem/condition-type-Disease\"> </a>\u00a0\u00a0<a href=\"CodeSystem-condition-type.html#condition-type-Disease\">Disease</a></td><td>https://nih-ncpi.github.io/ncpi-fhir-ig-2/CodeSystem/condition-type</td><td>Disease</td></tr><tr><td style=\"white-space:nowrap\"><a name=\"x-https://nih-ncpi.github.io/ncpi-fhir-ig-2/CodeSystem/condition-type-Comorbidity\"> </a>\u00a0\u00a0<a href=\"CodeSystem-condition-type.html#condition-type-Comorbidity\">Comorbidity</a></td><td>https://nih-ncpi.github.io/ncpi-fhir-ig-2/CodeSystem/condition-type</td><td>Comorbidity</td></tr><tr><td style=\"white-space:nowrap\"><a name=\"x-https://nih-ncpi.github.io/ncpi-fhir-ig-2/CodeSystem/condition-type-Histology\"> </a>\u00a0\u00a0<a href=\"CodeSystem-condition-type.html#condition-type-Histology\">Histology</a></td><td>https://nih-ncpi.github.io/ncpi-fhir-ig-2/CodeSystem/condition-type</td><td>Histology</td></tr><tr><td style=\"white-space:nowrap\"><a name=\"x-https://nih-ncpi.github.io/ncpi-fhir-ig-2/CodeSystem/condition-type-Clinical-Finding\"> </a>\u00a0\u00a0<a href=\"CodeSystem-condition-type.html#condition-type-Clinical-Finding\">Clinical-Finding</a></td><td>https://nih-ncpi.github.io/ncpi-fhir-ig-2/CodeSystem/condition-type</td><td>Clinical Finding</td></tr><tr><td style=\"white-space:nowrap\"><a name=\"x-https://nih-ncpi.github.io/ncpi-fhir-ig-2/CodeSystem/condition-type-EHR-Condition-Code\"> </a>\u00a0\u00a0<a href=\"CodeSystem-condition-type.html#condition-type-EHR-Condition-Code\">EHR-Condition-Code</a></td><td>https://nih-ncpi.github.io/ncpi-fhir-ig-2/CodeSystem/condition-type</td><td>EHR Condition Code</td></tr></table></div>"
      },
      "url" : "https://nih-ncpi.github.io/ncpi-fhir-ig-2/ValueSet/condition-type-vs",
      "version" : "0.2.0",
      "name" : "ConditionTypeVS",
      "title" : "Type of Condition",
      "status" : "draft",
      "experimental" : false,
      "date" : "2025-07-22T19:44:39+00:00",
      "expansion" : {
        "identifier" : "urn:uuid:252fa3bc-8f5f-4ed1-b709-2ba144172dae",
        "timestamp" : "2025-07-22T19:47:16+00:00",
        "total" : 6,
        "offset" : 0,
        "parameter" : [{
          "name" : "displayLanguage",
          "valueCode" : "en-US"
        },
        {
          "name" : "count",
          "valueInteger" : 1000
        },
        {
          "name" : "offset",
          "valueInteger" : 0
        },
        {
          "name" : "excludeNested",
          "valueBoolean" : false
        },
        {
          "name" : "used-codesystem",
          "valueUri" : "https://nih-ncpi.github.io/ncpi-fhir-ig-2/CodeSystem/condition-type|0.2.0"
        }],
        "contains" : [{
          "system" : "https://nih-ncpi.github.io/ncpi-fhir-ig-2/CodeSystem/condition-type",
          "code" : "Phenotypic-Feature",
          "display" : "Phenotypic Feature"
        },
        {
          "system" : "https://nih-ncpi.github.io/ncpi-fhir-ig-2/CodeSystem/condition-type",
          "code" : "Disease",
          "display" : "Disease"
        },
        {
          "system" : "https://nih-ncpi.github.io/ncpi-fhir-ig-2/CodeSystem/condition-type",
          "code" : "Comorbidity",
          "display" : "Comorbidity"
        },
        {
          "system" : "https://nih-ncpi.github.io/ncpi-fhir-ig-2/CodeSystem/condition-type",
          "code" : "Histology",
          "display" : "Histology"
        },
        {
          "system" : "https://nih-ncpi.github.io/ncpi-fhir-ig-2/CodeSystem/condition-type",
          "code" : "Clinical-Finding",
          "display" : "Clinical Finding"
        },
        {
          "system" : "https://nih-ncpi.github.io/ncpi-fhir-ig-2/CodeSystem/condition-type",
          "code" : "EHR-Condition-Code",
          "display" : "EHR Condition Code"
        }]
      }
    }
  },
  {
    "fullUrl" : "https://nih-ncpi.github.io/ncpi-fhir-ig-2/ValueSet/consanguinity-assertion-vs",
    "resource" : {
      "resourceType" : "ValueSet",
      "text" : {
        "status" : "generated",
        "div" : "<div xmlns=\"http://www.w3.org/1999/xhtml\"><p class=\"res-header-id\"/><p style=\"border: black 1px dotted; background-color: #EEEEEE; padding: 8px; margin-bottom: 8px\">Expansion from tx.fhir.org based on SNOMED CT International edition 01-Feb 2025</p><p>This value set contains 4 concepts</p><table class=\"codes\"><tr><td style=\"white-space:nowrap\"><b>Code</b></td><td><b>System</b></td><td><b>Display (en-US)</b></td></tr><tr><td style=\"white-space:nowrap\"><a name=\"x-http://snomed.info/sct-428263003\"> </a>\u00a0\u00a0<a href=\"http://snomed.info/id/428263003\">428263003</a></td><td>http://snomed.info/sct</td><td>NOT suspected (qualifier value)</td></tr><tr><td style=\"white-space:nowrap\"><a name=\"x-http://snomed.info/sct-415684004\"> </a>\u00a0\u00a0<a href=\"http://snomed.info/id/415684004\">415684004</a></td><td>http://snomed.info/sct</td><td>Suspected (qualifier value)</td></tr><tr><td style=\"white-space:nowrap\"><a name=\"x-http://snomed.info/sct-410515003\"> </a>\u00a0\u00a0<a href=\"http://snomed.info/id/410515003\">410515003</a></td><td>http://snomed.info/sct</td><td>Known present (qualifier value)</td></tr><tr><td style=\"white-space:nowrap\"><a name=\"x-http://snomed.info/sct-261665006\"> </a>\u00a0\u00a0<a href=\"http://snomed.info/id/261665006\">261665006</a></td><td>http://snomed.info/sct</td><td>Unknown</td></tr></table></div>"
      },
      "url" : "https://nih-ncpi.github.io/ncpi-fhir-ig-2/ValueSet/consanguinity-assertion-vs",
      "version" : "0.2.0",
      "name" : "ConsanguinityAssertionVS",
      "title" : "Consanguinity Value Codes",
      "status" : "draft",
      "experimental" : false,
      "date" : "2025-07-22T19:44:39+00:00",
      "expansion" : {
        "identifier" : "urn:uuid:a0a0e5d9-c6f1-4289-a6ab-b7460552eec5",
        "timestamp" : "2025-07-22T19:47:16+00:00",
        "total" : 4,
        "offset" : 0,
        "parameter" : [{
          "name" : "displayLanguage",
          "valueCode" : "en-US"
        },
        {
          "name" : "count",
          "valueInteger" : 1000
        },
        {
          "name" : "offset",
          "valueInteger" : 0
        },
        {
          "name" : "excludeNested",
          "valueBoolean" : false
        },
        {
          "name" : "used-valueset",
          "valueUri" : "null"
        },
        {
          "name" : "used-codesystem",
          "valueUri" : "http://snomed.info/sct|http://snomed.info/sct/900000000000207008/version/20250201"
        },
        {
          "name" : "version",
          "valueUri" : "http://snomed.info/sct|http://snomed.info/sct/900000000000207008/version/20250201"
        }],
        "contains" : [{
          "system" : "http://snomed.info/sct",
          "code" : "428263003",
          "display" : "NOT suspected (qualifier value)"
        },
        {
          "system" : "http://snomed.info/sct",
          "code" : "415684004",
          "display" : "Suspected (qualifier value)"
        },
        {
          "system" : "http://snomed.info/sct",
          "code" : "410515003",
          "display" : "Known present (qualifier value)"
        },
        {
          "system" : "http://snomed.info/sct",
          "code" : "261665006",
          "display" : "Unknown"
        }]
      }
    }
  },
  {
    "fullUrl" : "https://nih-ncpi.github.io/ncpi-fhir-ig-2/ValueSet/ncpi-family-types-vs",
    "resource" : {
      "resourceType" : "ValueSet",
      "text" : {
        "status" : "generated",
        "div" : "<div xmlns=\"http://www.w3.org/1999/xhtml\"><p class=\"res-header-id\"/><p style=\"border: black 1px dotted; background-color: #ffcccc; padding: 8px; margin-bottom: 8px\">Expansion based on code system fragment <a href=\"CodeSystem-ncpi-family-types.html\">https://nih-ncpi.github.io/ncpi-fhir-ig-2/CodeSystem/ncpi-family-types NCPI Family Types CodeSystem v0.2.0 (CodeSystem)</a></p><p style=\"border: black 1px dotted; background-color: #EEEEEE; padding: 8px; margin-bottom: 8px\">Expansion performed internally based on <a href=\"CodeSystem-ncpi-family-types.html\">codesystem NCPI Family Types CodeSystem v0.2.0 (CodeSystem)</a></p><p>This value set contains at least 6 concepts</p><table class=\"codes\"><tr><td style=\"white-space:nowrap\"><b>Code</b></td><td><b>System</b></td><td><b>Display (en-US)</b></td></tr><tr><td style=\"white-space:nowrap\"><a name=\"x-https://nih-ncpi.github.io/ncpi-fhir-ig-2/CodeSystem/ncpi-family-types-Control-only\"> </a>\u00a0\u00a0<a href=\"CodeSystem-ncpi-family-types.html#ncpi-family-types-Control-only\">Control-only</a></td><td>https://nih-ncpi.github.io/ncpi-fhir-ig-2/CodeSystem/ncpi-family-types</td><td>Control Only</td></tr><tr><td style=\"white-space:nowrap\"><a name=\"x-https://nih-ncpi.github.io/ncpi-fhir-ig-2/CodeSystem/ncpi-family-types-Duo\"> </a>\u00a0\u00a0<a href=\"CodeSystem-ncpi-family-types.html#ncpi-family-types-Duo\">Duo</a></td><td>https://nih-ncpi.github.io/ncpi-fhir-ig-2/CodeSystem/ncpi-family-types</td><td>Duo</td></tr><tr><td style=\"white-space:nowrap\"><a name=\"x-https://nih-ncpi.github.io/ncpi-fhir-ig-2/CodeSystem/ncpi-family-types-Other\"> </a>\u00a0\u00a0<a href=\"CodeSystem-ncpi-family-types.html#ncpi-family-types-Other\">Other</a></td><td>https://nih-ncpi.github.io/ncpi-fhir-ig-2/CodeSystem/ncpi-family-types</td><td>Other</td></tr><tr><td style=\"white-space:nowrap\"><a name=\"x-https://nih-ncpi.github.io/ncpi-fhir-ig-2/CodeSystem/ncpi-family-types-Proband-only\"> </a>\u00a0\u00a0<a href=\"CodeSystem-ncpi-family-types.html#ncpi-family-types-Proband-only\">Proband-only</a></td><td>https://nih-ncpi.github.io/ncpi-fhir-ig-2/CodeSystem/ncpi-family-types</td><td>Proband Only</td></tr><tr><td style=\"white-space:nowrap\"><a name=\"x-https://nih-ncpi.github.io/ncpi-fhir-ig-2/CodeSystem/ncpi-family-types-Trio\"> </a>\u00a0\u00a0<a href=\"CodeSystem-ncpi-family-types.html#ncpi-family-types-Trio\">Trio</a></td><td>https://nih-ncpi.github.io/ncpi-fhir-ig-2/CodeSystem/ncpi-family-types</td><td>Trio</td></tr><tr><td style=\"white-space:nowrap\"><a name=\"x-https://nih-ncpi.github.io/ncpi-fhir-ig-2/CodeSystem/ncpi-family-types-Trio+\"> </a>\u00a0\u00a0<a href=\"CodeSystem-ncpi-family-types.html#ncpi-family-types-Trio.43\">Trio+</a></td><td>https://nih-ncpi.github.io/ncpi-fhir-ig-2/CodeSystem/ncpi-family-types</td><td>Trio+</td></tr></table></div>"
      },
      "url" : "https://nih-ncpi.github.io/ncpi-fhir-ig-2/ValueSet/ncpi-family-types-vs",
      "version" : "0.2.0",
      "name" : "NcpiFamilyTypesVS",
      "title" : "Family Types Codes",
      "status" : "active",
      "experimental" : false,
      "date" : "2025-07-22T19:44:39+00:00",
      "expansion" : {
        "identifier" : "urn:uuid:e50ada8d-ddeb-4125-a034-07ca307bfb1f",
        "timestamp" : "2025-07-22T19:47:17+00:00",
        "total" : 6,
        "offset" : 0,
        "parameter" : [{
          "name" : "displayLanguage",
          "valueCode" : "en-US"
        },
        {
          "name" : "count",
          "valueInteger" : 1000
        },
        {
          "name" : "offset",
          "valueInteger" : 0
        },
        {
          "name" : "excludeNested",
          "valueBoolean" : false
        },
        {
          "name" : "used-codesystem",
          "valueUri" : "https://nih-ncpi.github.io/ncpi-fhir-ig-2/CodeSystem/ncpi-family-types|0.2.0"
        },
        {
          "name" : "fragment",
          "valueCanonical" : "https://nih-ncpi.github.io/ncpi-fhir-ig-2/CodeSystem/ncpi-family-types|0.2.0"
        }],
        "contains" : [{
          "system" : "https://nih-ncpi.github.io/ncpi-fhir-ig-2/CodeSystem/ncpi-family-types",
          "code" : "Control-only",
          "display" : "Control Only"
        },
        {
          "system" : "https://nih-ncpi.github.io/ncpi-fhir-ig-2/CodeSystem/ncpi-family-types",
          "code" : "Duo",
          "display" : "Duo"
        },
        {
          "system" : "https://nih-ncpi.github.io/ncpi-fhir-ig-2/CodeSystem/ncpi-family-types",
          "code" : "Other",
          "display" : "Other"
        },
        {
          "system" : "https://nih-ncpi.github.io/ncpi-fhir-ig-2/CodeSystem/ncpi-family-types",
          "code" : "Proband-only",
          "display" : "Proband Only"
        },
        {
          "system" : "https://nih-ncpi.github.io/ncpi-fhir-ig-2/CodeSystem/ncpi-family-types",
          "code" : "Trio",
          "display" : "Trio"
        },
        {
          "system" : "https://nih-ncpi.github.io/ncpi-fhir-ig-2/CodeSystem/ncpi-family-types",
          "code" : "Trio+",
          "display" : "Trio+"
        }]
      }
    }
  },
  {
    "fullUrl" : "https://nih-ncpi.github.io/ncpi-fhir-ig-2/ValueSet/phenotypic-feature-assertion-vs",
    "resource" : {
      "resourceType" : "ValueSet",
      "text" : {
        "status" : "generated",
        "div" : "<div xmlns=\"http://www.w3.org/1999/xhtml\"><p class=\"res-header-id\"/><div style=\"border: black 1px dotted; background-color: #EEEEEE; padding: 8px; margin-bottom: 8px\"><p>Expansion from tx.fhir.org based on:</p><ul><li>Loinc v2.80</li><li><a href=\"http://terminology.hl7.org/6.2.0/CodeSystem-v3-NullFlavor.html\">codesystem NullFlavor v3.0.0 (CodeSystem)</a></li><li><a href=\"http://terminology.hl7.org/6.2.0/ValueSet-v3-NullFlavor.html\">valueset NullFlavor v3.0.0 (ValueSet)</a></li></ul></div><p>This value set contains 19 concepts</p><table class=\"codes\"><tr><td style=\"white-space:nowrap\"><b>Code</b></td><td><b>System</b></td><td><b>Display (en-US)</b></td><td><b>Inactive</b></td><td><b>Definition</b></td></tr><tr><td style=\"white-space:nowrap\"><a name=\"x-http://loinc.org-LA9633-4\"> </a>\u00a0\u00a0<a href=\"https://loinc.org/LA9633-4/\">LA9633-4</a></td><td>http://loinc.org</td><td>Present</td><td/><td/></tr><tr><td style=\"white-space:nowrap\"><a name=\"x-http://loinc.org-LA9634-2\"> </a>\u00a0\u00a0<a href=\"https://loinc.org/LA9634-2/\">LA9634-2</a></td><td>http://loinc.org</td><td>Absent</td><td/><td/></tr><tr><td style=\"white-space:nowrap\"><a name=\"x-http://terminology.hl7.org/CodeSystem/v3-NullFlavor-NI\"> </a>\u00a0\u00a0<a href=\"http://terminology.hl7.org/6.2.0/CodeSystem-v3-NullFlavor.html#v3-NullFlavor-NI\">NI</a></td><td>http://terminology.hl7.org/CodeSystem/v3-NullFlavor</td><td>NoInformation</td><td/><td><div><p>**Description:**The value is exceptional (missing, omitted, incomplete, improper). No information as to the reason for being an exceptional value is provided. This is the most general exceptional value. It is also the default exceptional value.</p>\n</div></td></tr><tr><td style=\"white-space:nowrap\"><a name=\"x-http://terminology.hl7.org/CodeSystem/v3-NullFlavor-INV\"> </a>\u00a0\u00a0<a href=\"http://terminology.hl7.org/6.2.0/CodeSystem-v3-NullFlavor.html#v3-NullFlavor-INV\">INV</a></td><td>http://terminology.hl7.org/CodeSystem/v3-NullFlavor</td><td>invalid</td><td/><td><div><p>**Description:**The value as represented in the instance is not a member of the set of permitted data values in the constrained value domain of a variable.</p>\n</div></td></tr><tr><td style=\"white-space:nowrap\"><a name=\"x-http://terminology.hl7.org/CodeSystem/v3-NullFlavor-DER\"> </a>\u00a0\u00a0<a href=\"http://terminology.hl7.org/6.2.0/CodeSystem-v3-NullFlavor.html#v3-NullFlavor-DER\">DER</a></td><td>http://terminology.hl7.org/CodeSystem/v3-NullFlavor</td><td>derived</td><td/><td><div><p>**Description:**An actual value may exist, but it must be derived from the provided information (usually an EXPR generic data type extension will be used to convey the derivation expressionexpression .</p>\n</div></td></tr><tr><td style=\"white-space:nowrap\"><a name=\"x-http://terminology.hl7.org/CodeSystem/v3-NullFlavor-OTH\"> </a>\u00a0\u00a0<a href=\"http://terminology.hl7.org/6.2.0/CodeSystem-v3-NullFlavor.html#v3-NullFlavor-OTH\">OTH</a></td><td>http://terminology.hl7.org/CodeSystem/v3-NullFlavor</td><td>other</td><td/><td><div><p>**Description:**The actual value is not a member of the set of permitted data values in the constrained value domain of a variable. (e.g., concept not provided by required code system).</p>\n<p><strong>Usage Notes</strong>: This flavor and its specializations are most commonly used with the CD datatype and its flavors. However, it may apply to *any* datatype where the constraints of the type are tighter than can be conveyed. For example, a PQ that is for a true measured amount whose units are not supported in UCUM, a need to convey a REAL when the type has been constrained to INT, etc.</p>\n<p>With coded datatypes, this null flavor may only be used if the vocabulary binding has a coding strength of CNE. By definition, all local codes and original text are part of the value set if the coding strength is CWE.</p>\n</div></td></tr><tr><td style=\"white-space:nowrap\"><a name=\"x-http://terminology.hl7.org/CodeSystem/v3-NullFlavor-NINF\"> </a>\u00a0\u00a0<a href=\"http://terminology.hl7.org/6.2.0/CodeSystem-v3-NullFlavor.html#v3-NullFlavor-NINF\">NINF</a></td><td>http://terminology.hl7.org/CodeSystem/v3-NullFlavor</td><td>negative infinity</td><td/><td><div><p>Negative infinity of numbers.</p>\n</div></td></tr><tr><td style=\"white-space:nowrap\"><a name=\"x-http://terminology.hl7.org/CodeSystem/v3-NullFlavor-PINF\"> </a>\u00a0\u00a0<a href=\"http://terminology.hl7.org/6.2.0/CodeSystem-v3-NullFlavor.html#v3-NullFlavor-PINF\">PINF</a></td><td>http://terminology.hl7.org/CodeSystem/v3-NullFlavor</td><td>positive infinity</td><td/><td><div><p>Positive infinity of numbers.</p>\n</div></td></tr><tr><td style=\"white-space:nowrap\"><a name=\"x-http://terminology.hl7.org/CodeSystem/v3-NullFlavor-UNC\"> </a>\u00a0\u00a0<a href=\"http://terminology.hl7.org/6.2.0/CodeSystem-v3-NullFlavor.html#v3-NullFlavor-UNC\">UNC</a></td><td>http://terminology.hl7.org/CodeSystem/v3-NullFlavor</td><td>un-encoded</td><td/><td><div><p><strong>Description:</strong> The actual value has not yet been encoded within the approved value domain.</p>\n<p><strong>Example</strong>: Original text or a local code has been specified but translation or encoding to the approved value set has not yet occurred due to limitations of the sending system. Original text has been captured for a PQ, but not attempt has been made to split the value and unit or to encode the unit in UCUM.</p>\n<p><strong>Usage Notes</strong>: If it is known that it is not possible to encode the concept, OTH should be used instead. However, use of UNC does not necessarily guarantee the concept will be encodable, only that encoding has not been attempted.</p>\n<p>Data type properties such as original text and translations may be present when this null flavor is included.</p>\n</div></td></tr><tr><td style=\"white-space:nowrap\"><a name=\"x-http://terminology.hl7.org/CodeSystem/v3-NullFlavor-MSK\"> </a>\u00a0\u00a0<a href=\"http://terminology.hl7.org/6.2.0/CodeSystem-v3-NullFlavor.html#v3-NullFlavor-MSK\">MSK</a></td><td>http://terminology.hl7.org/CodeSystem/v3-NullFlavor</td><td>masked</td><td/><td><div><p>There is information on this item available but it has not been provided by the sender due to security, privacy or other reasons. There may be an alternate mechanism for gaining access to this information.</p>\n<p>Note: using this null flavor does provide information that may be a breach of confidentiality, even though no detail data is provided. Its primary purpose is for those circumstances where it is necessary to inform the receiver that the information does exist without providing any detail.</p>\n</div></td></tr><tr><td style=\"white-space:nowrap\"><a name=\"x-http://terminology.hl7.org/CodeSystem/v3-NullFlavor-NA\"> </a>\u00a0\u00a0<a href=\"http://terminology.hl7.org/6.2.0/CodeSystem-v3-NullFlavor.html#v3-NullFlavor-NA\">NA</a></td><td>http://terminology.hl7.org/CodeSystem/v3-NullFlavor</td><td>not applicable</td><td/><td><div><p>Known to have no proper value (e.g., last menstrual period for a male).</p>\n</div></td></tr><tr><td style=\"white-space:nowrap\"><a name=\"x-http://terminology.hl7.org/CodeSystem/v3-NullFlavor-UNK\"> </a>\u00a0\u00a0<a href=\"http://terminology.hl7.org/6.2.0/CodeSystem-v3-NullFlavor.html#v3-NullFlavor-UNK\">UNK</a></td><td>http://terminology.hl7.org/CodeSystem/v3-NullFlavor</td><td>unknown</td><td/><td><div><p>**Description:**A proper value is applicable, but not known.</p>\n<p><strong>Usage Notes</strong>: This means the actual value is not known. If the only thing that is unknown is how to properly express the value in the necessary constraints (value set, datatype, etc.), then the OTH or UNC flavor should be used. No properties should be included for a datatype with this property unless:</p>\n<ol>\n<li>Those properties themselves directly translate to a semantic of &quot;unknown&quot;. (E.g. a local code sent as a translation that conveys 'unknown')</li>\n<li>Those properties further qualify the nature of what is unknown. (E.g. specifying a use code of &quot;H&quot; and a URL prefix of &quot;tel:&quot; to convey that it is the home phone number that is unknown.)</li>\n</ol>\n</div></td></tr><tr><td style=\"white-space:nowrap\"><a name=\"x-http://terminology.hl7.org/CodeSystem/v3-NullFlavor-ASKU\"> </a>\u00a0\u00a0<a href=\"http://terminology.hl7.org/6.2.0/CodeSystem-v3-NullFlavor.html#v3-NullFlavor-ASKU\">ASKU</a></td><td>http://terminology.hl7.org/CodeSystem/v3-NullFlavor</td><td>asked but unknown</td><td/><td><div><p>Information was sought but not found (e.g., patient was asked but didn't know)</p>\n</div></td></tr><tr><td style=\"white-space:nowrap\"><a name=\"x-http://terminology.hl7.org/CodeSystem/v3-NullFlavor-NAV\"> </a>\u00a0\u00a0<a href=\"http://terminology.hl7.org/6.2.0/CodeSystem-v3-NullFlavor.html#v3-NullFlavor-NAV\">NAV</a></td><td>http://terminology.hl7.org/CodeSystem/v3-NullFlavor</td><td>temporarily unavailable</td><td/><td><div><p>Information is not available at this time but it is expected that it will be available later.</p>\n</div></td></tr><tr><td style=\"white-space:nowrap\"><a name=\"x-http://terminology.hl7.org/CodeSystem/v3-NullFlavor-NASK\"> </a>\u00a0\u00a0<a href=\"http://terminology.hl7.org/6.2.0/CodeSystem-v3-NullFlavor.html#v3-NullFlavor-NASK\">NASK</a></td><td>http://terminology.hl7.org/CodeSystem/v3-NullFlavor</td><td>not asked</td><td/><td><div><p>This information has not been sought (e.g., patient was not asked)</p>\n</div></td></tr><tr><td style=\"white-space:nowrap\"><a name=\"x-http://terminology.hl7.org/CodeSystem/v3-NullFlavor-NAVU\"> </a>\u00a0\u00a0<a href=\"http://terminology.hl7.org/6.2.0/CodeSystem-v3-NullFlavor.html#v3-NullFlavor-NAVU\">NAVU</a></td><td>http://terminology.hl7.org/CodeSystem/v3-NullFlavor</td><td>Not available</td><td/><td><div><p>Information is not available at this time (with no expectation regarding whether it will or will not be available in the future).</p>\n</div></td></tr><tr><td style=\"white-space:nowrap\"><a name=\"x-http://terminology.hl7.org/CodeSystem/v3-NullFlavor-QS\"> </a>\u00a0\u00a0<a href=\"http://terminology.hl7.org/6.2.0/CodeSystem-v3-NullFlavor.html#v3-NullFlavor-QS\">QS</a></td><td>http://terminology.hl7.org/CodeSystem/v3-NullFlavor</td><td>Sufficient Quantity</td><td/><td><div><p>**Description:**The specific quantity is not known, but is known to be non-zero and is not specified because it makes up the bulk of the material. e.g. 'Add 10mg of ingredient X, 50mg of ingredient Y, and sufficient quantity of water to 100mL.' The null flavor would be used to express the quantity of water.</p>\n</div></td></tr><tr><td style=\"white-space:nowrap\"><a name=\"x-http://terminology.hl7.org/CodeSystem/v3-NullFlavor-TRC\"> </a>\u00a0\u00a0<a href=\"http://terminology.hl7.org/6.2.0/CodeSystem-v3-NullFlavor.html#v3-NullFlavor-TRC\">TRC</a></td><td>http://terminology.hl7.org/CodeSystem/v3-NullFlavor</td><td>trace</td><td/><td><div><p>The content is greater than zero, but too small to be quantified.</p>\n</div></td></tr><tr><td style=\"white-space:nowrap\"><a name=\"x-http://terminology.hl7.org/CodeSystem/v3-NullFlavor-NP\"> </a>\u00a0\u00a0<a href=\"http://terminology.hl7.org/6.2.0/CodeSystem-v3-NullFlavor.html#v3-NullFlavor-NP\">NP</a></td><td>http://terminology.hl7.org/CodeSystem/v3-NullFlavor</td><td>not present</td><td>inactive</td><td><div><p>Value is not present in a message. This is only defined in messages, never in application data! All values not present in the message must be replaced by the applicable default, or no-information (NI) as the default of all defaults.</p>\n</div></td></tr></table></div>"
      },
      "url" : "https://nih-ncpi.github.io/ncpi-fhir-ig-2/ValueSet/phenotypic-feature-assertion-vs",
      "version" : "0.2.0",
      "name" : "PhenotypicFeatureAssertionVS",
      "title" : "Assertion of Phenotypic Feature Codes",
      "status" : "draft",
      "experimental" : false,
      "date" : "2025-07-22T19:44:39+00:00",
      "expansion" : {
        "identifier" : "urn:uuid:40033f3e-7561-4cf9-87c9-1a713995c13a",
        "timestamp" : "2025-07-22T19:47:17+00:00",
        "total" : 19,
        "offset" : 0,
        "parameter" : [{
          "name" : "displayLanguage",
          "valueCode" : "en-US"
        },
        {
          "name" : "count",
          "valueInteger" : 1000
        },
        {
          "name" : "offset",
          "valueInteger" : 0
        },
        {
          "name" : "excludeNested",
          "valueBoolean" : false
        },
        {
          "name" : "used-valueset",
          "valueUri" : "null"
        },
        {
          "name" : "used-codesystem",
          "valueUri" : "http://loinc.org|2.80"
        },
        {
          "name" : "version",
          "valueUri" : "http://loinc.org|2.80"
        },
        {
          "name" : "used-valueset",
          "valueUri" : "http://terminology.hl7.org/ValueSet/v3-NullFlavor|3.0.0"
        },
        {
          "name" : "used-codesystem",
          "valueUri" : "http://terminology.hl7.org/CodeSystem/v3-NullFlavor|3.0.0"
        }],
        "contains" : [{
          "system" : "http://loinc.org",
          "code" : "LA9633-4",
          "display" : "Present"
        },
        {
          "system" : "http://loinc.org",
          "code" : "LA9634-2",
          "display" : "Absent"
        },
        {
          "system" : "http://terminology.hl7.org/CodeSystem/v3-NullFlavor",
          "code" : "NI",
          "display" : "NoInformation"
        },
        {
          "system" : "http://terminology.hl7.org/CodeSystem/v3-NullFlavor",
          "code" : "INV",
          "display" : "invalid"
        },
        {
          "system" : "http://terminology.hl7.org/CodeSystem/v3-NullFlavor",
          "code" : "DER",
          "display" : "derived"
        },
        {
          "system" : "http://terminology.hl7.org/CodeSystem/v3-NullFlavor",
          "code" : "OTH",
          "display" : "other"
        },
        {
          "system" : "http://terminology.hl7.org/CodeSystem/v3-NullFlavor",
          "code" : "NINF",
          "display" : "negative infinity"
        },
        {
          "system" : "http://terminology.hl7.org/CodeSystem/v3-NullFlavor",
          "code" : "PINF",
          "display" : "positive infinity"
        },
        {
          "system" : "http://terminology.hl7.org/CodeSystem/v3-NullFlavor",
          "code" : "UNC",
          "display" : "un-encoded"
        },
        {
          "system" : "http://terminology.hl7.org/CodeSystem/v3-NullFlavor",
          "code" : "MSK",
          "display" : "masked"
        },
        {
          "system" : "http://terminology.hl7.org/CodeSystem/v3-NullFlavor",
          "code" : "NA",
          "display" : "not applicable"
        },
        {
          "system" : "http://terminology.hl7.org/CodeSystem/v3-NullFlavor",
          "code" : "UNK",
          "display" : "unknown"
        },
        {
          "system" : "http://terminology.hl7.org/CodeSystem/v3-NullFlavor",
          "code" : "ASKU",
          "display" : "asked but unknown"
        },
        {
          "system" : "http://terminology.hl7.org/CodeSystem/v3-NullFlavor",
          "code" : "NAV",
          "display" : "temporarily unavailable"
        },
        {
          "system" : "http://terminology.hl7.org/CodeSystem/v3-NullFlavor",
          "code" : "NASK",
          "display" : "not asked"
        },
        {
          "system" : "http://terminology.hl7.org/CodeSystem/v3-NullFlavor",
          "code" : "NAVU",
          "display" : "Not available"
        },
        {
          "system" : "http://terminology.hl7.org/CodeSystem/v3-NullFlavor",
          "code" : "QS",
          "display" : "Sufficient Quantity"
        },
        {
          "system" : "http://terminology.hl7.org/CodeSystem/v3-NullFlavor",
          "code" : "TRC",
          "display" : "trace"
        },
        {
          "system" : "http://terminology.hl7.org/CodeSystem/v3-NullFlavor",
          "inactive" : true,
          "code" : "NP",
          "display" : "not present"
        }]
      }
    }
  },
  {
    "fullUrl" : "https://nih-ncpi.github.io/ncpi-fhir-ig-2/ValueSet/research-data-access-code-vs",
    "resource" : {
      "resourceType" : "ValueSet",
      "text" : {
        "status" : "generated",
        "div" : "<div xmlns=\"http://www.w3.org/1999/xhtml\"><p class=\"res-header-id\"/><p style=\"border: black 1px dotted; background-color: #EEEEEE; padding: 8px; margin-bottom: 8px\">Expansion performed internally based on <a href=\"CodeSystem-research-data-access-code.html\">codesystem Research Data Access Codes v0.2.0 (CodeSystem)</a></p><p>This value set contains 10 concepts</p><table class=\"codes\"><tr><td style=\"white-space:nowrap\"><b>Code</b></td><td><b>System</b></td><td><b>Display (en-US)</b></td></tr><tr><td style=\"white-space:nowrap\"><a name=\"x-https://nih-ncpi.github.io/ncpi-fhir-ig-2/CodeSystem/research-data-access-code-GRU\"> </a>\u00a0\u00a0<a href=\"CodeSystem-research-data-access-code.html#research-data-access-code-GRU\">GRU</a></td><td>https://nih-ncpi.github.io/ncpi-fhir-ig-2/CodeSystem/research-data-access-code</td><td>General Research Use</td></tr><tr><td style=\"white-space:nowrap\"><a name=\"x-https://nih-ncpi.github.io/ncpi-fhir-ig-2/CodeSystem/research-data-access-code-HMB\"> </a>\u00a0\u00a0<a href=\"CodeSystem-research-data-access-code.html#research-data-access-code-HMB\">HMB</a></td><td>https://nih-ncpi.github.io/ncpi-fhir-ig-2/CodeSystem/research-data-access-code</td><td>Health/Medical/Biomedical</td></tr><tr><td style=\"white-space:nowrap\"><a name=\"x-https://nih-ncpi.github.io/ncpi-fhir-ig-2/CodeSystem/research-data-access-code-DS\"> </a>\u00a0\u00a0<a href=\"CodeSystem-research-data-access-code.html#research-data-access-code-DS\">DS</a></td><td>https://nih-ncpi.github.io/ncpi-fhir-ig-2/CodeSystem/research-data-access-code</td><td>Disease-Specific (Disease/Trait/Exposure)</td></tr><tr><td style=\"white-space:nowrap\"><a name=\"x-https://nih-ncpi.github.io/ncpi-fhir-ig-2/CodeSystem/research-data-access-code-IRB\"> </a>\u00a0\u00a0<a href=\"CodeSystem-research-data-access-code.html#research-data-access-code-IRB\">IRB</a></td><td>https://nih-ncpi.github.io/ncpi-fhir-ig-2/CodeSystem/research-data-access-code</td><td>IRB approval required</td></tr><tr><td style=\"white-space:nowrap\"><a name=\"x-https://nih-ncpi.github.io/ncpi-fhir-ig-2/CodeSystem/research-data-access-code-PUB\"> </a>\u00a0\u00a0<a href=\"CodeSystem-research-data-access-code.html#research-data-access-code-PUB\">PUB</a></td><td>https://nih-ncpi.github.io/ncpi-fhir-ig-2/CodeSystem/research-data-access-code</td><td>Publication required</td></tr><tr><td style=\"white-space:nowrap\"><a name=\"x-https://nih-ncpi.github.io/ncpi-fhir-ig-2/CodeSystem/research-data-access-code-COL\"> </a>\u00a0\u00a0<a href=\"CodeSystem-research-data-access-code.html#research-data-access-code-COL\">COL</a></td><td>https://nih-ncpi.github.io/ncpi-fhir-ig-2/CodeSystem/research-data-access-code</td><td>Collaboration Required</td></tr><tr><td style=\"white-space:nowrap\"><a name=\"x-https://nih-ncpi.github.io/ncpi-fhir-ig-2/CodeSystem/research-data-access-code-NPU\"> </a>\u00a0\u00a0<a href=\"CodeSystem-research-data-access-code.html#research-data-access-code-NPU\">NPU</a></td><td>https://nih-ncpi.github.io/ncpi-fhir-ig-2/CodeSystem/research-data-access-code</td><td>Not-for-profit use only</td></tr><tr><td style=\"white-space:nowrap\"><a name=\"x-https://nih-ncpi.github.io/ncpi-fhir-ig-2/CodeSystem/research-data-access-code-MDS\"> </a>\u00a0\u00a0<a href=\"CodeSystem-research-data-access-code.html#research-data-access-code-MDS\">MDS</a></td><td>https://nih-ncpi.github.io/ncpi-fhir-ig-2/CodeSystem/research-data-access-code</td><td>Methods</td></tr><tr><td style=\"white-space:nowrap\"><a name=\"x-https://nih-ncpi.github.io/ncpi-fhir-ig-2/CodeSystem/research-data-access-code-GSO\"> </a>\u00a0\u00a0<a href=\"CodeSystem-research-data-access-code.html#research-data-access-code-GSO\">GSO</a></td><td>https://nih-ncpi.github.io/ncpi-fhir-ig-2/CodeSystem/research-data-access-code</td><td>Genetic studies only</td></tr><tr><td style=\"white-space:nowrap\"><a name=\"x-https://nih-ncpi.github.io/ncpi-fhir-ig-2/CodeSystem/research-data-access-code-GSR\"> </a>\u00a0\u00a0<a href=\"CodeSystem-research-data-access-code.html#research-data-access-code-GSR\">GSR</a></td><td>https://nih-ncpi.github.io/ncpi-fhir-ig-2/CodeSystem/research-data-access-code</td><td>Genomic Summary Results</td></tr></table></div>"
      },
      "url" : "https://nih-ncpi.github.io/ncpi-fhir-ig-2/ValueSet/research-data-access-code-vs",
      "version" : "0.2.0",
      "name" : "ResearchDataAccessCodeVS",
      "title" : "Research Data Access Codes",
      "status" : "draft",
      "experimental" : false,
      "date" : "2025-07-22T19:44:39+00:00",
      "expansion" : {
        "identifier" : "urn:uuid:fdb8b690-7b69-40c4-932a-6f5bfba70d0c",
        "timestamp" : "2025-07-22T19:47:18+00:00",
        "total" : 10,
        "offset" : 0,
        "parameter" : [{
          "name" : "displayLanguage",
          "valueCode" : "en-US"
        },
        {
          "name" : "count",
          "valueInteger" : 1000
        },
        {
          "name" : "offset",
          "valueInteger" : 0
        },
        {
          "name" : "excludeNested",
          "valueBoolean" : false
        },
        {
          "name" : "used-codesystem",
          "valueUri" : "https://nih-ncpi.github.io/ncpi-fhir-ig-2/CodeSystem/research-data-access-code|0.2.0"
        }],
        "contains" : [{
          "system" : "https://nih-ncpi.github.io/ncpi-fhir-ig-2/CodeSystem/research-data-access-code",
          "code" : "GRU",
          "display" : "General Research Use"
        },
        {
          "system" : "https://nih-ncpi.github.io/ncpi-fhir-ig-2/CodeSystem/research-data-access-code",
          "code" : "HMB",
          "display" : "Health/Medical/Biomedical"
        },
        {
          "system" : "https://nih-ncpi.github.io/ncpi-fhir-ig-2/CodeSystem/research-data-access-code",
          "code" : "DS",
          "display" : "Disease-Specific (Disease/Trait/Exposure)"
        },
        {
          "system" : "https://nih-ncpi.github.io/ncpi-fhir-ig-2/CodeSystem/research-data-access-code",
          "code" : "IRB",
          "display" : "IRB approval required"
        },
        {
          "system" : "https://nih-ncpi.github.io/ncpi-fhir-ig-2/CodeSystem/research-data-access-code",
          "code" : "PUB",
          "display" : "Publication required"
        },
        {
          "system" : "https://nih-ncpi.github.io/ncpi-fhir-ig-2/CodeSystem/research-data-access-code",
          "code" : "COL",
          "display" : "Collaboration Required"
        },
        {
          "system" : "https://nih-ncpi.github.io/ncpi-fhir-ig-2/CodeSystem/research-data-access-code",
          "code" : "NPU",
          "display" : "Not-for-profit use only"
        },
        {
          "system" : "https://nih-ncpi.github.io/ncpi-fhir-ig-2/CodeSystem/research-data-access-code",
          "code" : "MDS",
          "display" : "Methods"
        },
        {
          "system" : "https://nih-ncpi.github.io/ncpi-fhir-ig-2/CodeSystem/research-data-access-code",
          "code" : "GSO",
          "display" : "Genetic studies only"
        },
        {
          "system" : "https://nih-ncpi.github.io/ncpi-fhir-ig-2/CodeSystem/research-data-access-code",
          "code" : "GSR",
          "display" : "Genomic Summary Results"
        }]
      }
    }
  },
  {
    "fullUrl" : "https://nih-ncpi.github.io/ncpi-fhir-ig-2/ValueSet/research-data-access-type-vs",
    "resource" : {
      "resourceType" : "ValueSet",
      "text" : {
        "status" : "generated",
        "div" : "<div xmlns=\"http://www.w3.org/1999/xhtml\"><p class=\"res-header-id\"/><p style=\"border: black 1px dotted; background-color: #EEEEEE; padding: 8px; margin-bottom: 8px\">Expansion performed internally based on <a href=\"CodeSystem-research-data-access-type.html\">codesystem Research Data Access Type Codes v0.2.0 (CodeSystem)</a></p><p>This value set contains 5 concepts</p><table class=\"codes\"><tr><td style=\"white-space:nowrap\"><b>Code</b></td><td><b>System</b></td><td><b>Display (en-US)</b></td></tr><tr><td style=\"white-space:nowrap\"><a name=\"x-https://nih-ncpi.github.io/ncpi-fhir-ig-2/CodeSystem/research-data-access-type-open\"> </a>\u00a0\u00a0<a href=\"CodeSystem-research-data-access-type.html#research-data-access-type-open\">open</a></td><td>https://nih-ncpi.github.io/ncpi-fhir-ig-2/CodeSystem/research-data-access-type</td><td>Open Access</td></tr><tr><td style=\"white-space:nowrap\"><a name=\"x-https://nih-ncpi.github.io/ncpi-fhir-ig-2/CodeSystem/research-data-access-type-registered\"> </a>\u00a0\u00a0<a href=\"CodeSystem-research-data-access-type.html#research-data-access-type-registered\">registered</a></td><td>https://nih-ncpi.github.io/ncpi-fhir-ig-2/CodeSystem/research-data-access-type</td><td>Registered Access</td></tr><tr><td style=\"white-space:nowrap\"><a name=\"x-https://nih-ncpi.github.io/ncpi-fhir-ig-2/CodeSystem/research-data-access-type-controlled\"> </a>\u00a0\u00a0<a href=\"CodeSystem-research-data-access-type.html#research-data-access-type-controlled\">controlled</a></td><td>https://nih-ncpi.github.io/ncpi-fhir-ig-2/CodeSystem/research-data-access-type</td><td>Controlled</td></tr><tr><td style=\"white-space:nowrap\"><a name=\"x-https://nih-ncpi.github.io/ncpi-fhir-ig-2/CodeSystem/research-data-access-type-gsr-restricted\"> </a>\u00a0\u00a0<a href=\"CodeSystem-research-data-access-type.html#research-data-access-type-gsr-restricted\">gsr-restricted</a></td><td>https://nih-ncpi.github.io/ncpi-fhir-ig-2/CodeSystem/research-data-access-type</td><td>GSR Restricted</td></tr><tr><td style=\"white-space:nowrap\"><a name=\"x-https://nih-ncpi.github.io/ncpi-fhir-ig-2/CodeSystem/research-data-access-type-gsr-allowed\"> </a>\u00a0\u00a0<a href=\"CodeSystem-research-data-access-type.html#research-data-access-type-gsr-allowed\">gsr-allowed</a></td><td>https://nih-ncpi.github.io/ncpi-fhir-ig-2/CodeSystem/research-data-access-type</td><td>GSR Allowed</td></tr></table></div>"
      },
      "url" : "https://nih-ncpi.github.io/ncpi-fhir-ig-2/ValueSet/research-data-access-type-vs",
      "version" : "0.2.0",
      "name" : "ResearchDataAccessTypeVS",
      "title" : "Research Data Access Type Codes",
      "status" : "draft",
      "experimental" : false,
      "date" : "2025-07-22T19:44:39+00:00",
      "expansion" : {
        "identifier" : "urn:uuid:5a63563a-fe12-4ffc-9c2e-d92912185ccb",
        "timestamp" : "2025-07-22T19:47:18+00:00",
        "total" : 5,
        "offset" : 0,
        "parameter" : [{
          "name" : "displayLanguage",
          "valueCode" : "en-US"
        },
        {
          "name" : "count",
          "valueInteger" : 1000
        },
        {
          "name" : "offset",
          "valueInteger" : 0
        },
        {
          "name" : "excludeNested",
          "valueBoolean" : false
        },
        {
          "name" : "used-codesystem",
          "valueUri" : "https://nih-ncpi.github.io/ncpi-fhir-ig-2/CodeSystem/research-data-access-type|0.2.0"
        }],
        "contains" : [{
          "system" : "https://nih-ncpi.github.io/ncpi-fhir-ig-2/CodeSystem/research-data-access-type",
          "code" : "open",
          "display" : "Open Access"
        },
        {
          "system" : "https://nih-ncpi.github.io/ncpi-fhir-ig-2/CodeSystem/research-data-access-type",
          "code" : "registered",
          "display" : "Registered Access"
        },
        {
          "system" : "https://nih-ncpi.github.io/ncpi-fhir-ig-2/CodeSystem/research-data-access-type",
          "code" : "controlled",
          "display" : "Controlled"
        },
        {
          "system" : "https://nih-ncpi.github.io/ncpi-fhir-ig-2/CodeSystem/research-data-access-type",
          "code" : "gsr-restricted",
          "display" : "GSR Restricted"
        },
        {
          "system" : "https://nih-ncpi.github.io/ncpi-fhir-ig-2/CodeSystem/research-data-access-type",
          "code" : "gsr-allowed",
          "display" : "GSR Allowed"
        }]
      }
    }
  },
  {
    "fullUrl" : "https://nih-ncpi.github.io/ncpi-fhir-ig-2/ValueSet/research-data-date-of-birth-method-vs",
    "resource" : {
      "resourceType" : "ValueSet",
      "text" : {
        "status" : "generated",
        "div" : "<div xmlns=\"http://www.w3.org/1999/xhtml\"><p class=\"res-header-id\"/><p style=\"border: black 1px dotted; background-color: #EEEEEE; padding: 8px; margin-bottom: 8px\">Expansion performed internally based on <a href=\"CodeSystem-research-data-date-of-birth-method.html\">codesystem Enumerations for how DOB was constructed v0.2.0 (CodeSystem)</a></p><p>This value set contains 5 concepts</p><table class=\"codes\"><tr><td style=\"white-space:nowrap\"><b>Code</b></td><td><b>System</b></td><td><b>Display (en-US)</b></td></tr><tr><td style=\"white-space:nowrap\"><a name=\"x-https://nih-ncpi.github.io/ncpi-fhir-ig-2/CodeSystem/research-data-date-of-birth-method-exact\"> </a>\u00a0\u00a0<a href=\"CodeSystem-research-data-date-of-birth-method.html#research-data-date-of-birth-method-exact\">exact</a></td><td>https://nih-ncpi.github.io/ncpi-fhir-ig-2/CodeSystem/research-data-date-of-birth-method</td><td>Exact</td></tr><tr><td style=\"white-space:nowrap\"><a name=\"x-https://nih-ncpi.github.io/ncpi-fhir-ig-2/CodeSystem/research-data-date-of-birth-method-year-only\"> </a>\u00a0\u00a0<a href=\"CodeSystem-research-data-date-of-birth-method.html#research-data-date-of-birth-method-year-only\">year-only</a></td><td>https://nih-ncpi.github.io/ncpi-fhir-ig-2/CodeSystem/research-data-date-of-birth-method</td><td>Year Only</td></tr><tr><td style=\"white-space:nowrap\"><a name=\"x-https://nih-ncpi.github.io/ncpi-fhir-ig-2/CodeSystem/research-data-date-of-birth-method-shifted\"> </a>\u00a0\u00a0<a href=\"CodeSystem-research-data-date-of-birth-method.html#research-data-date-of-birth-method-shifted\">shifted</a></td><td>https://nih-ncpi.github.io/ncpi-fhir-ig-2/CodeSystem/research-data-date-of-birth-method</td><td>Shifted</td></tr><tr><td style=\"white-space:nowrap\"><a name=\"x-https://nih-ncpi.github.io/ncpi-fhir-ig-2/CodeSystem/research-data-date-of-birth-method-decade-only\"> </a>\u00a0\u00a0<a href=\"CodeSystem-research-data-date-of-birth-method.html#research-data-date-of-birth-method-decade-only\">decade-only</a></td><td>https://nih-ncpi.github.io/ncpi-fhir-ig-2/CodeSystem/research-data-date-of-birth-method</td><td>Decade Only</td></tr><tr><td style=\"white-space:nowrap\"><a name=\"x-https://nih-ncpi.github.io/ncpi-fhir-ig-2/CodeSystem/research-data-date-of-birth-method-other\"> </a>\u00a0\u00a0<a href=\"CodeSystem-research-data-date-of-birth-method.html#research-data-date-of-birth-method-other\">other</a></td><td>https://nih-ncpi.github.io/ncpi-fhir-ig-2/CodeSystem/research-data-date-of-birth-method</td><td>Other</td></tr></table></div>"
      },
      "url" : "https://nih-ncpi.github.io/ncpi-fhir-ig-2/ValueSet/research-data-date-of-birth-method-vs",
      "version" : "0.2.0",
      "name" : "ResearchDataDateOfBirthMethodVS",
      "title" : "Enumerations for how DOB was constructed",
      "status" : "draft",
      "experimental" : false,
      "date" : "2025-07-22T19:44:39+00:00",
      "expansion" : {
        "identifier" : "urn:uuid:724129f0-ead8-4f05-92a6-d7c23fdb67d3",
        "timestamp" : "2025-07-22T19:47:18+00:00",
        "total" : 5,
        "offset" : 0,
        "parameter" : [{
          "name" : "displayLanguage",
          "valueCode" : "en-US"
        },
        {
          "name" : "count",
          "valueInteger" : 1000
        },
        {
          "name" : "offset",
          "valueInteger" : 0
        },
        {
          "name" : "excludeNested",
          "valueBoolean" : false
        },
        {
          "name" : "used-codesystem",
          "valueUri" : "https://nih-ncpi.github.io/ncpi-fhir-ig-2/CodeSystem/research-data-date-of-birth-method|0.2.0"
        }],
        "contains" : [{
          "system" : "https://nih-ncpi.github.io/ncpi-fhir-ig-2/CodeSystem/research-data-date-of-birth-method",
          "code" : "exact",
          "display" : "Exact"
        },
        {
          "system" : "https://nih-ncpi.github.io/ncpi-fhir-ig-2/CodeSystem/research-data-date-of-birth-method",
          "code" : "year-only",
          "display" : "Year Only"
        },
        {
          "system" : "https://nih-ncpi.github.io/ncpi-fhir-ig-2/CodeSystem/research-data-date-of-birth-method",
          "code" : "shifted",
          "display" : "Shifted"
        },
        {
          "system" : "https://nih-ncpi.github.io/ncpi-fhir-ig-2/CodeSystem/research-data-date-of-birth-method",
          "code" : "decade-only",
          "display" : "Decade Only"
        },
        {
          "system" : "https://nih-ncpi.github.io/ncpi-fhir-ig-2/CodeSystem/research-data-date-of-birth-method",
          "code" : "other",
          "display" : "Other"
        }]
      }
    }
  },
  {
    "fullUrl" : "https://nih-ncpi.github.io/ncpi-fhir-ig-2/ValueSet/study-name-type-vs",
    "resource" : {
      "resourceType" : "ValueSet",
      "text" : {
        "status" : "generated",
        "div" : "<div xmlns=\"http://www.w3.org/1999/xhtml\"><p class=\"res-header-id\"/><p style=\"border: black 1px dotted; background-color: #EEEEEE; padding: 8px; margin-bottom: 8px\">Expansion performed internally based on <a href=\"CodeSystem-study-name-type.html\">codesystem Study Name Type v0.2.0 (CodeSystem)</a></p><p>This value set contains 5 concepts</p><table class=\"codes\"><tr><td style=\"white-space:nowrap\"><b>Code</b></td><td><b>System</b></td><td><b>Display (en-US)</b></td></tr><tr><td style=\"white-space:nowrap\"><a name=\"x-https://nih-ncpi.github.io/ncpi-fhir-ig-2/CodeSystem/study-name-type-formal-title\"> </a>\u00a0\u00a0<a href=\"CodeSystem-study-name-type.html#study-name-type-formal-title\">formal-title</a></td><td>https://nih-ncpi.github.io/ncpi-fhir-ig-2/CodeSystem/study-name-type</td><td>Formal Title</td></tr><tr><td style=\"white-space:nowrap\"><a name=\"x-https://nih-ncpi.github.io/ncpi-fhir-ig-2/CodeSystem/study-name-type-internal-name\"> </a>\u00a0\u00a0<a href=\"CodeSystem-study-name-type.html#study-name-type-internal-name\">internal-name</a></td><td>https://nih-ncpi.github.io/ncpi-fhir-ig-2/CodeSystem/study-name-type</td><td>Internal Name</td></tr><tr><td style=\"white-space:nowrap\"><a name=\"x-https://nih-ncpi.github.io/ncpi-fhir-ig-2/CodeSystem/study-name-type-familiar-ame\"> </a>\u00a0\u00a0<a href=\"CodeSystem-study-name-type.html#study-name-type-familiar-ame\">familiar-ame</a></td><td>https://nih-ncpi.github.io/ncpi-fhir-ig-2/CodeSystem/study-name-type</td><td>Familiar Name (Nickname)</td></tr><tr><td style=\"white-space:nowrap\"><a name=\"x-https://nih-ncpi.github.io/ncpi-fhir-ig-2/CodeSystem/study-name-type-acronym\"> </a>\u00a0\u00a0<a href=\"CodeSystem-study-name-type.html#study-name-type-acronym\">acronym</a></td><td>https://nih-ncpi.github.io/ncpi-fhir-ig-2/CodeSystem/study-name-type</td><td>Acronym</td></tr><tr><td style=\"white-space:nowrap\"><a name=\"x-https://nih-ncpi.github.io/ncpi-fhir-ig-2/CodeSystem/study-name-type-alternative-name\"> </a>\u00a0\u00a0<a href=\"CodeSystem-study-name-type.html#study-name-type-alternative-name\">alternative-name</a></td><td>https://nih-ncpi.github.io/ncpi-fhir-ig-2/CodeSystem/study-name-type</td><td>Alternative Name</td></tr></table></div>"
      },
      "url" : "https://nih-ncpi.github.io/ncpi-fhir-ig-2/ValueSet/study-name-type-vs",
      "version" : "0.2.0",
      "name" : "StudyNameTypeVS",
      "title" : "Study Name Type",
      "status" : "draft",
      "experimental" : false,
      "date" : "2025-07-22T19:44:39+00:00",
      "expansion" : {
        "identifier" : "urn:uuid:426c0c69-87f9-4aee-9718-993fbd03ce1e",
        "timestamp" : "2025-07-22T19:47:18+00:00",
        "total" : 5,
        "offset" : 0,
        "parameter" : [{
          "name" : "displayLanguage",
          "valueCode" : "en-US"
        },
        {
          "name" : "count",
          "valueInteger" : 1000
        },
        {
          "name" : "offset",
          "valueInteger" : 0
        },
        {
          "name" : "excludeNested",
          "valueBoolean" : false
        },
        {
          "name" : "used-codesystem",
          "valueUri" : "https://nih-ncpi.github.io/ncpi-fhir-ig-2/CodeSystem/study-name-type|0.2.0"
        }],
        "contains" : [{
          "system" : "https://nih-ncpi.github.io/ncpi-fhir-ig-2/CodeSystem/study-name-type",
          "code" : "formal-title",
          "display" : "Formal Title"
        },
        {
          "system" : "https://nih-ncpi.github.io/ncpi-fhir-ig-2/CodeSystem/study-name-type",
          "code" : "internal-name",
          "display" : "Internal Name"
        },
        {
          "system" : "https://nih-ncpi.github.io/ncpi-fhir-ig-2/CodeSystem/study-name-type",
          "code" : "familiar-ame",
          "display" : "Familiar Name (Nickname)"
        },
        {
          "system" : "https://nih-ncpi.github.io/ncpi-fhir-ig-2/CodeSystem/study-name-type",
          "code" : "acronym",
          "display" : "Acronym"
        },
        {
          "system" : "https://nih-ncpi.github.io/ncpi-fhir-ig-2/CodeSystem/study-name-type",
          "code" : "alternative-name",
          "display" : "Alternative Name"
        }]
      }
    }
  },
  {
    "fullUrl" : "https://nih-ncpi.github.io/ncpi-fhir-ig-2/ValueSet/study-personnel-role-vs",
    "resource" : {
      "resourceType" : "ValueSet",
      "text" : {
        "status" : "generated",
        "div" : "<div xmlns=\"http://www.w3.org/1999/xhtml\"><p class=\"res-header-id\"/><p style=\"border: black 1px dotted; background-color: #EEEEEE; padding: 8px; margin-bottom: 8px\">Expansion performed internally based on <a href=\"CodeSystem-study-personnel-role.html\">codesystem Study Personnel Role v0.2.0 (CodeSystem)</a></p><p>This value set contains 3 concepts</p><table class=\"codes\"><tr><td style=\"white-space:nowrap\"><b>Code</b></td><td><b>System</b></td><td><b>Display (en-US)</b></td></tr><tr><td style=\"white-space:nowrap\"><a name=\"x-https://nih-ncpi.github.io/ncpi-fhir-ig-2/CodeSystem/study-personnel-role-primary-investigator\"> </a>\u00a0\u00a0<a href=\"CodeSystem-study-personnel-role.html#study-personnel-role-primary-investigator\">primary-investigator</a></td><td>https://nih-ncpi.github.io/ncpi-fhir-ig-2/CodeSystem/study-personnel-role</td><td>Primary Investigator</td></tr><tr><td style=\"white-space:nowrap\"><a name=\"x-https://nih-ncpi.github.io/ncpi-fhir-ig-2/CodeSystem/study-personnel-role-administrator\"> </a>\u00a0\u00a0<a href=\"CodeSystem-study-personnel-role.html#study-personnel-role-administrator\">administrator</a></td><td>https://nih-ncpi.github.io/ncpi-fhir-ig-2/CodeSystem/study-personnel-role</td><td>Administrator</td></tr><tr><td style=\"white-space:nowrap\"><a name=\"x-https://nih-ncpi.github.io/ncpi-fhir-ig-2/CodeSystem/study-personnel-role-collaborator\"> </a>\u00a0\u00a0<a href=\"CodeSystem-study-personnel-role.html#study-personnel-role-collaborator\">collaborator</a></td><td>https://nih-ncpi.github.io/ncpi-fhir-ig-2/CodeSystem/study-personnel-role</td><td>Collaborator</td></tr></table></div>"
      },
      "url" : "https://nih-ncpi.github.io/ncpi-fhir-ig-2/ValueSet/study-personnel-role-vs",
      "version" : "0.2.0",
      "name" : "StudyPersonnelRoleVS",
      "title" : "Study Personnel Role",
      "status" : "draft",
      "experimental" : false,
      "date" : "2025-07-22T19:44:39+00:00",
      "expansion" : {
        "identifier" : "urn:uuid:76b3a024-3957-4a3c-ab58-036b6bd6640e",
        "timestamp" : "2025-07-22T19:47:18+00:00",
        "total" : 3,
        "offset" : 0,
        "parameter" : [{
          "name" : "displayLanguage",
          "valueCode" : "en-US"
        },
        {
          "name" : "count",
          "valueInteger" : 1000
        },
        {
          "name" : "offset",
          "valueInteger" : 0
        },
        {
          "name" : "excludeNested",
          "valueBoolean" : false
        },
        {
          "name" : "used-codesystem",
          "valueUri" : "https://nih-ncpi.github.io/ncpi-fhir-ig-2/CodeSystem/study-personnel-role|0.2.0"
        }],
        "contains" : [{
          "system" : "https://nih-ncpi.github.io/ncpi-fhir-ig-2/CodeSystem/study-personnel-role",
          "code" : "primary-investigator",
          "display" : "Primary Investigator"
        },
        {
          "system" : "https://nih-ncpi.github.io/ncpi-fhir-ig-2/CodeSystem/study-personnel-role",
          "code" : "administrator",
          "display" : "Administrator"
        },
        {
          "system" : "https://nih-ncpi.github.io/ncpi-fhir-ig-2/CodeSystem/study-personnel-role",
          "code" : "collaborator",
          "display" : "Collaborator"
        }]
      }
    }
  },
  {
    "fullUrl" : "https://nih-ncpi.github.io/ncpi-fhir-ig-2/ValueSet/research-study-party-role-vs",
    "resource" : {
      "resourceType" : "ValueSet",
      "text" : {
        "status" : "generated",
        "div" : "<div xmlns=\"http://www.w3.org/1999/xhtml\"><p class=\"res-header-id\"/><p style=\"border: black 1px dotted; background-color: #EEEEEE; padding: 8px; margin-bottom: 8px\">Expansion performed internally based on <a href=\"CodeSystem-research-study-party-role.html\">codesystem Research Study Party Role v0.2.0 (CodeSystem)</a></p><p>This value set contains 12 concepts</p><table class=\"codes\"><tr><td style=\"white-space:nowrap\"><b>Code</b></td><td><b>System</b></td><td><b>Display (en-US)</b></td><td><b>Definition</b></td></tr><tr><td style=\"white-space:nowrap\"><a name=\"x-http://hl7.org/fhir/research-study-party-role-sponsor\"> </a>\u00a0\u00a0<a href=\"CodeSystem-research-study-party-role.html#research-study-party-role-sponsor\">sponsor</a></td><td>http://hl7.org/fhir/research-study-party-role</td><td>sponsor</td><td>sponsor</td></tr><tr><td style=\"white-space:nowrap\"><a name=\"x-http://hl7.org/fhir/research-study-party-role-lead-sponsor\"> </a>\u00a0\u00a0<a href=\"CodeSystem-research-study-party-role.html#research-study-party-role-lead-sponsor\">lead-sponsor</a></td><td>http://hl7.org/fhir/research-study-party-role</td><td>lead-sponsor</td><td>lead-sponsor</td></tr><tr><td style=\"white-space:nowrap\"><a name=\"x-http://hl7.org/fhir/research-study-party-role-sponsor-investigator\"> </a>\u00a0\u00a0<a href=\"CodeSystem-research-study-party-role.html#research-study-party-role-sponsor-investigator\">sponsor-investigator</a></td><td>http://hl7.org/fhir/research-study-party-role</td><td>sponsor-investigator</td><td>sponsor-investigator</td></tr><tr><td style=\"white-space:nowrap\"><a name=\"x-http://hl7.org/fhir/research-study-party-role-primary-investigator\"> </a>\u00a0\u00a0<a href=\"CodeSystem-research-study-party-role.html#research-study-party-role-primary-investigator\">primary-investigator</a></td><td>http://hl7.org/fhir/research-study-party-role</td><td>primary-investigator</td><td>primary-investigator</td></tr><tr><td style=\"white-space:nowrap\"><a name=\"x-http://hl7.org/fhir/research-study-party-role-collaborator\"> </a>\u00a0\u00a0<a href=\"CodeSystem-research-study-party-role.html#research-study-party-role-collaborator\">collaborator</a></td><td>http://hl7.org/fhir/research-study-party-role</td><td>collaborator</td><td>collaborator</td></tr><tr><td style=\"white-space:nowrap\"><a name=\"x-http://hl7.org/fhir/research-study-party-role-funding-source\"> </a>\u00a0\u00a0<a href=\"CodeSystem-research-study-party-role.html#research-study-party-role-funding-source\">funding-source</a></td><td>http://hl7.org/fhir/research-study-party-role</td><td>funding-source</td><td>funding-source</td></tr><tr><td style=\"white-space:nowrap\"><a name=\"x-http://hl7.org/fhir/research-study-party-role-general-contact\"> </a>\u00a0\u00a0<a href=\"CodeSystem-research-study-party-role.html#research-study-party-role-general-contact\">general-contact</a></td><td>http://hl7.org/fhir/research-study-party-role</td><td>general-contact</td><td>general-contact</td></tr><tr><td style=\"white-space:nowrap\"><a name=\"x-http://hl7.org/fhir/research-study-party-role-recruitment-contact\"> </a>\u00a0\u00a0<a href=\"CodeSystem-research-study-party-role.html#research-study-party-role-recruitment-contact\">recruitment-contact</a></td><td>http://hl7.org/fhir/research-study-party-role</td><td>recruitment-contact</td><td>recruitment-contact</td></tr><tr><td style=\"white-space:nowrap\"><a name=\"x-http://hl7.org/fhir/research-study-party-role-sub-investigator\"> </a>\u00a0\u00a0<a href=\"CodeSystem-research-study-party-role.html#research-study-party-role-sub-investigator\">sub-investigator</a></td><td>http://hl7.org/fhir/research-study-party-role</td><td>sub-investigator</td><td>sub-investigator</td></tr><tr><td style=\"white-space:nowrap\"><a name=\"x-http://hl7.org/fhir/research-study-party-role-study-director\"> </a>\u00a0\u00a0<a href=\"CodeSystem-research-study-party-role.html#research-study-party-role-study-director\">study-director</a></td><td>http://hl7.org/fhir/research-study-party-role</td><td>study-director</td><td>study-director</td></tr><tr><td style=\"white-space:nowrap\"><a name=\"x-http://hl7.org/fhir/research-study-party-role-study-chair\"> </a>\u00a0\u00a0<a href=\"CodeSystem-research-study-party-role.html#research-study-party-role-study-chair\">study-chair</a></td><td>http://hl7.org/fhir/research-study-party-role</td><td>study-chair</td><td>study-chair</td></tr><tr><td style=\"white-space:nowrap\"><a name=\"x-http://hl7.org/fhir/research-study-party-role-irb\"> </a>\u00a0\u00a0<a href=\"CodeSystem-research-study-party-role.html#research-study-party-role-irb\">irb</a></td><td>http://hl7.org/fhir/research-study-party-role</td><td>Institutional Review Board</td><td/></tr></table></div>"
      },
      "url" : "https://nih-ncpi.github.io/ncpi-fhir-ig-2/ValueSet/research-study-party-role-vs",
      "version" : "0.2.0",
      "name" : "ResearchStudyPartyRoleVS",
      "title" : "Family Types Codes",
      "status" : "active",
      "experimental" : true,
      "date" : "2025-07-22T19:44:39+00:00",
      "expansion" : {
        "identifier" : "urn:uuid:ca3422a9-542d-46df-83f3-3d7e07b68c3c",
        "timestamp" : "2025-07-22T19:47:19+00:00",
        "total" : 12,
        "offset" : 0,
        "parameter" : [{
          "name" : "displayLanguage",
          "valueCode" : "en-US"
        },
        {
          "name" : "count",
          "valueInteger" : 1000
        },
        {
          "name" : "offset",
          "valueInteger" : 0
        },
        {
          "name" : "excludeNested",
          "valueBoolean" : false
        },
        {
          "name" : "used-codesystem",
          "valueUri" : "http://hl7.org/fhir/research-study-party-role|0.2.0"
        }],
        "contains" : [{
          "system" : "http://hl7.org/fhir/research-study-party-role",
          "code" : "sponsor",
          "display" : "sponsor"
        },
        {
          "system" : "http://hl7.org/fhir/research-study-party-role",
          "code" : "lead-sponsor",
          "display" : "lead-sponsor"
        },
        {
          "system" : "http://hl7.org/fhir/research-study-party-role",
          "code" : "sponsor-investigator",
          "display" : "sponsor-investigator"
        },
        {
          "system" : "http://hl7.org/fhir/research-study-party-role",
          "code" : "primary-investigator",
          "display" : "primary-investigator"
        },
        {
          "system" : "http://hl7.org/fhir/research-study-party-role",
          "code" : "collaborator",
          "display" : "collaborator"
        },
        {
          "system" : "http://hl7.org/fhir/research-study-party-role",
          "code" : "funding-source",
          "display" : "funding-source"
        },
        {
          "system" : "http://hl7.org/fhir/research-study-party-role",
          "code" : "general-contact",
          "display" : "general-contact"
        },
        {
          "system" : "http://hl7.org/fhir/research-study-party-role",
          "code" : "recruitment-contact",
          "display" : "recruitment-contact"
        },
        {
          "system" : "http://hl7.org/fhir/research-study-party-role",
          "code" : "sub-investigator",
          "display" : "sub-investigator"
        },
        {
          "system" : "http://hl7.org/fhir/research-study-party-role",
          "code" : "study-director",
          "display" : "study-director"
        },
        {
          "system" : "http://hl7.org/fhir/research-study-party-role",
          "code" : "study-chair",
          "display" : "study-chair"
        },
        {
          "system" : "http://hl7.org/fhir/research-study-party-role",
          "code" : "irb",
          "display" : "Institutional Review Board"
        }]
      }
    }
  },
  {
    "fullUrl" : "https://nih-ncpi.github.io/ncpi-fhir-ig-2/ValueSet/title-type",
    "resource" : {
      "resourceType" : "ValueSet",
      "meta" : {
        "profile" : ["http://hl7.org/fhir/StructureDefinition/shareablevalueset"]
      },
      "text" : {
        "status" : "generated",
        "div" : "<div xmlns=\"http://www.w3.org/1999/xhtml\"><p class=\"res-header-id\"/><p style=\"border: black 1px dotted; background-color: #EEEEEE; padding: 8px; margin-bottom: 8px\">Expansion performed internally based on <a href=\"CodeSystem-title-type.html\">codesystem TitleType v0.2.0 (CodeSystem)</a></p><p>This value set contains 13 concepts</p><table class=\"codes\"><tr><td style=\"white-space:nowrap\"><b>Code</b></td><td><b>System</b></td><td><b>Display (en-US)</b></td><td><b>Definition</b></td></tr><tr><td style=\"white-space:nowrap\"><a name=\"x-http://hl7.org/fhir/title-type-primary\"> </a>\u00a0\u00a0<a href=\"CodeSystem-title-type.html#title-type-primary\">primary</a></td><td>http://hl7.org/fhir/title-type</td><td>Primary title</td><td>Main title for common use. The primary title used for representation if multiple titles exist.</td></tr><tr><td style=\"white-space:nowrap\"><a name=\"x-http://hl7.org/fhir/title-type-official\"> </a>\u00a0\u00a0<a href=\"CodeSystem-title-type.html#title-type-official\">official</a></td><td>http://hl7.org/fhir/title-type</td><td>Official title</td><td>The official or authoritative title.</td></tr><tr><td style=\"white-space:nowrap\"><a name=\"x-http://hl7.org/fhir/title-type-scientific\"> </a>\u00a0\u00a0<a href=\"CodeSystem-title-type.html#title-type-scientific\">scientific</a></td><td>http://hl7.org/fhir/title-type</td><td>Scientific title</td><td>Title using scientific terminology.</td></tr><tr><td style=\"white-space:nowrap\"><a name=\"x-http://hl7.org/fhir/title-type-plain-language\"> </a>\u00a0\u00a0<a href=\"CodeSystem-title-type.html#title-type-plain-language\">plain-language</a></td><td>http://hl7.org/fhir/title-type</td><td>Plain language title</td><td>Title using language common to lay public discourse.</td></tr><tr><td style=\"white-space:nowrap\"><a name=\"x-http://hl7.org/fhir/title-type-subtitle\"> </a>\u00a0\u00a0<a href=\"CodeSystem-title-type.html#title-type-subtitle\">subtitle</a></td><td>http://hl7.org/fhir/title-type</td><td>Subtitle</td><td>Subtitle or secondary title.</td></tr><tr><td style=\"white-space:nowrap\"><a name=\"x-http://hl7.org/fhir/title-type-short-title\"> </a>\u00a0\u00a0<a href=\"CodeSystem-title-type.html#title-type-short-title\">short-title</a></td><td>http://hl7.org/fhir/title-type</td><td>Short title</td><td>Brief title (e.g. 'running title' or title used in page headers)</td></tr><tr><td style=\"white-space:nowrap\"><a name=\"x-http://hl7.org/fhir/title-type-acronym\"> </a>\u00a0\u00a0<a href=\"CodeSystem-title-type.html#title-type-acronym\">acronym</a></td><td>http://hl7.org/fhir/title-type</td><td>Acronym</td><td>Abbreviation used as title</td></tr><tr><td style=\"white-space:nowrap\"><a name=\"x-http://hl7.org/fhir/title-type-earlier-title\"> </a>\u00a0\u00a0<a href=\"CodeSystem-title-type.html#title-type-earlier-title\">earlier-title</a></td><td>http://hl7.org/fhir/title-type</td><td>Different text in an earlier version</td><td>Alternative form of title in an earlier version such as epub ahead of print.</td></tr><tr><td style=\"white-space:nowrap\"><a name=\"x-http://hl7.org/fhir/title-type-language\"> </a>\u00a0\u00a0<a href=\"CodeSystem-title-type.html#title-type-language\">language</a></td><td>http://hl7.org/fhir/title-type</td><td>Different language</td><td>Additional form of title in a different language.</td></tr><tr><td style=\"white-space:nowrap\"><a name=\"x-http://hl7.org/fhir/title-type-autotranslated\"> </a>\u00a0\u00a0<a href=\"CodeSystem-title-type.html#title-type-autotranslated\">autotranslated</a></td><td>http://hl7.org/fhir/title-type</td><td>Different language derived from autotranslation</td><td>Machine translated form of title in a different language, language element codes the language into which it was translated by machine.</td></tr><tr><td style=\"white-space:nowrap\"><a name=\"x-http://hl7.org/fhir/title-type-human-use\"> </a>\u00a0\u00a0<a href=\"CodeSystem-title-type.html#title-type-human-use\">human-use</a></td><td>http://hl7.org/fhir/title-type</td><td>Human use</td><td>Human-friendly title</td></tr><tr><td style=\"white-space:nowrap\"><a name=\"x-http://hl7.org/fhir/title-type-machine-use\"> </a>\u00a0\u00a0<a href=\"CodeSystem-title-type.html#title-type-machine-use\">machine-use</a></td><td>http://hl7.org/fhir/title-type</td><td>Machine use</td><td>Machine-friendly title</td></tr><tr><td style=\"white-space:nowrap\"><a name=\"x-http://hl7.org/fhir/title-type-duplicate-uid\"> </a>\u00a0\u00a0<a href=\"CodeSystem-title-type.html#title-type-duplicate-uid\">duplicate-uid</a></td><td>http://hl7.org/fhir/title-type</td><td>Different text for the same object with a different identifier</td><td>An alternative form of the title in two or more entries, e.g. in multiple medline entries</td></tr></table></div>"
      },
      "url" : "https://nih-ncpi.github.io/ncpi-fhir-ig-2/ValueSet/title-type",
      "identifier" : [{
        "system" : "urn:ietf:rfc:3986",
        "value" : "urn:oid:2.16.840.1.113883.4.642.3.2974"
      }],
      "version" : "0.2.0",
      "name" : "TitleTypeVS",
      "title" : "Title Type",
      "status" : "draft",
      "experimental" : false,
      "date" : "2025-07-22T19:44:39+00:00",
      "immutable" : true,
      "expansion" : {
        "identifier" : "urn:uuid:5a0ea8fa-7b3b-411f-9a5a-e084b9e1e863",
        "timestamp" : "2025-07-22T19:47:19+00:00",
        "total" : 13,
        "offset" : 0,
        "parameter" : [{
          "name" : "displayLanguage",
          "valueCode" : "en-US"
        },
        {
          "name" : "count",
          "valueInteger" : 1000
        },
        {
          "name" : "offset",
          "valueInteger" : 0
        },
        {
          "name" : "excludeNested",
          "valueBoolean" : false
        },
        {
          "name" : "used-codesystem",
          "valueUri" : "http://hl7.org/fhir/title-type|0.2.0"
        }],
        "contains" : [{
          "system" : "http://hl7.org/fhir/title-type",
          "code" : "primary",
          "display" : "Primary title"
        },
        {
          "system" : "http://hl7.org/fhir/title-type",
          "code" : "official",
          "display" : "Official title"
        },
        {
          "system" : "http://hl7.org/fhir/title-type",
          "code" : "scientific",
          "display" : "Scientific title"
        },
        {
          "system" : "http://hl7.org/fhir/title-type",
          "code" : "plain-language",
          "display" : "Plain language title"
        },
        {
          "system" : "http://hl7.org/fhir/title-type",
          "code" : "subtitle",
          "display" : "Subtitle"
        },
        {
          "system" : "http://hl7.org/fhir/title-type",
          "code" : "short-title",
          "display" : "Short title"
        },
        {
          "system" : "http://hl7.org/fhir/title-type",
          "code" : "acronym",
          "display" : "Acronym"
        },
        {
          "system" : "http://hl7.org/fhir/title-type",
          "code" : "earlier-title",
          "display" : "Different text in an earlier version"
        },
        {
          "system" : "http://hl7.org/fhir/title-type",
          "code" : "language",
          "display" : "Different language"
        },
        {
          "system" : "http://hl7.org/fhir/title-type",
          "code" : "autotranslated",
          "display" : "Different language derived from autotranslation"
        },
        {
          "system" : "http://hl7.org/fhir/title-type",
          "code" : "human-use",
          "display" : "Human use"
        },
        {
          "system" : "http://hl7.org/fhir/title-type",
          "code" : "machine-use",
          "display" : "Machine use"
        },
        {
          "system" : "http://hl7.org/fhir/title-type",
          "code" : "duplicate-uid",
          "display" : "Different text for the same object with a different identifier"
        }]
      }
    }
  }]
}