<?xml version="1.0" encoding="UTF-8"?>

<Bundle xmlns="http://hl7.org/fhir">
  <id value="9472520f-dc4c-4ad0-88a8-22c2d1afd94b"/>
  <meta>
    <lastUpdated value="2024-08-08T16:40:30.863+00:00"/>
  </meta>
  <type value="collection"/>
  <entry>
    <fullUrl value="https://nih-ncpi.github.io/ncpi-fhir-ig-2/ValueSet/collection-type-vs"/>
    <resource>
      <ValueSet>
        <text>
          <status value="generated"/>
          <div xmlns="http://www.w3.org/1999/xhtml">
            <p class="res-header-id">
              <b>Generated Narrative: ValueSet </b>
            </p>
            <p style="border: black 1px dotted; background-color: #EEEEEE; padding: 8px; margin-bottom: 8px">Expansion based on 
              <a href="CodeSystem-collection-type.html">codesystem Collection Type v0.1.0 (CodeSystem)</a>
            </p>
            <p>This value set contains 3 concepts</p>
            <table class="codes">
              <tr>
                <td style="white-space:nowrap">
                  <b>Code</b>
                </td>
                <td>
                  <b>System</b>
                </td>
                <td>
                  <b>Display</b>
                </td>
              </tr>
              <tr>
                <td style="white-space:nowrap">
                  <a name="x-https://nih-ncpi.github.io/ncpi-fhir-ig-2/CodeSystem/collection-type-consortium"> </a>  
                  <a href="CodeSystem-collection-type.html#collection-type-consortium">consortium</a>
                </td>
                <td>https://nih-ncpi.github.io/ncpi-fhir-ig-2/CodeSystem/collection-type</td>
                <td>Consortium</td>
              </tr>
              <tr>
                <td style="white-space:nowrap">
                  <a name="x-https://nih-ncpi.github.io/ncpi-fhir-ig-2/CodeSystem/collection-type-program"> </a>  
                  <a href="CodeSystem-collection-type.html#collection-type-program">program</a>
                </td>
                <td>https://nih-ncpi.github.io/ncpi-fhir-ig-2/CodeSystem/collection-type</td>
                <td>Program</td>
              </tr>
              <tr>
                <td style="white-space:nowrap">
                  <a name="x-https://nih-ncpi.github.io/ncpi-fhir-ig-2/CodeSystem/collection-type-user-defined"> </a>  
                  <a href="CodeSystem-collection-type.html#collection-type-user-defined">user-defined</a>
                </td>
                <td>https://nih-ncpi.github.io/ncpi-fhir-ig-2/CodeSystem/collection-type</td>
                <td>User Defined</td>
              </tr>
            </table>
          </div>
        </text>
        <url value="https://nih-ncpi.github.io/ncpi-fhir-ig-2/ValueSet/collection-type-vs"/>
        <version value="0.1.0"/>
        <name value="CollectionTypeVS"/>
        <title value="Collection Type"/>
        <status value="draft"/>
        <experimental value="false"/>
        <date value="2024-08-08T16:40:30+00:00"/>
        <expansion>
          <identifier value="urn:uuid:8cc3736e-0c75-4c82-aa11-94e355c2d29b"/>
          <timestamp value="2024-08-08T16:41:01+00:00"/>
          <total value="3"/>
          <offset value="0"/>
          <parameter>
            <name value="count"/>
            <valueInteger value="1000"/>
          </parameter>
          <parameter>
            <name value="offset"/>
            <valueInteger value="0"/>
          </parameter>
          <parameter>
            <name value="excludeNested"/>
            <valueBoolean value="false"/>
          </parameter>
          <parameter>
            <name value="used-codesystem"/>
            <valueUri value="https://nih-ncpi.github.io/ncpi-fhir-ig-2/CodeSystem/collection-type|0.1.0"/>
          </parameter>
          <contains>
            <system value="https://nih-ncpi.github.io/ncpi-fhir-ig-2/CodeSystem/collection-type"/>
            <code value="consortium"/>
            <display value="Consortium"/>
          </contains>
          <contains>
            <system value="https://nih-ncpi.github.io/ncpi-fhir-ig-2/CodeSystem/collection-type"/>
            <code value="program"/>
            <display value="Program"/>
          </contains>
          <contains>
            <system value="https://nih-ncpi.github.io/ncpi-fhir-ig-2/CodeSystem/collection-type"/>
            <code value="user-defined"/>
            <display value="User Defined"/>
          </contains>
        </expansion>
      </ValueSet>
    </resource>
  </entry>
  <entry>
    <fullUrl value="https://nih-ncpi.github.io/ncpi-fhir-ig-2/ValueSet/research-data-access-code-vs"/>
    <resource>
      <ValueSet>
        <text>
          <status value="generated"/>
          <div xmlns="http://www.w3.org/1999/xhtml">
            <p class="res-header-id">
              <b>Generated Narrative: ValueSet </b>
            </p>
            <p style="border: black 1px dotted; background-color: #EEEEEE; padding: 8px; margin-bottom: 8px">Expansion based on 
              <a href="CodeSystem-research-data-access-code.html">codesystem Research Data Access Codes v0.1.0 (CodeSystem)</a>
            </p>
            <p>This value set contains 10 concepts</p>
            <table class="codes">
              <tr>
                <td style="white-space:nowrap">
                  <b>Code</b>
                </td>
                <td>
                  <b>System</b>
                </td>
                <td>
                  <b>Display</b>
                </td>
              </tr>
              <tr>
                <td style="white-space:nowrap">
                  <a name="x-https://nih-ncpi.github.io/ncpi-fhir-ig-2/CodeSystem/research-data-access-code-GRU"> </a>  
                  <a href="CodeSystem-research-data-access-code.html#research-data-access-code-GRU">GRU</a>
                </td>
                <td>https://nih-ncpi.github.io/ncpi-fhir-ig-2/CodeSystem/research-data-access-code</td>
                <td>General Research Use</td>
              </tr>
              <tr>
                <td style="white-space:nowrap">
                  <a name="x-https://nih-ncpi.github.io/ncpi-fhir-ig-2/CodeSystem/research-data-access-code-HMB"> </a>  
                  <a href="CodeSystem-research-data-access-code.html#research-data-access-code-HMB">HMB</a>
                </td>
                <td>https://nih-ncpi.github.io/ncpi-fhir-ig-2/CodeSystem/research-data-access-code</td>
                <td>Health/Medical/Biomedical</td>
              </tr>
              <tr>
                <td style="white-space:nowrap">
                  <a name="x-https://nih-ncpi.github.io/ncpi-fhir-ig-2/CodeSystem/research-data-access-code-DS"> </a>  
                  <a href="CodeSystem-research-data-access-code.html#research-data-access-code-DS">DS</a>
                </td>
                <td>https://nih-ncpi.github.io/ncpi-fhir-ig-2/CodeSystem/research-data-access-code</td>
                <td>Disease-Specific (Disease/Trait/Exposure)</td>
              </tr>
              <tr>
                <td style="white-space:nowrap">
                  <a name="x-https://nih-ncpi.github.io/ncpi-fhir-ig-2/CodeSystem/research-data-access-code-IRB"> </a>  
                  <a href="CodeSystem-research-data-access-code.html#research-data-access-code-IRB">IRB</a>
                </td>
                <td>https://nih-ncpi.github.io/ncpi-fhir-ig-2/CodeSystem/research-data-access-code</td>
                <td>IRB approval required</td>
              </tr>
              <tr>
                <td style="white-space:nowrap">
                  <a name="x-https://nih-ncpi.github.io/ncpi-fhir-ig-2/CodeSystem/research-data-access-code-PUB"> </a>  
                  <a href="CodeSystem-research-data-access-code.html#research-data-access-code-PUB">PUB</a>
                </td>
                <td>https://nih-ncpi.github.io/ncpi-fhir-ig-2/CodeSystem/research-data-access-code</td>
                <td>Publication required</td>
              </tr>
              <tr>
                <td style="white-space:nowrap">
                  <a name="x-https://nih-ncpi.github.io/ncpi-fhir-ig-2/CodeSystem/research-data-access-code-COL"> </a>  
                  <a href="CodeSystem-research-data-access-code.html#research-data-access-code-COL">COL</a>
                </td>
                <td>https://nih-ncpi.github.io/ncpi-fhir-ig-2/CodeSystem/research-data-access-code</td>
                <td>Collaboration Required</td>
              </tr>
              <tr>
                <td style="white-space:nowrap">
                  <a name="x-https://nih-ncpi.github.io/ncpi-fhir-ig-2/CodeSystem/research-data-access-code-NPU"> </a>  
                  <a href="CodeSystem-research-data-access-code.html#research-data-access-code-NPU">NPU</a>
                </td>
                <td>https://nih-ncpi.github.io/ncpi-fhir-ig-2/CodeSystem/research-data-access-code</td>
                <td>Not-for-profit use only</td>
              </tr>
              <tr>
                <td style="white-space:nowrap">
                  <a name="x-https://nih-ncpi.github.io/ncpi-fhir-ig-2/CodeSystem/research-data-access-code-MDS"> </a>  
                  <a href="CodeSystem-research-data-access-code.html#research-data-access-code-MDS">MDS</a>
                </td>
                <td>https://nih-ncpi.github.io/ncpi-fhir-ig-2/CodeSystem/research-data-access-code</td>
                <td>Methods</td>
              </tr>
              <tr>
                <td style="white-space:nowrap">
                  <a name="x-https://nih-ncpi.github.io/ncpi-fhir-ig-2/CodeSystem/research-data-access-code-GSO"> </a>  
                  <a href="CodeSystem-research-data-access-code.html#research-data-access-code-GSO">GSO</a>
                </td>
                <td>https://nih-ncpi.github.io/ncpi-fhir-ig-2/CodeSystem/research-data-access-code</td>
                <td>Genetic studies only</td>
              </tr>
              <tr>
                <td style="white-space:nowrap">
                  <a name="x-https://nih-ncpi.github.io/ncpi-fhir-ig-2/CodeSystem/research-data-access-code-GSR"> </a>  
                  <a href="CodeSystem-research-data-access-code.html#research-data-access-code-GSR">GSR</a>
                </td>
                <td>https://nih-ncpi.github.io/ncpi-fhir-ig-2/CodeSystem/research-data-access-code</td>
                <td>Genomic Summary Results</td>
              </tr>
            </table>
          </div>
        </text>
        <url value="https://nih-ncpi.github.io/ncpi-fhir-ig-2/ValueSet/research-data-access-code-vs"/>
        <version value="0.1.0"/>
        <name value="ResearchDataAccessCodeVS"/>
        <title value="Research Data Access Codes"/>
        <status value="draft"/>
        <experimental value="false"/>
        <date value="2024-08-08T16:40:30+00:00"/>
        <expansion>
          <identifier value="urn:uuid:f58d8e8f-77d8-4792-9b2f-be1aa3fcd515"/>
          <timestamp value="2024-08-08T16:41:02+00:00"/>
          <total value="10"/>
          <offset value="0"/>
          <parameter>
            <name value="count"/>
            <valueInteger value="1000"/>
          </parameter>
          <parameter>
            <name value="offset"/>
            <valueInteger value="0"/>
          </parameter>
          <parameter>
            <name value="excludeNested"/>
            <valueBoolean value="false"/>
          </parameter>
          <parameter>
            <name value="used-codesystem"/>
            <valueUri value="https://nih-ncpi.github.io/ncpi-fhir-ig-2/CodeSystem/research-data-access-code|0.1.0"/>
          </parameter>
          <contains>
            <system value="https://nih-ncpi.github.io/ncpi-fhir-ig-2/CodeSystem/research-data-access-code"/>
            <code value="GRU"/>
            <display value="General Research Use"/>
          </contains>
          <contains>
            <system value="https://nih-ncpi.github.io/ncpi-fhir-ig-2/CodeSystem/research-data-access-code"/>
            <code value="HMB"/>
            <display value="Health/Medical/Biomedical"/>
          </contains>
          <contains>
            <system value="https://nih-ncpi.github.io/ncpi-fhir-ig-2/CodeSystem/research-data-access-code"/>
            <code value="DS"/>
            <display value="Disease-Specific (Disease/Trait/Exposure)"/>
          </contains>
          <contains>
            <system value="https://nih-ncpi.github.io/ncpi-fhir-ig-2/CodeSystem/research-data-access-code"/>
            <code value="IRB"/>
            <display value="IRB approval required"/>
          </contains>
          <contains>
            <system value="https://nih-ncpi.github.io/ncpi-fhir-ig-2/CodeSystem/research-data-access-code"/>
            <code value="PUB"/>
            <display value="Publication required"/>
          </contains>
          <contains>
            <system value="https://nih-ncpi.github.io/ncpi-fhir-ig-2/CodeSystem/research-data-access-code"/>
            <code value="COL"/>
            <display value="Collaboration Required"/>
          </contains>
          <contains>
            <system value="https://nih-ncpi.github.io/ncpi-fhir-ig-2/CodeSystem/research-data-access-code"/>
            <code value="NPU"/>
            <display value="Not-for-profit use only"/>
          </contains>
          <contains>
            <system value="https://nih-ncpi.github.io/ncpi-fhir-ig-2/CodeSystem/research-data-access-code"/>
            <code value="MDS"/>
            <display value="Methods"/>
          </contains>
          <contains>
            <system value="https://nih-ncpi.github.io/ncpi-fhir-ig-2/CodeSystem/research-data-access-code"/>
            <code value="GSO"/>
            <display value="Genetic studies only"/>
          </contains>
          <contains>
            <system value="https://nih-ncpi.github.io/ncpi-fhir-ig-2/CodeSystem/research-data-access-code"/>
            <code value="GSR"/>
            <display value="Genomic Summary Results"/>
          </contains>
        </expansion>
      </ValueSet>
    </resource>
  </entry>
  <entry>
    <fullUrl value="https://nih-ncpi.github.io/ncpi-fhir-ig-2/ValueSet/research-data-access-type-vs"/>
    <resource>
      <ValueSet>
        <text>
          <status value="generated"/>
          <div xmlns="http://www.w3.org/1999/xhtml">
            <p class="res-header-id">
              <b>Generated Narrative: ValueSet </b>
            </p>
            <p style="border: black 1px dotted; background-color: #EEEEEE; padding: 8px; margin-bottom: 8px">Expansion based on 
              <a href="CodeSystem-research-data-access-type.html">codesystem Research Data Access Type Codes v0.1.0 (CodeSystem)</a>
            </p>
            <p>This value set contains 5 concepts</p>
            <table class="codes">
              <tr>
                <td style="white-space:nowrap">
                  <b>Code</b>
                </td>
                <td>
                  <b>System</b>
                </td>
                <td>
                  <b>Display</b>
                </td>
              </tr>
              <tr>
                <td style="white-space:nowrap">
                  <a name="x-https://nih-ncpi.github.io/ncpi-fhir-ig-2/CodeSystem/research-data-access-type-open"> </a>  
                  <a href="CodeSystem-research-data-access-type.html#research-data-access-type-open">open</a>
                </td>
                <td>https://nih-ncpi.github.io/ncpi-fhir-ig-2/CodeSystem/research-data-access-type</td>
                <td>Open Access</td>
              </tr>
              <tr>
                <td style="white-space:nowrap">
                  <a name="x-https://nih-ncpi.github.io/ncpi-fhir-ig-2/CodeSystem/research-data-access-type-registered"> </a>  
                  <a href="CodeSystem-research-data-access-type.html#research-data-access-type-registered">registered</a>
                </td>
                <td>https://nih-ncpi.github.io/ncpi-fhir-ig-2/CodeSystem/research-data-access-type</td>
                <td>Registered Access</td>
              </tr>
              <tr>
                <td style="white-space:nowrap">
                  <a name="x-https://nih-ncpi.github.io/ncpi-fhir-ig-2/CodeSystem/research-data-access-type-controlled"> </a>  
                  <a href="CodeSystem-research-data-access-type.html#research-data-access-type-controlled">controlled</a>
                </td>
                <td>https://nih-ncpi.github.io/ncpi-fhir-ig-2/CodeSystem/research-data-access-type</td>
                <td>Controlled</td>
              </tr>
              <tr>
                <td style="white-space:nowrap">
                  <a name="x-https://nih-ncpi.github.io/ncpi-fhir-ig-2/CodeSystem/research-data-access-type-gsr-restricted"> </a>  
                  <a href="CodeSystem-research-data-access-type.html#research-data-access-type-gsr-restricted">gsr-restricted</a>
                </td>
                <td>https://nih-ncpi.github.io/ncpi-fhir-ig-2/CodeSystem/research-data-access-type</td>
                <td>GSR Restricted</td>
              </tr>
              <tr>
                <td style="white-space:nowrap">
                  <a name="x-https://nih-ncpi.github.io/ncpi-fhir-ig-2/CodeSystem/research-data-access-type-gsr-allowed"> </a>  
                  <a href="CodeSystem-research-data-access-type.html#research-data-access-type-gsr-allowed">gsr-allowed</a>
                </td>
                <td>https://nih-ncpi.github.io/ncpi-fhir-ig-2/CodeSystem/research-data-access-type</td>
                <td>GSR Allowed</td>
              </tr>
            </table>
          </div>
        </text>
        <url value="https://nih-ncpi.github.io/ncpi-fhir-ig-2/ValueSet/research-data-access-type-vs"/>
        <version value="0.1.0"/>
        <name value="ResearchDataAccessTypeVS"/>
        <title value="Research Data Access Type Codes"/>
        <status value="draft"/>
        <experimental value="false"/>
        <date value="2024-08-08T16:40:30+00:00"/>
        <expansion>
          <identifier value="urn:uuid:7dc00001-2a0c-4c78-be76-bd073b6d4535"/>
          <timestamp value="2024-08-08T16:41:02+00:00"/>
          <total value="5"/>
          <offset value="0"/>
          <parameter>
            <name value="count"/>
            <valueInteger value="1000"/>
          </parameter>
          <parameter>
            <name value="offset"/>
            <valueInteger value="0"/>
          </parameter>
          <parameter>
            <name value="excludeNested"/>
            <valueBoolean value="false"/>
          </parameter>
          <parameter>
            <name value="used-codesystem"/>
            <valueUri value="https://nih-ncpi.github.io/ncpi-fhir-ig-2/CodeSystem/research-data-access-type|0.1.0"/>
          </parameter>
          <contains>
            <system value="https://nih-ncpi.github.io/ncpi-fhir-ig-2/CodeSystem/research-data-access-type"/>
            <code value="open"/>
            <display value="Open Access"/>
          </contains>
          <contains>
            <system value="https://nih-ncpi.github.io/ncpi-fhir-ig-2/CodeSystem/research-data-access-type"/>
            <code value="registered"/>
            <display value="Registered Access"/>
          </contains>
          <contains>
            <system value="https://nih-ncpi.github.io/ncpi-fhir-ig-2/CodeSystem/research-data-access-type"/>
            <code value="controlled"/>
            <display value="Controlled"/>
          </contains>
          <contains>
            <system value="https://nih-ncpi.github.io/ncpi-fhir-ig-2/CodeSystem/research-data-access-type"/>
            <code value="gsr-restricted"/>
            <display value="GSR Restricted"/>
          </contains>
          <contains>
            <system value="https://nih-ncpi.github.io/ncpi-fhir-ig-2/CodeSystem/research-data-access-type"/>
            <code value="gsr-allowed"/>
            <display value="GSR Allowed"/>
          </contains>
        </expansion>
      </ValueSet>
    </resource>
  </entry>
  <entry>
    <fullUrl value="https://nih-ncpi.github.io/ncpi-fhir-ig-2/ValueSet/research-data-date-of-birth-method-vs"/>
    <resource>
      <ValueSet>
        <text>
          <status value="generated"/>
          <div xmlns="http://www.w3.org/1999/xhtml">
            <p class="res-header-id">
              <b>Generated Narrative: ValueSet </b>
            </p>
            <p style="border: black 1px dotted; background-color: #EEEEEE; padding: 8px; margin-bottom: 8px">Expansion based on 
              <a href="http://hl7.org/fhir/R4B/codesystem-title-type.html">codesystem TitleType v4.3.0 (CodeSystem)</a>
            </p>
            <p>This value set contains 13 concepts</p>
            <table class="codes">
              <tr>
                <td style="white-space:nowrap">
                  <b>Code</b>
                </td>
                <td>
                  <b>System</b>
                </td>
                <td>
                  <b>Display</b>
                </td>
                <td>
                  <b>Definition</b>
                </td>
              </tr>
              <tr>
                <td style="white-space:nowrap">
                  <a name="x-http://terminology.hl7.org/CodeSystem/title-type-primary"> </a>  
                  <a href="http://hl7.org/fhir/R4B/codesystem-title-type.html#title-type-primary">primary</a>
                </td>
                <td>http://terminology.hl7.org/CodeSystem/title-type</td>
                <td>Primary title</td>
                <td>
                  <div>
                    <p>Main title for common use. The primary title used for representation if multiple titles exist.</p>

                  </div>
                </td>
              </tr>
              <tr>
                <td style="white-space:nowrap">
                  <a name="x-http://terminology.hl7.org/CodeSystem/title-type-official"> </a>  
                  <a href="http://hl7.org/fhir/R4B/codesystem-title-type.html#title-type-official">official</a>
                </td>
                <td>http://terminology.hl7.org/CodeSystem/title-type</td>
                <td>Official title</td>
                <td>
                  <div>
                    <p>The official or authoritative title.</p>

                  </div>
                </td>
              </tr>
              <tr>
                <td style="white-space:nowrap">
                  <a name="x-http://terminology.hl7.org/CodeSystem/title-type-scientific"> </a>  
                  <a href="http://hl7.org/fhir/R4B/codesystem-title-type.html#title-type-scientific">scientific</a>
                </td>
                <td>http://terminology.hl7.org/CodeSystem/title-type</td>
                <td>Scientific title</td>
                <td>
                  <div>
                    <p>Title using scientific terminology.</p>

                  </div>
                </td>
              </tr>
              <tr>
                <td style="white-space:nowrap">
                  <a name="x-http://terminology.hl7.org/CodeSystem/title-type-plain-language"> </a>  
                  <a href="http://hl7.org/fhir/R4B/codesystem-title-type.html#title-type-plain-language">plain-language</a>
                </td>
                <td>http://terminology.hl7.org/CodeSystem/title-type</td>
                <td>Plain language title</td>
                <td>
                  <div>
                    <p>Title using language common to lay public discourse.</p>

                  </div>
                </td>
              </tr>
              <tr>
                <td style="white-space:nowrap">
                  <a name="x-http://terminology.hl7.org/CodeSystem/title-type-subtitle"> </a>  
                  <a href="http://hl7.org/fhir/R4B/codesystem-title-type.html#title-type-subtitle">subtitle</a>
                </td>
                <td>http://terminology.hl7.org/CodeSystem/title-type</td>
                <td>Subtitle</td>
                <td>
                  <div>
                    <p>Subtitle or secondary title.</p>

                  </div>
                </td>
              </tr>
              <tr>
                <td style="white-space:nowrap">
                  <a name="x-http://terminology.hl7.org/CodeSystem/title-type-short-title"> </a>  
                  <a href="http://hl7.org/fhir/R4B/codesystem-title-type.html#title-type-short-title">short-title</a>
                </td>
                <td>http://terminology.hl7.org/CodeSystem/title-type</td>
                <td>Short title</td>
                <td>
                  <div>
                    <p>Brief title (e.g. 'running title' or title used in page headers)</p>

                  </div>
                </td>
              </tr>
              <tr>
                <td style="white-space:nowrap">
                  <a name="x-http://terminology.hl7.org/CodeSystem/title-type-acronym"> </a>  
                  <a href="http://hl7.org/fhir/R4B/codesystem-title-type.html#title-type-acronym">acronym</a>
                </td>
                <td>http://terminology.hl7.org/CodeSystem/title-type</td>
                <td>Acronym</td>
                <td>
                  <div>
                    <p>Abbreviation used as title</p>

                  </div>
                </td>
              </tr>
              <tr>
                <td style="white-space:nowrap">
                  <a name="x-http://terminology.hl7.org/CodeSystem/title-type-earlier-title"> </a>  
                  <a href="http://hl7.org/fhir/R4B/codesystem-title-type.html#title-type-earlier-title">earlier-title</a>
                </td>
                <td>http://terminology.hl7.org/CodeSystem/title-type</td>
                <td>Different text in an earlier version</td>
                <td>
                  <div>
                    <p>Alternative form of title in an earlier version such as epub ahead of print.</p>

                  </div>
                </td>
              </tr>
              <tr>
                <td style="white-space:nowrap">
                  <a name="x-http://terminology.hl7.org/CodeSystem/title-type-language"> </a>  
                  <a href="http://hl7.org/fhir/R4B/codesystem-title-type.html#title-type-language">language</a>
                </td>
                <td>http://terminology.hl7.org/CodeSystem/title-type</td>
                <td>Different language</td>
                <td>
                  <div>
                    <p>Additional form of title in a different language.</p>

                  </div>
                </td>
              </tr>
              <tr>
                <td style="white-space:nowrap">
                  <a name="x-http://terminology.hl7.org/CodeSystem/title-type-autotranslated"> </a>  
                  <a href="http://hl7.org/fhir/R4B/codesystem-title-type.html#title-type-autotranslated">autotranslated</a>
                </td>
                <td>http://terminology.hl7.org/CodeSystem/title-type</td>
                <td>Different language derived from autotranslation</td>
                <td>
                  <div>
                    <p>Machine translated form of title in a different language, language element codes the language into which it was translated by machine.</p>

                  </div>
                </td>
              </tr>
              <tr>
                <td style="white-space:nowrap">
                  <a name="x-http://terminology.hl7.org/CodeSystem/title-type-human-use"> </a>  
                  <a href="http://hl7.org/fhir/R4B/codesystem-title-type.html#title-type-human-use">human-use</a>
                </td>
                <td>http://terminology.hl7.org/CodeSystem/title-type</td>
                <td>Human use</td>
                <td>
                  <div>
                    <p>Human-friendly title</p>

                  </div>
                </td>
              </tr>
              <tr>
                <td style="white-space:nowrap">
                  <a name="x-http://terminology.hl7.org/CodeSystem/title-type-machine-use"> </a>  
                  <a href="http://hl7.org/fhir/R4B/codesystem-title-type.html#title-type-machine-use">machine-use</a>
                </td>
                <td>http://terminology.hl7.org/CodeSystem/title-type</td>
                <td>Machine use</td>
                <td>
                  <div>
                    <p>Machine-friendly title</p>

                  </div>
                </td>
              </tr>
              <tr>
                <td style="white-space:nowrap">
                  <a name="x-http://terminology.hl7.org/CodeSystem/title-type-duplicate-uid"> </a>  
                  <a href="http://hl7.org/fhir/R4B/codesystem-title-type.html#title-type-duplicate-uid">duplicate-uid</a>
                </td>
                <td>http://terminology.hl7.org/CodeSystem/title-type</td>
                <td>Different text for the same object with a different identifier</td>
                <td>
                  <div>
                    <p>An alternative form of the title in two or more entries, e.g. in multiple medline entries</p>

                  </div>
                </td>
              </tr>
            </table>
          </div>
        </text>
        <url value="https://nih-ncpi.github.io/ncpi-fhir-ig-2/ValueSet/research-data-date-of-birth-method-vs"/>
        <version value="0.1.0"/>
        <name value="ResearchDataDateOfBirthMethodVS"/>
        <title value="Enumerations for how DOB was constructed"/>
        <status value="draft"/>
        <date value="2024-08-08T16:40:30+00:00"/>
        <expansion>
          <identifier value="urn:uuid:351632fa-7bf2-4281-97de-2cb4ed34a97a"/>
          <timestamp value="2024-08-08T16:41:02+00:00"/>
          <total value="13"/>
          <offset value="0"/>
          <parameter>
            <name value="count"/>
            <valueInteger value="1000"/>
          </parameter>
          <parameter>
            <name value="offset"/>
            <valueInteger value="0"/>
          </parameter>
          <parameter>
            <name value="excludeNested"/>
            <valueBoolean value="false"/>
          </parameter>
          <parameter>
            <name value="used-codesystem"/>
            <valueUri value="http://terminology.hl7.org/CodeSystem/title-type|4.3.0"/>
          </parameter>
          <contains>
            <system value="http://terminology.hl7.org/CodeSystem/title-type"/>
            <code value="primary"/>
            <display value="Primary title"/>
          </contains>
          <contains>
            <system value="http://terminology.hl7.org/CodeSystem/title-type"/>
            <code value="official"/>
            <display value="Official title"/>
          </contains>
          <contains>
            <system value="http://terminology.hl7.org/CodeSystem/title-type"/>
            <code value="scientific"/>
            <display value="Scientific title"/>
          </contains>
          <contains>
            <system value="http://terminology.hl7.org/CodeSystem/title-type"/>
            <code value="plain-language"/>
            <display value="Plain language title"/>
          </contains>
          <contains>
            <system value="http://terminology.hl7.org/CodeSystem/title-type"/>
            <code value="subtitle"/>
            <display value="Subtitle"/>
          </contains>
          <contains>
            <system value="http://terminology.hl7.org/CodeSystem/title-type"/>
            <code value="short-title"/>
            <display value="Short title"/>
          </contains>
          <contains>
            <system value="http://terminology.hl7.org/CodeSystem/title-type"/>
            <code value="acronym"/>
            <display value="Acronym"/>
          </contains>
          <contains>
            <system value="http://terminology.hl7.org/CodeSystem/title-type"/>
            <code value="earlier-title"/>
            <display value="Different text in an earlier version"/>
          </contains>
          <contains>
            <system value="http://terminology.hl7.org/CodeSystem/title-type"/>
            <code value="language"/>
            <display value="Different language"/>
          </contains>
          <contains>
            <system value="http://terminology.hl7.org/CodeSystem/title-type"/>
            <code value="autotranslated"/>
            <display value="Different language derived from autotranslation"/>
          </contains>
          <contains>
            <system value="http://terminology.hl7.org/CodeSystem/title-type"/>
            <code value="human-use"/>
            <display value="Human use"/>
          </contains>
          <contains>
            <system value="http://terminology.hl7.org/CodeSystem/title-type"/>
            <code value="machine-use"/>
            <display value="Machine use"/>
          </contains>
          <contains>
            <system value="http://terminology.hl7.org/CodeSystem/title-type"/>
            <code value="duplicate-uid"/>
            <display value="Different text for the same object with a different identifier"/>
          </contains>
        </expansion>
      </ValueSet>
    </resource>
  </entry>
  <entry>
    <fullUrl value="https://nih-ncpi.github.io/ncpi-fhir-ig-2/ValueSet/study-name-type-vs"/>
    <resource>
      <ValueSet>
        <text>
          <status value="generated"/>
          <div xmlns="http://www.w3.org/1999/xhtml">
            <p class="res-header-id">
              <b>Generated Narrative: ValueSet </b>
            </p>
            <p style="border: black 1px dotted; background-color: #EEEEEE; padding: 8px; margin-bottom: 8px">Expansion based on 
              <a href="CodeSystem-study-name-type.html">codesystem Study Name Type v0.1.0 (CodeSystem)</a>
            </p>
            <p>This value set contains 5 concepts</p>
            <table class="codes">
              <tr>
                <td style="white-space:nowrap">
                  <b>Code</b>
                </td>
                <td>
                  <b>System</b>
                </td>
                <td>
                  <b>Display</b>
                </td>
              </tr>
              <tr>
                <td style="white-space:nowrap">
                  <a name="x-https://nih-ncpi.github.io/ncpi-fhir-ig-2/CodeSystem/study-name-type-formal-title"> </a>  
                  <a href="CodeSystem-study-name-type.html#study-name-type-formal-title">formal-title</a>
                </td>
                <td>https://nih-ncpi.github.io/ncpi-fhir-ig-2/CodeSystem/study-name-type</td>
                <td>Formal Title</td>
              </tr>
              <tr>
                <td style="white-space:nowrap">
                  <a name="x-https://nih-ncpi.github.io/ncpi-fhir-ig-2/CodeSystem/study-name-type-internal-name"> </a>  
                  <a href="CodeSystem-study-name-type.html#study-name-type-internal-name">internal-name</a>
                </td>
                <td>https://nih-ncpi.github.io/ncpi-fhir-ig-2/CodeSystem/study-name-type</td>
                <td>Internal Name</td>
              </tr>
              <tr>
                <td style="white-space:nowrap">
                  <a name="x-https://nih-ncpi.github.io/ncpi-fhir-ig-2/CodeSystem/study-name-type-familiar-ame"> </a>  
                  <a href="CodeSystem-study-name-type.html#study-name-type-familiar-ame">familiar-ame</a>
                </td>
                <td>https://nih-ncpi.github.io/ncpi-fhir-ig-2/CodeSystem/study-name-type</td>
                <td>Familiar Name (Nickname)</td>
              </tr>
              <tr>
                <td style="white-space:nowrap">
                  <a name="x-https://nih-ncpi.github.io/ncpi-fhir-ig-2/CodeSystem/study-name-type-acronym"> </a>  
                  <a href="CodeSystem-study-name-type.html#study-name-type-acronym">acronym</a>
                </td>
                <td>https://nih-ncpi.github.io/ncpi-fhir-ig-2/CodeSystem/study-name-type</td>
                <td>Acronym</td>
              </tr>
              <tr>
                <td style="white-space:nowrap">
                  <a name="x-https://nih-ncpi.github.io/ncpi-fhir-ig-2/CodeSystem/study-name-type-alternative-name"> </a>  
                  <a href="CodeSystem-study-name-type.html#study-name-type-alternative-name">alternative-name</a>
                </td>
                <td>https://nih-ncpi.github.io/ncpi-fhir-ig-2/CodeSystem/study-name-type</td>
                <td>Alternative Name</td>
              </tr>
            </table>
          </div>
        </text>
        <url value="https://nih-ncpi.github.io/ncpi-fhir-ig-2/ValueSet/study-name-type-vs"/>
        <version value="0.1.0"/>
        <name value="StudyNameTypeVS"/>
        <title value="Study Name Type"/>
        <status value="draft"/>
        <experimental value="false"/>
        <date value="2024-08-08T16:40:30+00:00"/>
        <expansion>
          <identifier value="urn:uuid:5ba5db7e-069a-4fd5-ad57-3985a74bcb94"/>
          <timestamp value="2024-08-08T16:41:02+00:00"/>
          <total value="5"/>
          <offset value="0"/>
          <parameter>
            <name value="count"/>
            <valueInteger value="1000"/>
          </parameter>
          <parameter>
            <name value="offset"/>
            <valueInteger value="0"/>
          </parameter>
          <parameter>
            <name value="excludeNested"/>
            <valueBoolean value="false"/>
          </parameter>
          <parameter>
            <name value="used-codesystem"/>
            <valueUri value="https://nih-ncpi.github.io/ncpi-fhir-ig-2/CodeSystem/study-name-type|0.1.0"/>
          </parameter>
          <contains>
            <system value="https://nih-ncpi.github.io/ncpi-fhir-ig-2/CodeSystem/study-name-type"/>
            <code value="formal-title"/>
            <display value="Formal Title"/>
          </contains>
          <contains>
            <system value="https://nih-ncpi.github.io/ncpi-fhir-ig-2/CodeSystem/study-name-type"/>
            <code value="internal-name"/>
            <display value="Internal Name"/>
          </contains>
          <contains>
            <system value="https://nih-ncpi.github.io/ncpi-fhir-ig-2/CodeSystem/study-name-type"/>
            <code value="familiar-ame"/>
            <display value="Familiar Name (Nickname)"/>
          </contains>
          <contains>
            <system value="https://nih-ncpi.github.io/ncpi-fhir-ig-2/CodeSystem/study-name-type"/>
            <code value="acronym"/>
            <display value="Acronym"/>
          </contains>
          <contains>
            <system value="https://nih-ncpi.github.io/ncpi-fhir-ig-2/CodeSystem/study-name-type"/>
            <code value="alternative-name"/>
            <display value="Alternative Name"/>
          </contains>
        </expansion>
      </ValueSet>
    </resource>
  </entry>
  <entry>
    <fullUrl value="https://nih-ncpi.github.io/ncpi-fhir-ig-2/ValueSet/study-personnel-role-vs"/>
    <resource>
      <ValueSet>
        <text>
          <status value="generated"/>
          <div xmlns="http://www.w3.org/1999/xhtml">
            <p class="res-header-id">
              <b>Generated Narrative: ValueSet </b>
            </p>
            <p style="border: black 1px dotted; background-color: #EEEEEE; padding: 8px; margin-bottom: 8px">Expansion based on 
              <a href="CodeSystem-study-personnel-role.html">codesystem Study Personnel Role v0.1.0 (CodeSystem)</a>
            </p>
            <p>This value set contains 3 concepts</p>
            <table class="codes">
              <tr>
                <td style="white-space:nowrap">
                  <b>Code</b>
                </td>
                <td>
                  <b>System</b>
                </td>
                <td>
                  <b>Display</b>
                </td>
              </tr>
              <tr>
                <td style="white-space:nowrap">
                  <a name="x-https://nih-ncpi.github.io/ncpi-fhir-ig-2/CodeSystem/study-personnel-role-primary-investigator"> </a>  
                  <a href="CodeSystem-study-personnel-role.html#study-personnel-role-primary-investigator">primary-investigator</a>
                </td>
                <td>https://nih-ncpi.github.io/ncpi-fhir-ig-2/CodeSystem/study-personnel-role</td>
                <td>Primary Investigator</td>
              </tr>
              <tr>
                <td style="white-space:nowrap">
                  <a name="x-https://nih-ncpi.github.io/ncpi-fhir-ig-2/CodeSystem/study-personnel-role-administrator"> </a>  
                  <a href="CodeSystem-study-personnel-role.html#study-personnel-role-administrator">administrator</a>
                </td>
                <td>https://nih-ncpi.github.io/ncpi-fhir-ig-2/CodeSystem/study-personnel-role</td>
                <td>Administrator</td>
              </tr>
              <tr>
                <td style="white-space:nowrap">
                  <a name="x-https://nih-ncpi.github.io/ncpi-fhir-ig-2/CodeSystem/study-personnel-role-collaborator"> </a>  
                  <a href="CodeSystem-study-personnel-role.html#study-personnel-role-collaborator">collaborator</a>
                </td>
                <td>https://nih-ncpi.github.io/ncpi-fhir-ig-2/CodeSystem/study-personnel-role</td>
                <td>Collaborator</td>
              </tr>
            </table>
          </div>
        </text>
        <url value="https://nih-ncpi.github.io/ncpi-fhir-ig-2/ValueSet/study-personnel-role-vs"/>
        <version value="0.1.0"/>
        <name value="StudyPersonnelRoleVS"/>
        <title value="Study Personnel Role"/>
        <status value="draft"/>
        <experimental value="false"/>
        <date value="2024-08-08T16:40:30+00:00"/>
        <expansion>
          <identifier value="urn:uuid:f6e27af9-484f-4269-82e2-1332c05cf55d"/>
          <timestamp value="2024-08-08T16:41:02+00:00"/>
          <total value="3"/>
          <offset value="0"/>
          <parameter>
            <name value="count"/>
            <valueInteger value="1000"/>
          </parameter>
          <parameter>
            <name value="offset"/>
            <valueInteger value="0"/>
          </parameter>
          <parameter>
            <name value="excludeNested"/>
            <valueBoolean value="false"/>
          </parameter>
          <parameter>
            <name value="used-codesystem"/>
            <valueUri value="https://nih-ncpi.github.io/ncpi-fhir-ig-2/CodeSystem/study-personnel-role|0.1.0"/>
          </parameter>
          <contains>
            <system value="https://nih-ncpi.github.io/ncpi-fhir-ig-2/CodeSystem/study-personnel-role"/>
            <code value="primary-investigator"/>
            <display value="Primary Investigator"/>
          </contains>
          <contains>
            <system value="https://nih-ncpi.github.io/ncpi-fhir-ig-2/CodeSystem/study-personnel-role"/>
            <code value="administrator"/>
            <display value="Administrator"/>
          </contains>
          <contains>
            <system value="https://nih-ncpi.github.io/ncpi-fhir-ig-2/CodeSystem/study-personnel-role"/>
            <code value="collaborator"/>
            <display value="Collaborator"/>
          </contains>
        </expansion>
      </ValueSet>
    </resource>
  </entry>
</Bundle>