<?xml version="1.0" encoding="UTF-8"?>

<Bundle xmlns="http://hl7.org/fhir">
  <id value="69a9ee63-bcf6-4415-ba76-99ff8b8ebde6"/>
  <meta>
    <lastUpdated value="2025-03-24T15:09:35.616+00:00"/>
  </meta>
  <type value="collection"/>
  <entry>
    <fullUrl value="https://nih-ncpi.github.io/ncpi-fhir-ig-2/ValueSet/collection-type-vs"/>
    <resource>
      <ValueSet>
        <text>
          <status value="generated"/>
          <div xmlns="http://www.w3.org/1999/xhtml">
            <p class="res-header-id">
              <b>ValueSet </b>
            </p>
            <p style="border: black 1px dotted; background-color: #EEEEEE; padding: 8px; margin-bottom: 8px">Expansion performed internally based on 
              <a href="CodeSystem-collection-type.html">codesystem Collection Type v0.1.0 (CodeSystem)</a>
            </p>
            <p>This value set contains 3 concepts</p>
            <table class="codes">
              <tr>
                <td style="white-space:nowrap">
                  <b>Code</b>
                </td>
                <td>
                  <b>System</b>
                </td>
                <td>
                  <b>Display (en-US)</b>
                </td>
              </tr>
              <tr>
                <td style="white-space:nowrap">
                  <a name="x-https://nih-ncpi.github.io/ncpi-fhir-ig-2/CodeSystem/collection-type-consortium"> </a>  
                  <a href="CodeSystem-collection-type.html#collection-type-consortium">consortium</a>
                </td>
                <td>https://nih-ncpi.github.io/ncpi-fhir-ig-2/CodeSystem/collection-type</td>
                <td/>
              </tr>
              <tr>
                <td style="white-space:nowrap">
                  <a name="x-https://nih-ncpi.github.io/ncpi-fhir-ig-2/CodeSystem/collection-type-program"> </a>  
                  <a href="CodeSystem-collection-type.html#collection-type-program">program</a>
                </td>
                <td>https://nih-ncpi.github.io/ncpi-fhir-ig-2/CodeSystem/collection-type</td>
                <td/>
              </tr>
              <tr>
                <td style="white-space:nowrap">
                  <a name="x-https://nih-ncpi.github.io/ncpi-fhir-ig-2/CodeSystem/collection-type-user-defined"> </a>  
                  <a href="CodeSystem-collection-type.html#collection-type-user-defined">user-defined</a>
                </td>
                <td>https://nih-ncpi.github.io/ncpi-fhir-ig-2/CodeSystem/collection-type</td>
                <td/>
              </tr>
            </table>
          </div>
        </text>
        <url value="https://nih-ncpi.github.io/ncpi-fhir-ig-2/ValueSet/collection-type-vs"/>
        <version value="0.1.0"/>
        <name value="CollectionTypeVS"/>
        <title value="Collection Type"/>
        <status value="draft"/>
        <experimental value="false"/>
        <date value="2025-03-24T15:08:47+00:00"/>
        <expansion>
          <identifier value="urn:uuid:070325fd-46d4-40b4-9df1-37fba86d6e5d"/>
          <timestamp value="2025-03-24T15:10:40+00:00"/>
          <total value="3"/>
          <offset value="0"/>
          <parameter>
            <name value="displayLanguage"/>
            <valueCode value="en-US"/>
          </parameter>
          <parameter>
            <name value="count"/>
            <valueInteger value="1000"/>
          </parameter>
          <parameter>
            <name value="offset"/>
            <valueInteger value="0"/>
          </parameter>
          <parameter>
            <name value="excludeNested"/>
            <valueBoolean value="false"/>
          </parameter>
          <parameter>
            <name value="used-codesystem"/>
            <valueUri value="https://nih-ncpi.github.io/ncpi-fhir-ig-2/CodeSystem/collection-type|0.1.0"/>
          </parameter>
          <contains>
            <system value="https://nih-ncpi.github.io/ncpi-fhir-ig-2/CodeSystem/collection-type"/>
            <code value="consortium"/>
          </contains>
          <contains>
            <system value="https://nih-ncpi.github.io/ncpi-fhir-ig-2/CodeSystem/collection-type"/>
            <code value="program"/>
          </contains>
          <contains>
            <system value="https://nih-ncpi.github.io/ncpi-fhir-ig-2/CodeSystem/collection-type"/>
            <code value="user-defined"/>
          </contains>
        </expansion>
      </ValueSet>
    </resource>
  </entry>
  <entry>
    <fullUrl value="https://nih-ncpi.github.io/ncpi-fhir-ig-2/ValueSet/condition-assertion-vs"/>
    <resource>
      <ValueSet>
        <text>
          <status value="generated"/>
          <div xmlns="http://www.w3.org/1999/xhtml">
            <p class="res-header-id">
              <b>ValueSet </b>
            </p>
            <p style="border: black 1px dotted; background-color: #EEEEEE; padding: 8px; margin-bottom: 8px">Expansion performed internally based on 
              <a href="CodeSystem-condition-assertion.html">codesystem Assertion of Condition Codes v0.1.0 (CodeSystem)</a>
            </p>
            <p>This value set contains 3 concepts</p>
            <table class="codes">
              <tr>
                <td style="white-space:nowrap">
                  <b>Code</b>
                </td>
                <td>
                  <b>System</b>
                </td>
                <td>
                  <b>Display (en-US)</b>
                </td>
              </tr>
              <tr>
                <td style="white-space:nowrap">
                  <a name="x-https://nih-ncpi.github.io/ncpi-fhir-ig-2/CodeSystem/condition-assertion-Present"> </a>  
                  <a href="CodeSystem-condition-assertion.html#condition-assertion-Present">Present</a>
                </td>
                <td>https://nih-ncpi.github.io/ncpi-fhir-ig-2/CodeSystem/condition-assertion</td>
                <td/>
              </tr>
              <tr>
                <td style="white-space:nowrap">
                  <a name="x-https://nih-ncpi.github.io/ncpi-fhir-ig-2/CodeSystem/condition-assertion-Absent"> </a>  
                  <a href="CodeSystem-condition-assertion.html#condition-assertion-Absent">Absent</a>
                </td>
                <td>https://nih-ncpi.github.io/ncpi-fhir-ig-2/CodeSystem/condition-assertion</td>
                <td/>
              </tr>
              <tr>
                <td style="white-space:nowrap">
                  <a name="x-https://nih-ncpi.github.io/ncpi-fhir-ig-2/CodeSystem/condition-assertion-Unknown"> </a>  
                  <a href="CodeSystem-condition-assertion.html#condition-assertion-Unknown">Unknown</a>
                </td>
                <td>https://nih-ncpi.github.io/ncpi-fhir-ig-2/CodeSystem/condition-assertion</td>
                <td/>
              </tr>
            </table>
          </div>
        </text>
        <url value="https://nih-ncpi.github.io/ncpi-fhir-ig-2/ValueSet/condition-assertion-vs"/>
        <version value="0.1.0"/>
        <name value="ConditionAssertionVS"/>
        <title value="Assertion of Condition Codes"/>
        <status value="draft"/>
        <date value="2025-03-24T15:08:47+00:00"/>
        <expansion>
          <identifier value="urn:uuid:09b0c518-1e3b-40b9-b213-6363038d5d30"/>
          <timestamp value="2025-03-24T15:10:40+00:00"/>
          <total value="3"/>
          <offset value="0"/>
          <parameter>
            <name value="displayLanguage"/>
            <valueCode value="en-US"/>
          </parameter>
          <parameter>
            <name value="count"/>
            <valueInteger value="1000"/>
          </parameter>
          <parameter>
            <name value="offset"/>
            <valueInteger value="0"/>
          </parameter>
          <parameter>
            <name value="excludeNested"/>
            <valueBoolean value="false"/>
          </parameter>
          <parameter>
            <name value="used-codesystem"/>
            <valueUri value="https://nih-ncpi.github.io/ncpi-fhir-ig-2/CodeSystem/condition-assertion|0.1.0"/>
          </parameter>
          <contains>
            <system value="https://nih-ncpi.github.io/ncpi-fhir-ig-2/CodeSystem/condition-assertion"/>
            <code value="Present"/>
          </contains>
          <contains>
            <system value="https://nih-ncpi.github.io/ncpi-fhir-ig-2/CodeSystem/condition-assertion"/>
            <code value="Absent"/>
          </contains>
          <contains>
            <system value="https://nih-ncpi.github.io/ncpi-fhir-ig-2/CodeSystem/condition-assertion"/>
            <code value="Unknown"/>
          </contains>
        </expansion>
      </ValueSet>
    </resource>
  </entry>
  <entry>
    <fullUrl value="https://nih-ncpi.github.io/ncpi-fhir-ig-2/ValueSet/condition-type-vs"/>
    <resource>
      <ValueSet>
        <text>
          <status value="generated"/>
          <div xmlns="http://www.w3.org/1999/xhtml">
            <p class="res-header-id">
              <b>ValueSet </b>
            </p>
            <p style="border: black 1px dotted; background-color: #EEEEEE; padding: 8px; margin-bottom: 8px">Expansion performed internally based on 
              <a href="CodeSystem-condition-type.html">codesystem Type of Condition v0.1.0 (CodeSystem)</a>
            </p>
            <p>This value set contains 6 concepts</p>
            <table class="codes">
              <tr>
                <td style="white-space:nowrap">
                  <b>Code</b>
                </td>
                <td>
                  <b>System</b>
                </td>
                <td>
                  <b>Display (en-US)</b>
                </td>
              </tr>
              <tr>
                <td style="white-space:nowrap">
                  <a name="x-https://nih-ncpi.github.io/ncpi-fhir-ig-2/CodeSystem/condition-type-Phenotypic-Feature"> </a>  
                  <a href="CodeSystem-condition-type.html#condition-type-Phenotypic-Feature">Phenotypic-Feature</a>
                </td>
                <td>https://nih-ncpi.github.io/ncpi-fhir-ig-2/CodeSystem/condition-type</td>
                <td/>
              </tr>
              <tr>
                <td style="white-space:nowrap">
                  <a name="x-https://nih-ncpi.github.io/ncpi-fhir-ig-2/CodeSystem/condition-type-Disease"> </a>  
                  <a href="CodeSystem-condition-type.html#condition-type-Disease">Disease</a>
                </td>
                <td>https://nih-ncpi.github.io/ncpi-fhir-ig-2/CodeSystem/condition-type</td>
                <td/>
              </tr>
              <tr>
                <td style="white-space:nowrap">
                  <a name="x-https://nih-ncpi.github.io/ncpi-fhir-ig-2/CodeSystem/condition-type-Comorbidity"> </a>  
                  <a href="CodeSystem-condition-type.html#condition-type-Comorbidity">Comorbidity</a>
                </td>
                <td>https://nih-ncpi.github.io/ncpi-fhir-ig-2/CodeSystem/condition-type</td>
                <td/>
              </tr>
              <tr>
                <td style="white-space:nowrap">
                  <a name="x-https://nih-ncpi.github.io/ncpi-fhir-ig-2/CodeSystem/condition-type-Histology"> </a>  
                  <a href="CodeSystem-condition-type.html#condition-type-Histology">Histology</a>
                </td>
                <td>https://nih-ncpi.github.io/ncpi-fhir-ig-2/CodeSystem/condition-type</td>
                <td/>
              </tr>
              <tr>
                <td style="white-space:nowrap">
                  <a name="x-https://nih-ncpi.github.io/ncpi-fhir-ig-2/CodeSystem/condition-type-Clinical-Finding"> </a>  
                  <a href="CodeSystem-condition-type.html#condition-type-Clinical-Finding">Clinical-Finding</a>
                </td>
                <td>https://nih-ncpi.github.io/ncpi-fhir-ig-2/CodeSystem/condition-type</td>
                <td/>
              </tr>
              <tr>
                <td style="white-space:nowrap">
                  <a name="x-https://nih-ncpi.github.io/ncpi-fhir-ig-2/CodeSystem/condition-type-EHR-Condition-Code"> </a>  
                  <a href="CodeSystem-condition-type.html#condition-type-EHR-Condition-Code">EHR-Condition-Code</a>
                </td>
                <td>https://nih-ncpi.github.io/ncpi-fhir-ig-2/CodeSystem/condition-type</td>
                <td/>
              </tr>
            </table>
          </div>
        </text>
        <url value="https://nih-ncpi.github.io/ncpi-fhir-ig-2/ValueSet/condition-type-vs"/>
        <version value="0.1.0"/>
        <name value="ConditionTypeVS"/>
        <title value="Type of Condition"/>
        <status value="draft"/>
        <date value="2025-03-24T15:08:47+00:00"/>
        <expansion>
          <identifier value="urn:uuid:d362f548-9d3b-4e7b-a9ee-7a55ad3d9ab9"/>
          <timestamp value="2025-03-24T15:10:43+00:00"/>
          <total value="6"/>
          <offset value="0"/>
          <parameter>
            <name value="displayLanguage"/>
            <valueCode value="en-US"/>
          </parameter>
          <parameter>
            <name value="count"/>
            <valueInteger value="1000"/>
          </parameter>
          <parameter>
            <name value="offset"/>
            <valueInteger value="0"/>
          </parameter>
          <parameter>
            <name value="excludeNested"/>
            <valueBoolean value="false"/>
          </parameter>
          <parameter>
            <name value="used-codesystem"/>
            <valueUri value="https://nih-ncpi.github.io/ncpi-fhir-ig-2/CodeSystem/condition-type|0.1.0"/>
          </parameter>
          <contains>
            <system value="https://nih-ncpi.github.io/ncpi-fhir-ig-2/CodeSystem/condition-type"/>
            <code value="Phenotypic-Feature"/>
          </contains>
          <contains>
            <system value="https://nih-ncpi.github.io/ncpi-fhir-ig-2/CodeSystem/condition-type"/>
            <code value="Disease"/>
          </contains>
          <contains>
            <system value="https://nih-ncpi.github.io/ncpi-fhir-ig-2/CodeSystem/condition-type"/>
            <code value="Comorbidity"/>
          </contains>
          <contains>
            <system value="https://nih-ncpi.github.io/ncpi-fhir-ig-2/CodeSystem/condition-type"/>
            <code value="Histology"/>
          </contains>
          <contains>
            <system value="https://nih-ncpi.github.io/ncpi-fhir-ig-2/CodeSystem/condition-type"/>
            <code value="Clinical-Finding"/>
          </contains>
          <contains>
            <system value="https://nih-ncpi.github.io/ncpi-fhir-ig-2/CodeSystem/condition-type"/>
            <code value="EHR-Condition-Code"/>
          </contains>
        </expansion>
      </ValueSet>
    </resource>
  </entry>
  <entry>
    <fullUrl value="https://nih-ncpi.github.io/ncpi-fhir-ig-2/ValueSet/consanguinity-assertion-vs"/>
    <resource>
      <ValueSet>
        <text>
          <status value="generated"/>
          <div xmlns="http://www.w3.org/1999/xhtml">
            <p class="res-header-id">
              <b>ValueSet </b>
            </p>
            <p style="border: black 1px dotted; background-color: #EEEEEE; padding: 8px; margin-bottom: 8px">Expansion from tx.fhir.org based on SNOMED CT 900000000000207008 edition 01-Feb 2025</p>
            <p>This value set contains 4 concepts</p>
            <table class="codes">
              <tr>
                <td style="white-space:nowrap">
                  <b>Code</b>
                </td>
                <td>
                  <b>System</b>
                </td>
                <td>
                  <b>Display (en-US)</b>
                </td>
              </tr>
              <tr>
                <td style="white-space:nowrap">
                  <a name="x-http://snomed.info/sct-428263003"> </a>  
                  <a href="http://snomed.info/id/428263003">428263003</a>
                </td>
                <td>http://snomed.info/sct</td>
                <td>NOT suspected (qualifier value)</td>
              </tr>
              <tr>
                <td style="white-space:nowrap">
                  <a name="x-http://snomed.info/sct-415684004"> </a>  
                  <a href="http://snomed.info/id/415684004">415684004</a>
                </td>
                <td>http://snomed.info/sct</td>
                <td>Suspected (qualifier value)</td>
              </tr>
              <tr>
                <td style="white-space:nowrap">
                  <a name="x-http://snomed.info/sct-410515003"> </a>  
                  <a href="http://snomed.info/id/410515003">410515003</a>
                </td>
                <td>http://snomed.info/sct</td>
                <td>Known present (qualifier value)</td>
              </tr>
              <tr>
                <td style="white-space:nowrap">
                  <a name="x-http://snomed.info/sct-261665006"> </a>  
                  <a href="http://snomed.info/id/261665006">261665006</a>
                </td>
                <td>http://snomed.info/sct</td>
                <td>Unknown</td>
              </tr>
            </table>
          </div>
        </text>
        <url value="https://nih-ncpi.github.io/ncpi-fhir-ig-2/ValueSet/consanguinity-assertion-vs"/>
        <version value="0.1.0"/>
        <name value="ConsanguinityAssertionVS"/>
        <title value="Consanguinity Value Codes"/>
        <status value="draft"/>
        <experimental value="false"/>
        <date value="2025-03-24T15:08:47+00:00"/>
        <expansion>
          <identifier value="urn:uuid:f45b0b68-4a41-43c2-b6dd-c5ea03c91c44"/>
          <timestamp value="2025-03-24T15:10:43+00:00"/>
          <total value="4"/>
          <offset value="0"/>
          <parameter>
            <name value="displayLanguage"/>
            <valueCode value="en-US"/>
          </parameter>
          <parameter>
            <name value="count"/>
            <valueInteger value="1000"/>
          </parameter>
          <parameter>
            <name value="offset"/>
            <valueInteger value="0"/>
          </parameter>
          <parameter>
            <name value="excludeNested"/>
            <valueBoolean value="false"/>
          </parameter>
          <parameter>
            <name value="used-valueset"/>
            <valueUri value="null"/>
          </parameter>
          <parameter>
            <name value="used-codesystem"/>
            <valueUri value="http://snomed.info/sct|http://snomed.info/sct/900000000000207008/version/20250201"/>
          </parameter>
          <parameter>
            <name value="version"/>
            <valueUri value="http://snomed.info/sct|http://snomed.info/sct/900000000000207008/version/20250201"/>
          </parameter>
          <contains>
            <system value="http://snomed.info/sct"/>
            <code value="428263003"/>
            <display value="NOT suspected (qualifier value)"/>
          </contains>
          <contains>
            <system value="http://snomed.info/sct"/>
            <code value="415684004"/>
            <display value="Suspected (qualifier value)"/>
          </contains>
          <contains>
            <system value="http://snomed.info/sct"/>
            <code value="410515003"/>
            <display value="Known present (qualifier value)"/>
          </contains>
          <contains>
            <system value="http://snomed.info/sct"/>
            <code value="261665006"/>
            <display value="Unknown"/>
          </contains>
        </expansion>
      </ValueSet>
    </resource>
  </entry>
  <entry>
    <fullUrl value="https://nih-ncpi.github.io/ncpi-fhir-ig-2/ValueSet/ncpi-family-types-vs"/>
    <resource>
      <ValueSet>
        <text>
          <status value="generated"/>
          <div xmlns="http://www.w3.org/1999/xhtml">
            <p class="res-header-id">
              <b>ValueSet </b>
            </p>
            <p style="border: black 1px dotted; background-color: #ffcccc; padding: 8px; margin-bottom: 8px">Expansion based on code system fragment 
              <a href="CodeSystem-ncpi-family-types.html">https://nih-ncpi.github.io/ncpi-fhir-ig-2/CodeSystem/ncpi-family-types NCPI Family Types CodeSystem v0.1.0 (CodeSystem)</a>
            </p>
            <p style="border: black 1px dotted; background-color: #EEEEEE; padding: 8px; margin-bottom: 8px">Expansion performed internally based on 
              <a href="CodeSystem-ncpi-family-types.html">codesystem NCPI Family Types CodeSystem v0.1.0 (CodeSystem)</a>
            </p>
            <p>This value set contains at least 6 concepts</p>
            <table class="codes">
              <tr>
                <td style="white-space:nowrap">
                  <b>Code</b>
                </td>
                <td>
                  <b>System</b>
                </td>
                <td>
                  <b>Display (en-US)</b>
                </td>
              </tr>
              <tr>
                <td style="white-space:nowrap">
                  <a name="x-https://nih-ncpi.github.io/ncpi-fhir-ig-2/CodeSystem/ncpi-family-types-Control-only"> </a>  
                  <a href="CodeSystem-ncpi-family-types.html#ncpi-family-types-Control-only">Control-only</a>
                </td>
                <td>https://nih-ncpi.github.io/ncpi-fhir-ig-2/CodeSystem/ncpi-family-types</td>
                <td/>
              </tr>
              <tr>
                <td style="white-space:nowrap">
                  <a name="x-https://nih-ncpi.github.io/ncpi-fhir-ig-2/CodeSystem/ncpi-family-types-Duo"> </a>  
                  <a href="CodeSystem-ncpi-family-types.html#ncpi-family-types-Duo">Duo</a>
                </td>
                <td>https://nih-ncpi.github.io/ncpi-fhir-ig-2/CodeSystem/ncpi-family-types</td>
                <td/>
              </tr>
              <tr>
                <td style="white-space:nowrap">
                  <a name="x-https://nih-ncpi.github.io/ncpi-fhir-ig-2/CodeSystem/ncpi-family-types-Other"> </a>  
                  <a href="CodeSystem-ncpi-family-types.html#ncpi-family-types-Other">Other</a>
                </td>
                <td>https://nih-ncpi.github.io/ncpi-fhir-ig-2/CodeSystem/ncpi-family-types</td>
                <td/>
              </tr>
              <tr>
                <td style="white-space:nowrap">
                  <a name="x-https://nih-ncpi.github.io/ncpi-fhir-ig-2/CodeSystem/ncpi-family-types-Proband-only"> </a>  
                  <a href="CodeSystem-ncpi-family-types.html#ncpi-family-types-Proband-only">Proband-only</a>
                </td>
                <td>https://nih-ncpi.github.io/ncpi-fhir-ig-2/CodeSystem/ncpi-family-types</td>
                <td/>
              </tr>
              <tr>
                <td style="white-space:nowrap">
                  <a name="x-https://nih-ncpi.github.io/ncpi-fhir-ig-2/CodeSystem/ncpi-family-types-Trio"> </a>  
                  <a href="CodeSystem-ncpi-family-types.html#ncpi-family-types-Trio">Trio</a>
                </td>
                <td>https://nih-ncpi.github.io/ncpi-fhir-ig-2/CodeSystem/ncpi-family-types</td>
                <td/>
              </tr>
              <tr>
                <td style="white-space:nowrap">
                  <a name="x-https://nih-ncpi.github.io/ncpi-fhir-ig-2/CodeSystem/ncpi-family-types-Trio+"> </a>  
                  <a href="CodeSystem-ncpi-family-types.html#ncpi-family-types-Trio.43">Trio+</a>
                </td>
                <td>https://nih-ncpi.github.io/ncpi-fhir-ig-2/CodeSystem/ncpi-family-types</td>
                <td/>
              </tr>
            </table>
          </div>
        </text>
        <url value="https://nih-ncpi.github.io/ncpi-fhir-ig-2/ValueSet/ncpi-family-types-vs"/>
        <version value="0.1.0"/>
        <name value="NcpiFamilyTypesVS"/>
        <title value="Family Types Codes"/>
        <status value="active"/>
        <date value="2025-03-24T15:08:47+00:00"/>
        <expansion>
          <identifier value="urn:uuid:f3fab38b-22b2-4ca3-b630-cd9229138d9b"/>
          <timestamp value="2025-03-24T15:10:44+00:00"/>
          <total value="6"/>
          <offset value="0"/>
          <parameter>
            <name value="displayLanguage"/>
            <valueCode value="en-US"/>
          </parameter>
          <parameter>
            <name value="count"/>
            <valueInteger value="1000"/>
          </parameter>
          <parameter>
            <name value="offset"/>
            <valueInteger value="0"/>
          </parameter>
          <parameter>
            <name value="excludeNested"/>
            <valueBoolean value="false"/>
          </parameter>
          <parameter>
            <name value="used-codesystem"/>
            <valueUri value="https://nih-ncpi.github.io/ncpi-fhir-ig-2/CodeSystem/ncpi-family-types|0.1.0"/>
          </parameter>
          <parameter>
            <name value="fragment"/>
            <valueCanonical value="https://nih-ncpi.github.io/ncpi-fhir-ig-2/CodeSystem/ncpi-family-types|0.1.0"/>
          </parameter>
          <contains>
            <system value="https://nih-ncpi.github.io/ncpi-fhir-ig-2/CodeSystem/ncpi-family-types"/>
            <code value="Control-only"/>
          </contains>
          <contains>
            <system value="https://nih-ncpi.github.io/ncpi-fhir-ig-2/CodeSystem/ncpi-family-types"/>
            <code value="Duo"/>
          </contains>
          <contains>
            <system value="https://nih-ncpi.github.io/ncpi-fhir-ig-2/CodeSystem/ncpi-family-types"/>
            <code value="Other"/>
          </contains>
          <contains>
            <system value="https://nih-ncpi.github.io/ncpi-fhir-ig-2/CodeSystem/ncpi-family-types"/>
            <code value="Proband-only"/>
          </contains>
          <contains>
            <system value="https://nih-ncpi.github.io/ncpi-fhir-ig-2/CodeSystem/ncpi-family-types"/>
            <code value="Trio"/>
          </contains>
          <contains>
            <system value="https://nih-ncpi.github.io/ncpi-fhir-ig-2/CodeSystem/ncpi-family-types"/>
            <code value="Trio+"/>
          </contains>
        </expansion>
      </ValueSet>
    </resource>
  </entry>
  <entry>
    <fullUrl value="https://nih-ncpi.github.io/ncpi-fhir-ig-2/ValueSet/research-data-access-code-vs"/>
    <resource>
      <ValueSet>
        <text>
          <status value="generated"/>
          <div xmlns="http://www.w3.org/1999/xhtml">
            <p class="res-header-id">
              <b>ValueSet </b>
            </p>
            <p style="border: black 1px dotted; background-color: #EEEEEE; padding: 8px; margin-bottom: 8px">Expansion performed internally based on 
              <a href="CodeSystem-research-data-access-code.html">codesystem Research Data Access Codes v0.1.0 (CodeSystem)</a>
            </p>
            <p>This value set contains 10 concepts</p>
            <table class="codes">
              <tr>
                <td style="white-space:nowrap">
                  <b>Code</b>
                </td>
                <td>
                  <b>System</b>
                </td>
                <td>
                  <b>Display (en-US)</b>
                </td>
              </tr>
              <tr>
                <td style="white-space:nowrap">
                  <a name="x-https://nih-ncpi.github.io/ncpi-fhir-ig-2/CodeSystem/research-data-access-code-GRU"> </a>  
                  <a href="CodeSystem-research-data-access-code.html#research-data-access-code-GRU">GRU</a>
                </td>
                <td>https://nih-ncpi.github.io/ncpi-fhir-ig-2/CodeSystem/research-data-access-code</td>
                <td/>
              </tr>
              <tr>
                <td style="white-space:nowrap">
                  <a name="x-https://nih-ncpi.github.io/ncpi-fhir-ig-2/CodeSystem/research-data-access-code-HMB"> </a>  
                  <a href="CodeSystem-research-data-access-code.html#research-data-access-code-HMB">HMB</a>
                </td>
                <td>https://nih-ncpi.github.io/ncpi-fhir-ig-2/CodeSystem/research-data-access-code</td>
                <td/>
              </tr>
              <tr>
                <td style="white-space:nowrap">
                  <a name="x-https://nih-ncpi.github.io/ncpi-fhir-ig-2/CodeSystem/research-data-access-code-DS"> </a>  
                  <a href="CodeSystem-research-data-access-code.html#research-data-access-code-DS">DS</a>
                </td>
                <td>https://nih-ncpi.github.io/ncpi-fhir-ig-2/CodeSystem/research-data-access-code</td>
                <td/>
              </tr>
              <tr>
                <td style="white-space:nowrap">
                  <a name="x-https://nih-ncpi.github.io/ncpi-fhir-ig-2/CodeSystem/research-data-access-code-IRB"> </a>  
                  <a href="CodeSystem-research-data-access-code.html#research-data-access-code-IRB">IRB</a>
                </td>
                <td>https://nih-ncpi.github.io/ncpi-fhir-ig-2/CodeSystem/research-data-access-code</td>
                <td/>
              </tr>
              <tr>
                <td style="white-space:nowrap">
                  <a name="x-https://nih-ncpi.github.io/ncpi-fhir-ig-2/CodeSystem/research-data-access-code-PUB"> </a>  
                  <a href="CodeSystem-research-data-access-code.html#research-data-access-code-PUB">PUB</a>
                </td>
                <td>https://nih-ncpi.github.io/ncpi-fhir-ig-2/CodeSystem/research-data-access-code</td>
                <td/>
              </tr>
              <tr>
                <td style="white-space:nowrap">
                  <a name="x-https://nih-ncpi.github.io/ncpi-fhir-ig-2/CodeSystem/research-data-access-code-COL"> </a>  
                  <a href="CodeSystem-research-data-access-code.html#research-data-access-code-COL">COL</a>
                </td>
                <td>https://nih-ncpi.github.io/ncpi-fhir-ig-2/CodeSystem/research-data-access-code</td>
                <td/>
              </tr>
              <tr>
                <td style="white-space:nowrap">
                  <a name="x-https://nih-ncpi.github.io/ncpi-fhir-ig-2/CodeSystem/research-data-access-code-NPU"> </a>  
                  <a href="CodeSystem-research-data-access-code.html#research-data-access-code-NPU">NPU</a>
                </td>
                <td>https://nih-ncpi.github.io/ncpi-fhir-ig-2/CodeSystem/research-data-access-code</td>
                <td/>
              </tr>
              <tr>
                <td style="white-space:nowrap">
                  <a name="x-https://nih-ncpi.github.io/ncpi-fhir-ig-2/CodeSystem/research-data-access-code-MDS"> </a>  
                  <a href="CodeSystem-research-data-access-code.html#research-data-access-code-MDS">MDS</a>
                </td>
                <td>https://nih-ncpi.github.io/ncpi-fhir-ig-2/CodeSystem/research-data-access-code</td>
                <td/>
              </tr>
              <tr>
                <td style="white-space:nowrap">
                  <a name="x-https://nih-ncpi.github.io/ncpi-fhir-ig-2/CodeSystem/research-data-access-code-GSO"> </a>  
                  <a href="CodeSystem-research-data-access-code.html#research-data-access-code-GSO">GSO</a>
                </td>
                <td>https://nih-ncpi.github.io/ncpi-fhir-ig-2/CodeSystem/research-data-access-code</td>
                <td/>
              </tr>
              <tr>
                <td style="white-space:nowrap">
                  <a name="x-https://nih-ncpi.github.io/ncpi-fhir-ig-2/CodeSystem/research-data-access-code-GSR"> </a>  
                  <a href="CodeSystem-research-data-access-code.html#research-data-access-code-GSR">GSR</a>
                </td>
                <td>https://nih-ncpi.github.io/ncpi-fhir-ig-2/CodeSystem/research-data-access-code</td>
                <td/>
              </tr>
            </table>
          </div>
        </text>
        <url value="https://nih-ncpi.github.io/ncpi-fhir-ig-2/ValueSet/research-data-access-code-vs"/>
        <version value="0.1.0"/>
        <name value="ResearchDataAccessCodeVS"/>
        <title value="Research Data Access Codes"/>
        <status value="draft"/>
        <experimental value="false"/>
        <date value="2025-03-24T15:08:47+00:00"/>
        <expansion>
          <identifier value="urn:uuid:1c994fe9-c08a-4b57-bda9-7e3178eafc12"/>
          <timestamp value="2025-03-24T15:10:44+00:00"/>
          <total value="10"/>
          <offset value="0"/>
          <parameter>
            <name value="displayLanguage"/>
            <valueCode value="en-US"/>
          </parameter>
          <parameter>
            <name value="count"/>
            <valueInteger value="1000"/>
          </parameter>
          <parameter>
            <name value="offset"/>
            <valueInteger value="0"/>
          </parameter>
          <parameter>
            <name value="excludeNested"/>
            <valueBoolean value="false"/>
          </parameter>
          <parameter>
            <name value="used-codesystem"/>
            <valueUri value="https://nih-ncpi.github.io/ncpi-fhir-ig-2/CodeSystem/research-data-access-code|0.1.0"/>
          </parameter>
          <contains>
            <system value="https://nih-ncpi.github.io/ncpi-fhir-ig-2/CodeSystem/research-data-access-code"/>
            <code value="GRU"/>
          </contains>
          <contains>
            <system value="https://nih-ncpi.github.io/ncpi-fhir-ig-2/CodeSystem/research-data-access-code"/>
            <code value="HMB"/>
          </contains>
          <contains>
            <system value="https://nih-ncpi.github.io/ncpi-fhir-ig-2/CodeSystem/research-data-access-code"/>
            <code value="DS"/>
          </contains>
          <contains>
            <system value="https://nih-ncpi.github.io/ncpi-fhir-ig-2/CodeSystem/research-data-access-code"/>
            <code value="IRB"/>
          </contains>
          <contains>
            <system value="https://nih-ncpi.github.io/ncpi-fhir-ig-2/CodeSystem/research-data-access-code"/>
            <code value="PUB"/>
          </contains>
          <contains>
            <system value="https://nih-ncpi.github.io/ncpi-fhir-ig-2/CodeSystem/research-data-access-code"/>
            <code value="COL"/>
          </contains>
          <contains>
            <system value="https://nih-ncpi.github.io/ncpi-fhir-ig-2/CodeSystem/research-data-access-code"/>
            <code value="NPU"/>
          </contains>
          <contains>
            <system value="https://nih-ncpi.github.io/ncpi-fhir-ig-2/CodeSystem/research-data-access-code"/>
            <code value="MDS"/>
          </contains>
          <contains>
            <system value="https://nih-ncpi.github.io/ncpi-fhir-ig-2/CodeSystem/research-data-access-code"/>
            <code value="GSO"/>
          </contains>
          <contains>
            <system value="https://nih-ncpi.github.io/ncpi-fhir-ig-2/CodeSystem/research-data-access-code"/>
            <code value="GSR"/>
          </contains>
        </expansion>
      </ValueSet>
    </resource>
  </entry>
  <entry>
    <fullUrl value="https://nih-ncpi.github.io/ncpi-fhir-ig-2/ValueSet/research-data-access-type-vs"/>
    <resource>
      <ValueSet>
        <text>
          <status value="generated"/>
          <div xmlns="http://www.w3.org/1999/xhtml">
            <p class="res-header-id">
              <b>ValueSet </b>
            </p>
            <p style="border: black 1px dotted; background-color: #EEEEEE; padding: 8px; margin-bottom: 8px">Expansion performed internally based on 
              <a href="CodeSystem-research-data-access-type.html">codesystem Research Data Access Type Codes v0.1.0 (CodeSystem)</a>
            </p>
            <p>This value set contains 5 concepts</p>
            <table class="codes">
              <tr>
                <td style="white-space:nowrap">
                  <b>Code</b>
                </td>
                <td>
                  <b>System</b>
                </td>
                <td>
                  <b>Display (en-US)</b>
                </td>
              </tr>
              <tr>
                <td style="white-space:nowrap">
                  <a name="x-https://nih-ncpi.github.io/ncpi-fhir-ig-2/CodeSystem/research-data-access-type-open"> </a>  
                  <a href="CodeSystem-research-data-access-type.html#research-data-access-type-open">open</a>
                </td>
                <td>https://nih-ncpi.github.io/ncpi-fhir-ig-2/CodeSystem/research-data-access-type</td>
                <td/>
              </tr>
              <tr>
                <td style="white-space:nowrap">
                  <a name="x-https://nih-ncpi.github.io/ncpi-fhir-ig-2/CodeSystem/research-data-access-type-registered"> </a>  
                  <a href="CodeSystem-research-data-access-type.html#research-data-access-type-registered">registered</a>
                </td>
                <td>https://nih-ncpi.github.io/ncpi-fhir-ig-2/CodeSystem/research-data-access-type</td>
                <td/>
              </tr>
              <tr>
                <td style="white-space:nowrap">
                  <a name="x-https://nih-ncpi.github.io/ncpi-fhir-ig-2/CodeSystem/research-data-access-type-controlled"> </a>  
                  <a href="CodeSystem-research-data-access-type.html#research-data-access-type-controlled">controlled</a>
                </td>
                <td>https://nih-ncpi.github.io/ncpi-fhir-ig-2/CodeSystem/research-data-access-type</td>
                <td/>
              </tr>
              <tr>
                <td style="white-space:nowrap">
                  <a name="x-https://nih-ncpi.github.io/ncpi-fhir-ig-2/CodeSystem/research-data-access-type-gsr-restricted"> </a>  
                  <a href="CodeSystem-research-data-access-type.html#research-data-access-type-gsr-restricted">gsr-restricted</a>
                </td>
                <td>https://nih-ncpi.github.io/ncpi-fhir-ig-2/CodeSystem/research-data-access-type</td>
                <td/>
              </tr>
              <tr>
                <td style="white-space:nowrap">
                  <a name="x-https://nih-ncpi.github.io/ncpi-fhir-ig-2/CodeSystem/research-data-access-type-gsr-allowed"> </a>  
                  <a href="CodeSystem-research-data-access-type.html#research-data-access-type-gsr-allowed">gsr-allowed</a>
                </td>
                <td>https://nih-ncpi.github.io/ncpi-fhir-ig-2/CodeSystem/research-data-access-type</td>
                <td/>
              </tr>
            </table>
          </div>
        </text>
        <url value="https://nih-ncpi.github.io/ncpi-fhir-ig-2/ValueSet/research-data-access-type-vs"/>
        <version value="0.1.0"/>
        <name value="ResearchDataAccessTypeVS"/>
        <title value="Research Data Access Type Codes"/>
        <status value="draft"/>
        <experimental value="false"/>
        <date value="2025-03-24T15:08:47+00:00"/>
        <expansion>
          <identifier value="urn:uuid:4f3bde38-65c4-42f1-9af3-12d481384fff"/>
          <timestamp value="2025-03-24T15:10:45+00:00"/>
          <total value="5"/>
          <offset value="0"/>
          <parameter>
            <name value="displayLanguage"/>
            <valueCode value="en-US"/>
          </parameter>
          <parameter>
            <name value="count"/>
            <valueInteger value="1000"/>
          </parameter>
          <parameter>
            <name value="offset"/>
            <valueInteger value="0"/>
          </parameter>
          <parameter>
            <name value="excludeNested"/>
            <valueBoolean value="false"/>
          </parameter>
          <parameter>
            <name value="used-codesystem"/>
            <valueUri value="https://nih-ncpi.github.io/ncpi-fhir-ig-2/CodeSystem/research-data-access-type|0.1.0"/>
          </parameter>
          <contains>
            <system value="https://nih-ncpi.github.io/ncpi-fhir-ig-2/CodeSystem/research-data-access-type"/>
            <code value="open"/>
          </contains>
          <contains>
            <system value="https://nih-ncpi.github.io/ncpi-fhir-ig-2/CodeSystem/research-data-access-type"/>
            <code value="registered"/>
          </contains>
          <contains>
            <system value="https://nih-ncpi.github.io/ncpi-fhir-ig-2/CodeSystem/research-data-access-type"/>
            <code value="controlled"/>
          </contains>
          <contains>
            <system value="https://nih-ncpi.github.io/ncpi-fhir-ig-2/CodeSystem/research-data-access-type"/>
            <code value="gsr-restricted"/>
          </contains>
          <contains>
            <system value="https://nih-ncpi.github.io/ncpi-fhir-ig-2/CodeSystem/research-data-access-type"/>
            <code value="gsr-allowed"/>
          </contains>
        </expansion>
      </ValueSet>
    </resource>
  </entry>
  <entry>
    <fullUrl value="https://nih-ncpi.github.io/ncpi-fhir-ig-2/ValueSet/research-data-date-of-birth-method-vs"/>
    <resource>
      <ValueSet>
        <text>
          <status value="generated"/>
          <div xmlns="http://www.w3.org/1999/xhtml">
            <p class="res-header-id">
              <b>ValueSet </b>
            </p>
            <p style="border: black 1px dotted; background-color: #EEEEEE; padding: 8px; margin-bottom: 8px">Expansion performed internally based on 
              <a href="CodeSystem-research-data-date-of-birth-method.html">codesystem Enumerations for how DOB was constructed v0.1.0 (CodeSystem)</a>
            </p>
            <p>This value set contains 5 concepts</p>
            <table class="codes">
              <tr>
                <td style="white-space:nowrap">
                  <b>Code</b>
                </td>
                <td>
                  <b>System</b>
                </td>
                <td>
                  <b>Display (en-US)</b>
                </td>
              </tr>
              <tr>
                <td style="white-space:nowrap">
                  <a name="x-https://nih-ncpi.github.io/ncpi-fhir-ig-2/CodeSystem/research-data-date-of-birth-method-exact"> </a>  
                  <a href="CodeSystem-research-data-date-of-birth-method.html#research-data-date-of-birth-method-exact">exact</a>
                </td>
                <td>https://nih-ncpi.github.io/ncpi-fhir-ig-2/CodeSystem/research-data-date-of-birth-method</td>
                <td/>
              </tr>
              <tr>
                <td style="white-space:nowrap">
                  <a name="x-https://nih-ncpi.github.io/ncpi-fhir-ig-2/CodeSystem/research-data-date-of-birth-method-year-only"> </a>  
                  <a href="CodeSystem-research-data-date-of-birth-method.html#research-data-date-of-birth-method-year-only">year-only</a>
                </td>
                <td>https://nih-ncpi.github.io/ncpi-fhir-ig-2/CodeSystem/research-data-date-of-birth-method</td>
                <td/>
              </tr>
              <tr>
                <td style="white-space:nowrap">
                  <a name="x-https://nih-ncpi.github.io/ncpi-fhir-ig-2/CodeSystem/research-data-date-of-birth-method-shifted"> </a>  
                  <a href="CodeSystem-research-data-date-of-birth-method.html#research-data-date-of-birth-method-shifted">shifted</a>
                </td>
                <td>https://nih-ncpi.github.io/ncpi-fhir-ig-2/CodeSystem/research-data-date-of-birth-method</td>
                <td/>
              </tr>
              <tr>
                <td style="white-space:nowrap">
                  <a name="x-https://nih-ncpi.github.io/ncpi-fhir-ig-2/CodeSystem/research-data-date-of-birth-method-decade-only"> </a>  
                  <a href="CodeSystem-research-data-date-of-birth-method.html#research-data-date-of-birth-method-decade-only">decade-only</a>
                </td>
                <td>https://nih-ncpi.github.io/ncpi-fhir-ig-2/CodeSystem/research-data-date-of-birth-method</td>
                <td/>
              </tr>
              <tr>
                <td style="white-space:nowrap">
                  <a name="x-https://nih-ncpi.github.io/ncpi-fhir-ig-2/CodeSystem/research-data-date-of-birth-method-other"> </a>  
                  <a href="CodeSystem-research-data-date-of-birth-method.html#research-data-date-of-birth-method-other">other</a>
                </td>
                <td>https://nih-ncpi.github.io/ncpi-fhir-ig-2/CodeSystem/research-data-date-of-birth-method</td>
                <td/>
              </tr>
            </table>
          </div>
        </text>
        <url value="https://nih-ncpi.github.io/ncpi-fhir-ig-2/ValueSet/research-data-date-of-birth-method-vs"/>
        <version value="0.1.0"/>
        <name value="ResearchDataDateOfBirthMethodVS"/>
        <title value="Enumerations for how DOB was constructed"/>
        <status value="draft"/>
        <date value="2025-03-24T15:08:47+00:00"/>
        <expansion>
          <identifier value="urn:uuid:bdca77ab-1dcf-4ffb-adfa-64e625e896f5"/>
          <timestamp value="2025-03-24T15:10:45+00:00"/>
          <total value="5"/>
          <offset value="0"/>
          <parameter>
            <name value="displayLanguage"/>
            <valueCode value="en-US"/>
          </parameter>
          <parameter>
            <name value="count"/>
            <valueInteger value="1000"/>
          </parameter>
          <parameter>
            <name value="offset"/>
            <valueInteger value="0"/>
          </parameter>
          <parameter>
            <name value="excludeNested"/>
            <valueBoolean value="false"/>
          </parameter>
          <parameter>
            <name value="used-codesystem"/>
            <valueUri value="https://nih-ncpi.github.io/ncpi-fhir-ig-2/CodeSystem/research-data-date-of-birth-method|0.1.0"/>
          </parameter>
          <contains>
            <system value="https://nih-ncpi.github.io/ncpi-fhir-ig-2/CodeSystem/research-data-date-of-birth-method"/>
            <code value="exact"/>
          </contains>
          <contains>
            <system value="https://nih-ncpi.github.io/ncpi-fhir-ig-2/CodeSystem/research-data-date-of-birth-method"/>
            <code value="year-only"/>
          </contains>
          <contains>
            <system value="https://nih-ncpi.github.io/ncpi-fhir-ig-2/CodeSystem/research-data-date-of-birth-method"/>
            <code value="shifted"/>
          </contains>
          <contains>
            <system value="https://nih-ncpi.github.io/ncpi-fhir-ig-2/CodeSystem/research-data-date-of-birth-method"/>
            <code value="decade-only"/>
          </contains>
          <contains>
            <system value="https://nih-ncpi.github.io/ncpi-fhir-ig-2/CodeSystem/research-data-date-of-birth-method"/>
            <code value="other"/>
          </contains>
        </expansion>
      </ValueSet>
    </resource>
  </entry>
  <entry>
    <fullUrl value="https://nih-ncpi.github.io/ncpi-fhir-ig-2/ValueSet/study-name-type-vs"/>
    <resource>
      <ValueSet>
        <text>
          <status value="generated"/>
          <div xmlns="http://www.w3.org/1999/xhtml">
            <p class="res-header-id">
              <b>ValueSet </b>
            </p>
            <p style="border: black 1px dotted; background-color: #EEEEEE; padding: 8px; margin-bottom: 8px">Expansion performed internally based on 
              <a href="CodeSystem-study-name-type.html">codesystem Study Name Type v0.1.0 (CodeSystem)</a>
            </p>
            <p>This value set contains 5 concepts</p>
            <table class="codes">
              <tr>
                <td style="white-space:nowrap">
                  <b>Code</b>
                </td>
                <td>
                  <b>System</b>
                </td>
                <td>
                  <b>Display (en-US)</b>
                </td>
              </tr>
              <tr>
                <td style="white-space:nowrap">
                  <a name="x-https://nih-ncpi.github.io/ncpi-fhir-ig-2/CodeSystem/study-name-type-formal-title"> </a>  
                  <a href="CodeSystem-study-name-type.html#study-name-type-formal-title">formal-title</a>
                </td>
                <td>https://nih-ncpi.github.io/ncpi-fhir-ig-2/CodeSystem/study-name-type</td>
                <td/>
              </tr>
              <tr>
                <td style="white-space:nowrap">
                  <a name="x-https://nih-ncpi.github.io/ncpi-fhir-ig-2/CodeSystem/study-name-type-internal-name"> </a>  
                  <a href="CodeSystem-study-name-type.html#study-name-type-internal-name">internal-name</a>
                </td>
                <td>https://nih-ncpi.github.io/ncpi-fhir-ig-2/CodeSystem/study-name-type</td>
                <td/>
              </tr>
              <tr>
                <td style="white-space:nowrap">
                  <a name="x-https://nih-ncpi.github.io/ncpi-fhir-ig-2/CodeSystem/study-name-type-familiar-ame"> </a>  
                  <a href="CodeSystem-study-name-type.html#study-name-type-familiar-ame">familiar-ame</a>
                </td>
                <td>https://nih-ncpi.github.io/ncpi-fhir-ig-2/CodeSystem/study-name-type</td>
                <td/>
              </tr>
              <tr>
                <td style="white-space:nowrap">
                  <a name="x-https://nih-ncpi.github.io/ncpi-fhir-ig-2/CodeSystem/study-name-type-acronym"> </a>  
                  <a href="CodeSystem-study-name-type.html#study-name-type-acronym">acronym</a>
                </td>
                <td>https://nih-ncpi.github.io/ncpi-fhir-ig-2/CodeSystem/study-name-type</td>
                <td/>
              </tr>
              <tr>
                <td style="white-space:nowrap">
                  <a name="x-https://nih-ncpi.github.io/ncpi-fhir-ig-2/CodeSystem/study-name-type-alternative-name"> </a>  
                  <a href="CodeSystem-study-name-type.html#study-name-type-alternative-name">alternative-name</a>
                </td>
                <td>https://nih-ncpi.github.io/ncpi-fhir-ig-2/CodeSystem/study-name-type</td>
                <td/>
              </tr>
            </table>
          </div>
        </text>
        <url value="https://nih-ncpi.github.io/ncpi-fhir-ig-2/ValueSet/study-name-type-vs"/>
        <version value="0.1.0"/>
        <name value="StudyNameTypeVS"/>
        <title value="Study Name Type"/>
        <status value="draft"/>
        <experimental value="false"/>
        <date value="2025-03-24T15:08:47+00:00"/>
        <expansion>
          <identifier value="urn:uuid:2f3c3716-c360-4e1c-a5ca-2059cc790eb8"/>
          <timestamp value="2025-03-24T15:10:45+00:00"/>
          <total value="5"/>
          <offset value="0"/>
          <parameter>
            <name value="displayLanguage"/>
            <valueCode value="en-US"/>
          </parameter>
          <parameter>
            <name value="count"/>
            <valueInteger value="1000"/>
          </parameter>
          <parameter>
            <name value="offset"/>
            <valueInteger value="0"/>
          </parameter>
          <parameter>
            <name value="excludeNested"/>
            <valueBoolean value="false"/>
          </parameter>
          <parameter>
            <name value="used-codesystem"/>
            <valueUri value="https://nih-ncpi.github.io/ncpi-fhir-ig-2/CodeSystem/study-name-type|0.1.0"/>
          </parameter>
          <contains>
            <system value="https://nih-ncpi.github.io/ncpi-fhir-ig-2/CodeSystem/study-name-type"/>
            <code value="formal-title"/>
          </contains>
          <contains>
            <system value="https://nih-ncpi.github.io/ncpi-fhir-ig-2/CodeSystem/study-name-type"/>
            <code value="internal-name"/>
          </contains>
          <contains>
            <system value="https://nih-ncpi.github.io/ncpi-fhir-ig-2/CodeSystem/study-name-type"/>
            <code value="familiar-ame"/>
          </contains>
          <contains>
            <system value="https://nih-ncpi.github.io/ncpi-fhir-ig-2/CodeSystem/study-name-type"/>
            <code value="acronym"/>
          </contains>
          <contains>
            <system value="https://nih-ncpi.github.io/ncpi-fhir-ig-2/CodeSystem/study-name-type"/>
            <code value="alternative-name"/>
          </contains>
        </expansion>
      </ValueSet>
    </resource>
  </entry>
  <entry>
    <fullUrl value="https://nih-ncpi.github.io/ncpi-fhir-ig-2/ValueSet/study-personnel-role-vs"/>
    <resource>
      <ValueSet>
        <text>
          <status value="generated"/>
          <div xmlns="http://www.w3.org/1999/xhtml">
            <p class="res-header-id">
              <b>ValueSet </b>
            </p>
            <p style="border: black 1px dotted; background-color: #EEEEEE; padding: 8px; margin-bottom: 8px">Expansion performed internally based on 
              <a href="CodeSystem-study-personnel-role.html">codesystem Study Personnel Role v0.1.0 (CodeSystem)</a>
            </p>
            <p>This value set contains 3 concepts</p>
            <table class="codes">
              <tr>
                <td style="white-space:nowrap">
                  <b>Code</b>
                </td>
                <td>
                  <b>System</b>
                </td>
                <td>
                  <b>Display (en-US)</b>
                </td>
              </tr>
              <tr>
                <td style="white-space:nowrap">
                  <a name="x-https://nih-ncpi.github.io/ncpi-fhir-ig-2/CodeSystem/study-personnel-role-primary-investigator"> </a>  
                  <a href="CodeSystem-study-personnel-role.html#study-personnel-role-primary-investigator">primary-investigator</a>
                </td>
                <td>https://nih-ncpi.github.io/ncpi-fhir-ig-2/CodeSystem/study-personnel-role</td>
                <td/>
              </tr>
              <tr>
                <td style="white-space:nowrap">
                  <a name="x-https://nih-ncpi.github.io/ncpi-fhir-ig-2/CodeSystem/study-personnel-role-administrator"> </a>  
                  <a href="CodeSystem-study-personnel-role.html#study-personnel-role-administrator">administrator</a>
                </td>
                <td>https://nih-ncpi.github.io/ncpi-fhir-ig-2/CodeSystem/study-personnel-role</td>
                <td/>
              </tr>
              <tr>
                <td style="white-space:nowrap">
                  <a name="x-https://nih-ncpi.github.io/ncpi-fhir-ig-2/CodeSystem/study-personnel-role-collaborator"> </a>  
                  <a href="CodeSystem-study-personnel-role.html#study-personnel-role-collaborator">collaborator</a>
                </td>
                <td>https://nih-ncpi.github.io/ncpi-fhir-ig-2/CodeSystem/study-personnel-role</td>
                <td/>
              </tr>
            </table>
          </div>
        </text>
        <url value="https://nih-ncpi.github.io/ncpi-fhir-ig-2/ValueSet/study-personnel-role-vs"/>
        <version value="0.1.0"/>
        <name value="StudyPersonnelRoleVS"/>
        <title value="Study Personnel Role"/>
        <status value="draft"/>
        <experimental value="false"/>
        <date value="2025-03-24T15:08:47+00:00"/>
        <expansion>
          <identifier value="urn:uuid:572d0870-8f5f-494c-b1dc-003317ba5309"/>
          <timestamp value="2025-03-24T15:10:45+00:00"/>
          <total value="3"/>
          <offset value="0"/>
          <parameter>
            <name value="displayLanguage"/>
            <valueCode value="en-US"/>
          </parameter>
          <parameter>
            <name value="count"/>
            <valueInteger value="1000"/>
          </parameter>
          <parameter>
            <name value="offset"/>
            <valueInteger value="0"/>
          </parameter>
          <parameter>
            <name value="excludeNested"/>
            <valueBoolean value="false"/>
          </parameter>
          <parameter>
            <name value="used-codesystem"/>
            <valueUri value="https://nih-ncpi.github.io/ncpi-fhir-ig-2/CodeSystem/study-personnel-role|0.1.0"/>
          </parameter>
          <contains>
            <system value="https://nih-ncpi.github.io/ncpi-fhir-ig-2/CodeSystem/study-personnel-role"/>
            <code value="primary-investigator"/>
          </contains>
          <contains>
            <system value="https://nih-ncpi.github.io/ncpi-fhir-ig-2/CodeSystem/study-personnel-role"/>
            <code value="administrator"/>
          </contains>
          <contains>
            <system value="https://nih-ncpi.github.io/ncpi-fhir-ig-2/CodeSystem/study-personnel-role"/>
            <code value="collaborator"/>
          </contains>
        </expansion>
      </ValueSet>
    </resource>
  </entry>
</Bundle>