<?xml version="1.0" encoding="UTF-8"?>

<Bundle xmlns="http://hl7.org/fhir">
  <id value="9b120e5e-0b6d-4669-9388-429f0c3296e4"/>
  <meta>
    <lastUpdated value="2025-08-12T16:43:03.093+00:00"/>
  </meta>
  <type value="collection"/>
  <entry>
    <fullUrl value="https://nih-ncpi.github.io/ncpi-fhir-ig-2/ValueSet/collection-type-vs"/>
    <resource>
      <ValueSet>
        <text>
          <status value="generated"/>
          <div xmlns="http://www.w3.org/1999/xhtml">
            <p class="res-header-id"/>
            <p style="border: black 1px dotted; background-color: #EEEEEE; padding: 8px; margin-bottom: 8px">Expansion performed internally based on 
              <a href="CodeSystem-collection-type.html">codesystem Collection Type v0.2.0 (CodeSystem)</a>
            </p>
            <p>This value set contains 3 concepts</p>
            <table class="codes">
              <tr>
                <td style="white-space:nowrap">
                  <b>Code</b>
                </td>
                <td>
                  <b>System</b>
                </td>
                <td>
                  <b>Display</b>
                </td>
              </tr>
              <tr>
                <td style="white-space:nowrap">
                  <a name="x-https://nih-ncpi.github.io/ncpi-fhir-ig-2/CodeSystem/collection-type-consortium"> </a>  
                  <a href="CodeSystem-collection-type.html#collection-type-consortium">consortium</a>
                </td>
                <td>https://nih-ncpi.github.io/ncpi-fhir-ig-2/CodeSystem/collection-type</td>
                <td>Consortium</td>
              </tr>
              <tr>
                <td style="white-space:nowrap">
                  <a name="x-https://nih-ncpi.github.io/ncpi-fhir-ig-2/CodeSystem/collection-type-program"> </a>  
                  <a href="CodeSystem-collection-type.html#collection-type-program">program</a>
                </td>
                <td>https://nih-ncpi.github.io/ncpi-fhir-ig-2/CodeSystem/collection-type</td>
                <td>Program</td>
              </tr>
              <tr>
                <td style="white-space:nowrap">
                  <a name="x-https://nih-ncpi.github.io/ncpi-fhir-ig-2/CodeSystem/collection-type-user-defined"> </a>  
                  <a href="CodeSystem-collection-type.html#collection-type-user-defined">user-defined</a>
                </td>
                <td>https://nih-ncpi.github.io/ncpi-fhir-ig-2/CodeSystem/collection-type</td>
                <td>User Defined</td>
              </tr>
            </table>
          </div>
        </text>
        <url value="https://nih-ncpi.github.io/ncpi-fhir-ig-2/ValueSet/collection-type-vs"/>
        <version value="0.2.0"/>
        <name value="CollectionTypeVS"/>
        <title value="Collection Type"/>
        <status value="draft"/>
        <experimental value="false"/>
        <date value="2025-08-12T16:41:46+00:00"/>
        <expansion>
          <identifier value="urn:uuid:72f59014-9eaf-4232-a106-6edc3254b39b"/>
          <timestamp value="2025-08-12T16:44:30+00:00"/>
          <total value="3"/>
          <offset value="0"/>
          <parameter>
            <name value="count"/>
            <valueInteger value="1000"/>
          </parameter>
          <parameter>
            <name value="offset"/>
            <valueInteger value="0"/>
          </parameter>
          <parameter>
            <name value="excludeNested"/>
            <valueBoolean value="false"/>
          </parameter>
          <parameter>
            <name value="used-codesystem"/>
            <valueUri value="https://nih-ncpi.github.io/ncpi-fhir-ig-2/CodeSystem/collection-type|0.2.0"/>
          </parameter>
          <contains>
            <system value="https://nih-ncpi.github.io/ncpi-fhir-ig-2/CodeSystem/collection-type"/>
            <code value="consortium"/>
            <display value="Consortium"/>
          </contains>
          <contains>
            <system value="https://nih-ncpi.github.io/ncpi-fhir-ig-2/CodeSystem/collection-type"/>
            <code value="program"/>
            <display value="Program"/>
          </contains>
          <contains>
            <system value="https://nih-ncpi.github.io/ncpi-fhir-ig-2/CodeSystem/collection-type"/>
            <code value="user-defined"/>
            <display value="User Defined"/>
          </contains>
        </expansion>
      </ValueSet>
    </resource>
  </entry>
  <entry>
    <fullUrl value="https://nih-ncpi.github.io/ncpi-fhir-ig-2/ValueSet/condition-type-vs"/>
    <resource>
      <ValueSet>
        <text>
          <status value="generated"/>
          <div xmlns="http://www.w3.org/1999/xhtml">
            <p class="res-header-id"/>
            <p style="border: black 1px dotted; background-color: #EEEEEE; padding: 8px; margin-bottom: 8px">Expansion performed internally based on 
              <a href="CodeSystem-condition-type.html">codesystem Type of Condition v0.2.0 (CodeSystem)</a>
            </p>
            <p>This value set contains 6 concepts</p>
            <table class="codes">
              <tr>
                <td style="white-space:nowrap">
                  <b>Code</b>
                </td>
                <td>
                  <b>System</b>
                </td>
                <td>
                  <b>Display</b>
                </td>
              </tr>
              <tr>
                <td style="white-space:nowrap">
                  <a name="x-https://nih-ncpi.github.io/ncpi-fhir-ig-2/CodeSystem/condition-type-Phenotypic-Feature"> </a>  
                  <a href="CodeSystem-condition-type.html#condition-type-Phenotypic-Feature">Phenotypic-Feature</a>
                </td>
                <td>https://nih-ncpi.github.io/ncpi-fhir-ig-2/CodeSystem/condition-type</td>
                <td>Phenotypic Feature</td>
              </tr>
              <tr>
                <td style="white-space:nowrap">
                  <a name="x-https://nih-ncpi.github.io/ncpi-fhir-ig-2/CodeSystem/condition-type-Disease"> </a>  
                  <a href="CodeSystem-condition-type.html#condition-type-Disease">Disease</a>
                </td>
                <td>https://nih-ncpi.github.io/ncpi-fhir-ig-2/CodeSystem/condition-type</td>
                <td>Disease</td>
              </tr>
              <tr>
                <td style="white-space:nowrap">
                  <a name="x-https://nih-ncpi.github.io/ncpi-fhir-ig-2/CodeSystem/condition-type-Comorbidity"> </a>  
                  <a href="CodeSystem-condition-type.html#condition-type-Comorbidity">Comorbidity</a>
                </td>
                <td>https://nih-ncpi.github.io/ncpi-fhir-ig-2/CodeSystem/condition-type</td>
                <td>Comorbidity</td>
              </tr>
              <tr>
                <td style="white-space:nowrap">
                  <a name="x-https://nih-ncpi.github.io/ncpi-fhir-ig-2/CodeSystem/condition-type-Histology"> </a>  
                  <a href="CodeSystem-condition-type.html#condition-type-Histology">Histology</a>
                </td>
                <td>https://nih-ncpi.github.io/ncpi-fhir-ig-2/CodeSystem/condition-type</td>
                <td>Histology</td>
              </tr>
              <tr>
                <td style="white-space:nowrap">
                  <a name="x-https://nih-ncpi.github.io/ncpi-fhir-ig-2/CodeSystem/condition-type-Clinical-Finding"> </a>  
                  <a href="CodeSystem-condition-type.html#condition-type-Clinical-Finding">Clinical-Finding</a>
                </td>
                <td>https://nih-ncpi.github.io/ncpi-fhir-ig-2/CodeSystem/condition-type</td>
                <td>Clinical Finding</td>
              </tr>
              <tr>
                <td style="white-space:nowrap">
                  <a name="x-https://nih-ncpi.github.io/ncpi-fhir-ig-2/CodeSystem/condition-type-EHR-Condition-Code"> </a>  
                  <a href="CodeSystem-condition-type.html#condition-type-EHR-Condition-Code">EHR-Condition-Code</a>
                </td>
                <td>https://nih-ncpi.github.io/ncpi-fhir-ig-2/CodeSystem/condition-type</td>
                <td>EHR Condition Code</td>
              </tr>
            </table>
          </div>
        </text>
        <url value="https://nih-ncpi.github.io/ncpi-fhir-ig-2/ValueSet/condition-type-vs"/>
        <version value="0.2.0"/>
        <name value="ConditionTypeVS"/>
        <title value="Type of Condition"/>
        <status value="draft"/>
        <experimental value="false"/>
        <date value="2025-08-12T16:41:46+00:00"/>
        <expansion>
          <identifier value="urn:uuid:673b4f5e-8597-4cf2-899c-1151e2827aa0"/>
          <timestamp value="2025-08-12T16:44:31+00:00"/>
          <total value="6"/>
          <offset value="0"/>
          <parameter>
            <name value="count"/>
            <valueInteger value="1000"/>
          </parameter>
          <parameter>
            <name value="offset"/>
            <valueInteger value="0"/>
          </parameter>
          <parameter>
            <name value="excludeNested"/>
            <valueBoolean value="false"/>
          </parameter>
          <parameter>
            <name value="used-codesystem"/>
            <valueUri value="https://nih-ncpi.github.io/ncpi-fhir-ig-2/CodeSystem/condition-type|0.2.0"/>
          </parameter>
          <contains>
            <system value="https://nih-ncpi.github.io/ncpi-fhir-ig-2/CodeSystem/condition-type"/>
            <code value="Phenotypic-Feature"/>
            <display value="Phenotypic Feature"/>
          </contains>
          <contains>
            <system value="https://nih-ncpi.github.io/ncpi-fhir-ig-2/CodeSystem/condition-type"/>
            <code value="Disease"/>
            <display value="Disease"/>
          </contains>
          <contains>
            <system value="https://nih-ncpi.github.io/ncpi-fhir-ig-2/CodeSystem/condition-type"/>
            <code value="Comorbidity"/>
            <display value="Comorbidity"/>
          </contains>
          <contains>
            <system value="https://nih-ncpi.github.io/ncpi-fhir-ig-2/CodeSystem/condition-type"/>
            <code value="Histology"/>
            <display value="Histology"/>
          </contains>
          <contains>
            <system value="https://nih-ncpi.github.io/ncpi-fhir-ig-2/CodeSystem/condition-type"/>
            <code value="Clinical-Finding"/>
            <display value="Clinical Finding"/>
          </contains>
          <contains>
            <system value="https://nih-ncpi.github.io/ncpi-fhir-ig-2/CodeSystem/condition-type"/>
            <code value="EHR-Condition-Code"/>
            <display value="EHR Condition Code"/>
          </contains>
        </expansion>
      </ValueSet>
    </resource>
  </entry>
  <entry>
    <fullUrl value="https://nih-ncpi.github.io/ncpi-fhir-ig-2/ValueSet/consanguinity-assertion-vs"/>
    <resource>
      <ValueSet>
        <text>
          <status value="generated"/>
          <div xmlns="http://www.w3.org/1999/xhtml">
            <p class="res-header-id"/>
            <p style="border: black 1px dotted; background-color: #EEEEEE; padding: 8px; margin-bottom: 8px">Expansion from tx.fhir.org based on SNOMED CT International edition 01-Feb 2025</p>
            <p>This value set contains 4 concepts</p>
            <table class="codes">
              <tr>
                <td style="white-space:nowrap">
                  <b>Code</b>
                </td>
                <td>
                  <b>System</b>
                </td>
                <td>
                  <b>Display</b>
                </td>
              </tr>
              <tr>
                <td style="white-space:nowrap">
                  <a name="x-http://snomed.info/sct-428263003"> </a>  
                  <a href="http://snomed.info/id/428263003">428263003</a>
                </td>
                <td>http://snomed.info/sct</td>
                <td>NOT suspected (qualifier value)</td>
              </tr>
              <tr>
                <td style="white-space:nowrap">
                  <a name="x-http://snomed.info/sct-415684004"> </a>  
                  <a href="http://snomed.info/id/415684004">415684004</a>
                </td>
                <td>http://snomed.info/sct</td>
                <td>Suspected (qualifier value)</td>
              </tr>
              <tr>
                <td style="white-space:nowrap">
                  <a name="x-http://snomed.info/sct-410515003"> </a>  
                  <a href="http://snomed.info/id/410515003">410515003</a>
                </td>
                <td>http://snomed.info/sct</td>
                <td>Known present (qualifier value)</td>
              </tr>
              <tr>
                <td style="white-space:nowrap">
                  <a name="x-http://snomed.info/sct-261665006"> </a>  
                  <a href="http://snomed.info/id/261665006">261665006</a>
                </td>
                <td>http://snomed.info/sct</td>
                <td>Unknown</td>
              </tr>
            </table>
          </div>
        </text>
        <url value="https://nih-ncpi.github.io/ncpi-fhir-ig-2/ValueSet/consanguinity-assertion-vs"/>
        <version value="0.2.0"/>
        <name value="ConsanguinityAssertionVS"/>
        <title value="Consanguinity Value Codes"/>
        <status value="draft"/>
        <experimental value="false"/>
        <date value="2025-08-12T16:41:46+00:00"/>
        <expansion>
          <identifier value="urn:uuid:593752c9-6ae6-4cbf-9fa1-f25b4dcb9e3c"/>
          <timestamp value="2025-08-12T16:44:31+00:00"/>
          <total value="4"/>
          <offset value="0"/>
          <parameter>
            <name value="count"/>
            <valueInteger value="1000"/>
          </parameter>
          <parameter>
            <name value="offset"/>
            <valueInteger value="0"/>
          </parameter>
          <parameter>
            <name value="excludeNested"/>
            <valueBoolean value="false"/>
          </parameter>
          <parameter>
            <name value="used-valueset"/>
            <valueUri value="null"/>
          </parameter>
          <parameter>
            <name value="used-codesystem"/>
            <valueUri value="http://snomed.info/sct|http://snomed.info/sct/900000000000207008/version/20250201"/>
          </parameter>
          <parameter>
            <name value="version"/>
            <valueUri value="http://snomed.info/sct|http://snomed.info/sct/900000000000207008/version/20250201"/>
          </parameter>
          <contains>
            <system value="http://snomed.info/sct"/>
            <code value="428263003"/>
            <display value="NOT suspected (qualifier value)"/>
          </contains>
          <contains>
            <system value="http://snomed.info/sct"/>
            <code value="415684004"/>
            <display value="Suspected (qualifier value)"/>
          </contains>
          <contains>
            <system value="http://snomed.info/sct"/>
            <code value="410515003"/>
            <display value="Known present (qualifier value)"/>
          </contains>
          <contains>
            <system value="http://snomed.info/sct"/>
            <code value="261665006"/>
            <display value="Unknown"/>
          </contains>
        </expansion>
      </ValueSet>
    </resource>
  </entry>
  <entry>
    <fullUrl value="https://nih-ncpi.github.io/ncpi-fhir-ig-2/ValueSet/ncpi-family-types-vs"/>
    <resource>
      <ValueSet>
        <text>
          <status value="generated"/>
          <div xmlns="http://www.w3.org/1999/xhtml">
            <p class="res-header-id"/>
            <p style="border: black 1px dotted; background-color: #ffcccc; padding: 8px; margin-bottom: 8px">Expansion based on code system fragment 
              <a href="CodeSystem-ncpi-family-types.html">https://nih-ncpi.github.io/ncpi-fhir-ig-2/CodeSystem/ncpi-family-types NCPI Family Types CodeSystem v0.2.0 (CodeSystem)</a>
            </p>
            <p style="border: black 1px dotted; background-color: #EEEEEE; padding: 8px; margin-bottom: 8px">Expansion performed internally based on 
              <a href="CodeSystem-ncpi-family-types.html">codesystem NCPI Family Types CodeSystem v0.2.0 (CodeSystem)</a>
            </p>
            <p>This value set contains at least 6 concepts</p>
            <table class="codes">
              <tr>
                <td style="white-space:nowrap">
                  <b>Code</b>
                </td>
                <td>
                  <b>System</b>
                </td>
                <td>
                  <b>Display</b>
                </td>
              </tr>
              <tr>
                <td style="white-space:nowrap">
                  <a name="x-https://nih-ncpi.github.io/ncpi-fhir-ig-2/CodeSystem/ncpi-family-types-Control-only"> </a>  
                  <a href="CodeSystem-ncpi-family-types.html#ncpi-family-types-Control-only">Control-only</a>
                </td>
                <td>https://nih-ncpi.github.io/ncpi-fhir-ig-2/CodeSystem/ncpi-family-types</td>
                <td>Control Only</td>
              </tr>
              <tr>
                <td style="white-space:nowrap">
                  <a name="x-https://nih-ncpi.github.io/ncpi-fhir-ig-2/CodeSystem/ncpi-family-types-Duo"> </a>  
                  <a href="CodeSystem-ncpi-family-types.html#ncpi-family-types-Duo">Duo</a>
                </td>
                <td>https://nih-ncpi.github.io/ncpi-fhir-ig-2/CodeSystem/ncpi-family-types</td>
                <td>Duo</td>
              </tr>
              <tr>
                <td style="white-space:nowrap">
                  <a name="x-https://nih-ncpi.github.io/ncpi-fhir-ig-2/CodeSystem/ncpi-family-types-Other"> </a>  
                  <a href="CodeSystem-ncpi-family-types.html#ncpi-family-types-Other">Other</a>
                </td>
                <td>https://nih-ncpi.github.io/ncpi-fhir-ig-2/CodeSystem/ncpi-family-types</td>
                <td>Other</td>
              </tr>
              <tr>
                <td style="white-space:nowrap">
                  <a name="x-https://nih-ncpi.github.io/ncpi-fhir-ig-2/CodeSystem/ncpi-family-types-Proband-only"> </a>  
                  <a href="CodeSystem-ncpi-family-types.html#ncpi-family-types-Proband-only">Proband-only</a>
                </td>
                <td>https://nih-ncpi.github.io/ncpi-fhir-ig-2/CodeSystem/ncpi-family-types</td>
                <td>Proband Only</td>
              </tr>
              <tr>
                <td style="white-space:nowrap">
                  <a name="x-https://nih-ncpi.github.io/ncpi-fhir-ig-2/CodeSystem/ncpi-family-types-Trio"> </a>  
                  <a href="CodeSystem-ncpi-family-types.html#ncpi-family-types-Trio">Trio</a>
                </td>
                <td>https://nih-ncpi.github.io/ncpi-fhir-ig-2/CodeSystem/ncpi-family-types</td>
                <td>Trio</td>
              </tr>
              <tr>
                <td style="white-space:nowrap">
                  <a name="x-https://nih-ncpi.github.io/ncpi-fhir-ig-2/CodeSystem/ncpi-family-types-Trio+"> </a>  
                  <a href="CodeSystem-ncpi-family-types.html#ncpi-family-types-Trio.43">Trio+</a>
                </td>
                <td>https://nih-ncpi.github.io/ncpi-fhir-ig-2/CodeSystem/ncpi-family-types</td>
                <td>Trio+</td>
              </tr>
            </table>
          </div>
        </text>
        <url value="https://nih-ncpi.github.io/ncpi-fhir-ig-2/ValueSet/ncpi-family-types-vs"/>
        <version value="0.2.0"/>
        <name value="NcpiFamilyTypesVS"/>
        <title value="Family Types Codes"/>
        <status value="active"/>
        <experimental value="false"/>
        <date value="2025-08-12T16:41:46+00:00"/>
        <expansion>
          <identifier value="urn:uuid:368a69ea-383f-4a48-a0ec-074034c33215"/>
          <timestamp value="2025-08-12T16:44:34+00:00"/>
          <total value="6"/>
          <offset value="0"/>
          <parameter>
            <name value="count"/>
            <valueInteger value="1000"/>
          </parameter>
          <parameter>
            <name value="offset"/>
            <valueInteger value="0"/>
          </parameter>
          <parameter>
            <name value="excludeNested"/>
            <valueBoolean value="false"/>
          </parameter>
          <parameter>
            <name value="used-codesystem"/>
            <valueUri value="https://nih-ncpi.github.io/ncpi-fhir-ig-2/CodeSystem/ncpi-family-types|0.2.0"/>
          </parameter>
          <parameter>
            <name value="fragment"/>
            <valueCanonical value="https://nih-ncpi.github.io/ncpi-fhir-ig-2/CodeSystem/ncpi-family-types|0.2.0"/>
          </parameter>
          <contains>
            <system value="https://nih-ncpi.github.io/ncpi-fhir-ig-2/CodeSystem/ncpi-family-types"/>
            <code value="Control-only"/>
            <display value="Control Only"/>
          </contains>
          <contains>
            <system value="https://nih-ncpi.github.io/ncpi-fhir-ig-2/CodeSystem/ncpi-family-types"/>
            <code value="Duo"/>
            <display value="Duo"/>
          </contains>
          <contains>
            <system value="https://nih-ncpi.github.io/ncpi-fhir-ig-2/CodeSystem/ncpi-family-types"/>
            <code value="Other"/>
            <display value="Other"/>
          </contains>
          <contains>
            <system value="https://nih-ncpi.github.io/ncpi-fhir-ig-2/CodeSystem/ncpi-family-types"/>
            <code value="Proband-only"/>
            <display value="Proband Only"/>
          </contains>
          <contains>
            <system value="https://nih-ncpi.github.io/ncpi-fhir-ig-2/CodeSystem/ncpi-family-types"/>
            <code value="Trio"/>
            <display value="Trio"/>
          </contains>
          <contains>
            <system value="https://nih-ncpi.github.io/ncpi-fhir-ig-2/CodeSystem/ncpi-family-types"/>
            <code value="Trio+"/>
            <display value="Trio+"/>
          </contains>
        </expansion>
      </ValueSet>
    </resource>
  </entry>
  <entry>
    <fullUrl value="https://nih-ncpi.github.io/ncpi-fhir-ig-2/ValueSet/phenotypic-feature-assertion-vs"/>
    <resource>
      <ValueSet>
        <text>
          <status value="generated"/>
          <div xmlns="http://www.w3.org/1999/xhtml">
            <p class="res-header-id"/>
            <div style="border: black 1px dotted; background-color: #EEEEEE; padding: 8px; margin-bottom: 8px">
              <p>Expansion from tx.fhir.org based on:</p>
              <ul>
                <li>Loinc v2.80</li>
                <li>
                  <a href="http://terminology.hl7.org/6.2.0/CodeSystem-v3-NullFlavor.html">codesystem NullFlavor v3.0.0 (CodeSystem)</a>
                </li>
                <li>
                  <a href="http://terminology.hl7.org/6.2.0/ValueSet-v3-NullFlavor.html">valueset NullFlavor v3.0.0 (ValueSet)</a>
                </li>
              </ul>
            </div>
            <p>This value set contains 19 concepts</p>
            <table class="codes">
              <tr>
                <td style="white-space:nowrap">
                  <b>Code</b>
                </td>
                <td>
                  <b>System</b>
                </td>
                <td>
                  <b>Display</b>
                </td>
                <td>
                  <b>Inactive</b>
                </td>
                <td>
                  <b>Definition</b>
                </td>
              </tr>
              <tr>
                <td style="white-space:nowrap">
                  <a name="x-http://loinc.org-LA9633-4"> </a>  
                  <a href="https://loinc.org/LA9633-4/">LA9633-4</a>
                </td>
                <td>http://loinc.org</td>
                <td>Present</td>
                <td/>
                <td/>
              </tr>
              <tr>
                <td style="white-space:nowrap">
                  <a name="x-http://loinc.org-LA9634-2"> </a>  
                  <a href="https://loinc.org/LA9634-2/">LA9634-2</a>
                </td>
                <td>http://loinc.org</td>
                <td>Absent</td>
                <td/>
                <td/>
              </tr>
              <tr>
                <td style="white-space:nowrap">
                  <a name="x-http://terminology.hl7.org/CodeSystem/v3-NullFlavor-NI"> </a>  
                  <a href="http://terminology.hl7.org/6.2.0/CodeSystem-v3-NullFlavor.html#v3-NullFlavor-NI">NI</a>
                </td>
                <td>http://terminology.hl7.org/CodeSystem/v3-NullFlavor</td>
                <td>NoInformation</td>
                <td/>
                <td>
                  <div>
                    <p>**Description:**The value is exceptional (missing, omitted, incomplete, improper). No information as to the reason for being an exceptional value is provided. This is the most general exceptional value. It is also the default exceptional value.</p>

                  </div>
                </td>
              </tr>
              <tr>
                <td style="white-space:nowrap">
                  <a name="x-http://terminology.hl7.org/CodeSystem/v3-NullFlavor-INV"> </a>  
                  <a href="http://terminology.hl7.org/6.2.0/CodeSystem-v3-NullFlavor.html#v3-NullFlavor-INV">INV</a>
                </td>
                <td>http://terminology.hl7.org/CodeSystem/v3-NullFlavor</td>
                <td>invalid</td>
                <td/>
                <td>
                  <div>
                    <p>**Description:**The value as represented in the instance is not a member of the set of permitted data values in the constrained value domain of a variable.</p>

                  </div>
                </td>
              </tr>
              <tr>
                <td style="white-space:nowrap">
                  <a name="x-http://terminology.hl7.org/CodeSystem/v3-NullFlavor-DER"> </a>  
                  <a href="http://terminology.hl7.org/6.2.0/CodeSystem-v3-NullFlavor.html#v3-NullFlavor-DER">DER</a>
                </td>
                <td>http://terminology.hl7.org/CodeSystem/v3-NullFlavor</td>
                <td>derived</td>
                <td/>
                <td>
                  <div>
                    <p>**Description:**An actual value may exist, but it must be derived from the provided information (usually an EXPR generic data type extension will be used to convey the derivation expressionexpression .</p>

                  </div>
                </td>
              </tr>
              <tr>
                <td style="white-space:nowrap">
                  <a name="x-http://terminology.hl7.org/CodeSystem/v3-NullFlavor-OTH"> </a>  
                  <a href="http://terminology.hl7.org/6.2.0/CodeSystem-v3-NullFlavor.html#v3-NullFlavor-OTH">OTH</a>
                </td>
                <td>http://terminology.hl7.org/CodeSystem/v3-NullFlavor</td>
                <td>other</td>
                <td/>
                <td>
                  <div>
                    <p>**Description:**The actual value is not a member of the set of permitted data values in the constrained value domain of a variable. (e.g., concept not provided by required code system).</p>

                    <p>
                      <strong>Usage Notes</strong>: This flavor and its specializations are most commonly used with the CD datatype and its flavors. However, it may apply to *any* datatype where the constraints of the type are tighter than can be conveyed. For example, a PQ that is for a true measured amount whose units are not supported in UCUM, a need to convey a REAL when the type has been constrained to INT, etc.
                    </p>

                    <p>With coded datatypes, this null flavor may only be used if the vocabulary binding has a coding strength of CNE. By definition, all local codes and original text are part of the value set if the coding strength is CWE.</p>

                  </div>
                </td>
              </tr>
              <tr>
                <td style="white-space:nowrap">
                  <a name="x-http://terminology.hl7.org/CodeSystem/v3-NullFlavor-NINF"> </a>  
                  <a href="http://terminology.hl7.org/6.2.0/CodeSystem-v3-NullFlavor.html#v3-NullFlavor-NINF">NINF</a>
                </td>
                <td>http://terminology.hl7.org/CodeSystem/v3-NullFlavor</td>
                <td>negative infinity</td>
                <td/>
                <td>
                  <div>
                    <p>Negative infinity of numbers.</p>

                  </div>
                </td>
              </tr>
              <tr>
                <td style="white-space:nowrap">
                  <a name="x-http://terminology.hl7.org/CodeSystem/v3-NullFlavor-PINF"> </a>  
                  <a href="http://terminology.hl7.org/6.2.0/CodeSystem-v3-NullFlavor.html#v3-NullFlavor-PINF">PINF</a>
                </td>
                <td>http://terminology.hl7.org/CodeSystem/v3-NullFlavor</td>
                <td>positive infinity</td>
                <td/>
                <td>
                  <div>
                    <p>Positive infinity of numbers.</p>

                  </div>
                </td>
              </tr>
              <tr>
                <td style="white-space:nowrap">
                  <a name="x-http://terminology.hl7.org/CodeSystem/v3-NullFlavor-UNC"> </a>  
                  <a href="http://terminology.hl7.org/6.2.0/CodeSystem-v3-NullFlavor.html#v3-NullFlavor-UNC">UNC</a>
                </td>
                <td>http://terminology.hl7.org/CodeSystem/v3-NullFlavor</td>
                <td>un-encoded</td>
                <td/>
                <td>
                  <div>
                    <p>
                      <strong>Description:</strong> The actual value has not yet been encoded within the approved value domain.
                    </p>

                    <p>
                      <strong>Example</strong>: Original text or a local code has been specified but translation or encoding to the approved value set has not yet occurred due to limitations of the sending system. Original text has been captured for a PQ, but not attempt has been made to split the value and unit or to encode the unit in UCUM.
                    </p>

                    <p>
                      <strong>Usage Notes</strong>: If it is known that it is not possible to encode the concept, OTH should be used instead. However, use of UNC does not necessarily guarantee the concept will be encodable, only that encoding has not been attempted.
                    </p>

                    <p>Data type properties such as original text and translations may be present when this null flavor is included.</p>

                  </div>
                </td>
              </tr>
              <tr>
                <td style="white-space:nowrap">
                  <a name="x-http://terminology.hl7.org/CodeSystem/v3-NullFlavor-MSK"> </a>  
                  <a href="http://terminology.hl7.org/6.2.0/CodeSystem-v3-NullFlavor.html#v3-NullFlavor-MSK">MSK</a>
                </td>
                <td>http://terminology.hl7.org/CodeSystem/v3-NullFlavor</td>
                <td>masked</td>
                <td/>
                <td>
                  <div>
                    <p>There is information on this item available but it has not been provided by the sender due to security, privacy or other reasons. There may be an alternate mechanism for gaining access to this information.</p>

                    <p>Note: using this null flavor does provide information that may be a breach of confidentiality, even though no detail data is provided. Its primary purpose is for those circumstances where it is necessary to inform the receiver that the information does exist without providing any detail.</p>

                  </div>
                </td>
              </tr>
              <tr>
                <td style="white-space:nowrap">
                  <a name="x-http://terminology.hl7.org/CodeSystem/v3-NullFlavor-NA"> </a>  
                  <a href="http://terminology.hl7.org/6.2.0/CodeSystem-v3-NullFlavor.html#v3-NullFlavor-NA">NA</a>
                </td>
                <td>http://terminology.hl7.org/CodeSystem/v3-NullFlavor</td>
                <td>not applicable</td>
                <td/>
                <td>
                  <div>
                    <p>Known to have no proper value (e.g., last menstrual period for a male).</p>

                  </div>
                </td>
              </tr>
              <tr>
                <td style="white-space:nowrap">
                  <a name="x-http://terminology.hl7.org/CodeSystem/v3-NullFlavor-UNK"> </a>  
                  <a href="http://terminology.hl7.org/6.2.0/CodeSystem-v3-NullFlavor.html#v3-NullFlavor-UNK">UNK</a>
                </td>
                <td>http://terminology.hl7.org/CodeSystem/v3-NullFlavor</td>
                <td>unknown</td>
                <td/>
                <td>
                  <div>
                    <p>**Description:**A proper value is applicable, but not known.</p>

                    <p>
                      <strong>Usage Notes</strong>: This means the actual value is not known. If the only thing that is unknown is how to properly express the value in the necessary constraints (value set, datatype, etc.), then the OTH or UNC flavor should be used. No properties should be included for a datatype with this property unless:
                    </p>

                    <ol>

                      <li>Those properties themselves directly translate to a semantic of &quot;unknown&quot;. (E.g. a local code sent as a translation that conveys 'unknown')</li>

                      <li>Those properties further qualify the nature of what is unknown. (E.g. specifying a use code of &quot;H&quot; and a URL prefix of &quot;tel:&quot; to convey that it is the home phone number that is unknown.)</li>

                    </ol>

                  </div>
                </td>
              </tr>
              <tr>
                <td style="white-space:nowrap">
                  <a name="x-http://terminology.hl7.org/CodeSystem/v3-NullFlavor-ASKU"> </a>  
                  <a href="http://terminology.hl7.org/6.2.0/CodeSystem-v3-NullFlavor.html#v3-NullFlavor-ASKU">ASKU</a>
                </td>
                <td>http://terminology.hl7.org/CodeSystem/v3-NullFlavor</td>
                <td>asked but unknown</td>
                <td/>
                <td>
                  <div>
                    <p>Information was sought but not found (e.g., patient was asked but didn't know)</p>

                  </div>
                </td>
              </tr>
              <tr>
                <td style="white-space:nowrap">
                  <a name="x-http://terminology.hl7.org/CodeSystem/v3-NullFlavor-NAV"> </a>  
                  <a href="http://terminology.hl7.org/6.2.0/CodeSystem-v3-NullFlavor.html#v3-NullFlavor-NAV">NAV</a>
                </td>
                <td>http://terminology.hl7.org/CodeSystem/v3-NullFlavor</td>
                <td>temporarily unavailable</td>
                <td/>
                <td>
                  <div>
                    <p>Information is not available at this time but it is expected that it will be available later.</p>

                  </div>
                </td>
              </tr>
              <tr>
                <td style="white-space:nowrap">
                  <a name="x-http://terminology.hl7.org/CodeSystem/v3-NullFlavor-NASK"> </a>  
                  <a href="http://terminology.hl7.org/6.2.0/CodeSystem-v3-NullFlavor.html#v3-NullFlavor-NASK">NASK</a>
                </td>
                <td>http://terminology.hl7.org/CodeSystem/v3-NullFlavor</td>
                <td>not asked</td>
                <td/>
                <td>
                  <div>
                    <p>This information has not been sought (e.g., patient was not asked)</p>

                  </div>
                </td>
              </tr>
              <tr>
                <td style="white-space:nowrap">
                  <a name="x-http://terminology.hl7.org/CodeSystem/v3-NullFlavor-NAVU"> </a>  
                  <a href="http://terminology.hl7.org/6.2.0/CodeSystem-v3-NullFlavor.html#v3-NullFlavor-NAVU">NAVU</a>
                </td>
                <td>http://terminology.hl7.org/CodeSystem/v3-NullFlavor</td>
                <td>Not available</td>
                <td/>
                <td>
                  <div>
                    <p>Information is not available at this time (with no expectation regarding whether it will or will not be available in the future).</p>

                  </div>
                </td>
              </tr>
              <tr>
                <td style="white-space:nowrap">
                  <a name="x-http://terminology.hl7.org/CodeSystem/v3-NullFlavor-QS"> </a>  
                  <a href="http://terminology.hl7.org/6.2.0/CodeSystem-v3-NullFlavor.html#v3-NullFlavor-QS">QS</a>
                </td>
                <td>http://terminology.hl7.org/CodeSystem/v3-NullFlavor</td>
                <td>Sufficient Quantity</td>
                <td/>
                <td>
                  <div>
                    <p>**Description:**The specific quantity is not known, but is known to be non-zero and is not specified because it makes up the bulk of the material. e.g. 'Add 10mg of ingredient X, 50mg of ingredient Y, and sufficient quantity of water to 100mL.' The null flavor would be used to express the quantity of water.</p>

                  </div>
                </td>
              </tr>
              <tr>
                <td style="white-space:nowrap">
                  <a name="x-http://terminology.hl7.org/CodeSystem/v3-NullFlavor-TRC"> </a>  
                  <a href="http://terminology.hl7.org/6.2.0/CodeSystem-v3-NullFlavor.html#v3-NullFlavor-TRC">TRC</a>
                </td>
                <td>http://terminology.hl7.org/CodeSystem/v3-NullFlavor</td>
                <td>trace</td>
                <td/>
                <td>
                  <div>
                    <p>The content is greater than zero, but too small to be quantified.</p>

                  </div>
                </td>
              </tr>
              <tr>
                <td style="white-space:nowrap">
                  <a name="x-http://terminology.hl7.org/CodeSystem/v3-NullFlavor-NP"> </a>  
                  <a href="http://terminology.hl7.org/6.2.0/CodeSystem-v3-NullFlavor.html#v3-NullFlavor-NP">NP</a>
                </td>
                <td>http://terminology.hl7.org/CodeSystem/v3-NullFlavor</td>
                <td>not present</td>
                <td>inactive</td>
                <td>
                  <div>
                    <p>Value is not present in a message. This is only defined in messages, never in application data! All values not present in the message must be replaced by the applicable default, or no-information (NI) as the default of all defaults.</p>

                  </div>
                </td>
              </tr>
            </table>
          </div>
        </text>
        <url value="https://nih-ncpi.github.io/ncpi-fhir-ig-2/ValueSet/phenotypic-feature-assertion-vs"/>
        <version value="0.2.0"/>
        <name value="PhenotypicFeatureAssertionVS"/>
        <title value="Assertion of Phenotypic Feature Codes"/>
        <status value="draft"/>
        <experimental value="false"/>
        <date value="2025-08-12T16:41:46+00:00"/>
        <expansion>
          <identifier value="urn:uuid:e94a6992-d439-4178-8b1c-c613b8511f87"/>
          <timestamp value="2025-08-12T16:44:34+00:00"/>
          <total value="19"/>
          <offset value="0"/>
          <parameter>
            <name value="count"/>
            <valueInteger value="1000"/>
          </parameter>
          <parameter>
            <name value="offset"/>
            <valueInteger value="0"/>
          </parameter>
          <parameter>
            <name value="excludeNested"/>
            <valueBoolean value="false"/>
          </parameter>
          <parameter>
            <name value="used-valueset"/>
            <valueUri value="null"/>
          </parameter>
          <parameter>
            <name value="used-codesystem"/>
            <valueUri value="http://loinc.org|2.80"/>
          </parameter>
          <parameter>
            <name value="version"/>
            <valueUri value="http://loinc.org|2.80"/>
          </parameter>
          <parameter>
            <name value="used-valueset"/>
            <valueUri value="http://terminology.hl7.org/ValueSet/v3-NullFlavor|3.0.0"/>
          </parameter>
          <parameter>
            <name value="used-codesystem"/>
            <valueUri value="http://terminology.hl7.org/CodeSystem/v3-NullFlavor|3.0.0"/>
          </parameter>
          <contains>
            <system value="http://loinc.org"/>
            <code value="LA9633-4"/>
            <display value="Present"/>
          </contains>
          <contains>
            <system value="http://loinc.org"/>
            <code value="LA9634-2"/>
            <display value="Absent"/>
          </contains>
          <contains>
            <system value="http://terminology.hl7.org/CodeSystem/v3-NullFlavor"/>
            <code value="NI"/>
            <display value="NoInformation"/>
          </contains>
          <contains>
            <system value="http://terminology.hl7.org/CodeSystem/v3-NullFlavor"/>
            <code value="INV"/>
            <display value="invalid"/>
          </contains>
          <contains>
            <system value="http://terminology.hl7.org/CodeSystem/v3-NullFlavor"/>
            <code value="DER"/>
            <display value="derived"/>
          </contains>
          <contains>
            <system value="http://terminology.hl7.org/CodeSystem/v3-NullFlavor"/>
            <code value="OTH"/>
            <display value="other"/>
          </contains>
          <contains>
            <system value="http://terminology.hl7.org/CodeSystem/v3-NullFlavor"/>
            <code value="NINF"/>
            <display value="negative infinity"/>
          </contains>
          <contains>
            <system value="http://terminology.hl7.org/CodeSystem/v3-NullFlavor"/>
            <code value="PINF"/>
            <display value="positive infinity"/>
          </contains>
          <contains>
            <system value="http://terminology.hl7.org/CodeSystem/v3-NullFlavor"/>
            <code value="UNC"/>
            <display value="un-encoded"/>
          </contains>
          <contains>
            <system value="http://terminology.hl7.org/CodeSystem/v3-NullFlavor"/>
            <code value="MSK"/>
            <display value="masked"/>
          </contains>
          <contains>
            <system value="http://terminology.hl7.org/CodeSystem/v3-NullFlavor"/>
            <code value="NA"/>
            <display value="not applicable"/>
          </contains>
          <contains>
            <system value="http://terminology.hl7.org/CodeSystem/v3-NullFlavor"/>
            <code value="UNK"/>
            <display value="unknown"/>
          </contains>
          <contains>
            <system value="http://terminology.hl7.org/CodeSystem/v3-NullFlavor"/>
            <code value="ASKU"/>
            <display value="asked but unknown"/>
          </contains>
          <contains>
            <system value="http://terminology.hl7.org/CodeSystem/v3-NullFlavor"/>
            <code value="NAV"/>
            <display value="temporarily unavailable"/>
          </contains>
          <contains>
            <system value="http://terminology.hl7.org/CodeSystem/v3-NullFlavor"/>
            <code value="NASK"/>
            <display value="not asked"/>
          </contains>
          <contains>
            <system value="http://terminology.hl7.org/CodeSystem/v3-NullFlavor"/>
            <code value="NAVU"/>
            <display value="Not available"/>
          </contains>
          <contains>
            <system value="http://terminology.hl7.org/CodeSystem/v3-NullFlavor"/>
            <code value="QS"/>
            <display value="Sufficient Quantity"/>
          </contains>
          <contains>
            <system value="http://terminology.hl7.org/CodeSystem/v3-NullFlavor"/>
            <code value="TRC"/>
            <display value="trace"/>
          </contains>
          <contains>
            <system value="http://terminology.hl7.org/CodeSystem/v3-NullFlavor"/>
            <inactive value="true"/>
            <code value="NP"/>
            <display value="not present"/>
          </contains>
        </expansion>
      </ValueSet>
    </resource>
  </entry>
  <entry>
    <fullUrl value="https://nih-ncpi.github.io/ncpi-fhir-ig-2/ValueSet/research-data-access-code-vs"/>
    <resource>
      <ValueSet>
        <text>
          <status value="generated"/>
          <div xmlns="http://www.w3.org/1999/xhtml">
            <p class="res-header-id"/>
            <p style="border: black 1px dotted; background-color: #EEEEEE; padding: 8px; margin-bottom: 8px">Expansion performed internally based on 
              <a href="CodeSystem-research-data-access-code.html">codesystem Research Data Access Codes v0.2.0 (CodeSystem)</a>
            </p>
            <p>This value set contains 10 concepts</p>
            <table class="codes">
              <tr>
                <td style="white-space:nowrap">
                  <b>Code</b>
                </td>
                <td>
                  <b>System</b>
                </td>
                <td>
                  <b>Display</b>
                </td>
              </tr>
              <tr>
                <td style="white-space:nowrap">
                  <a name="x-https://nih-ncpi.github.io/ncpi-fhir-ig-2/CodeSystem/research-data-access-code-GRU"> </a>  
                  <a href="CodeSystem-research-data-access-code.html#research-data-access-code-GRU">GRU</a>
                </td>
                <td>https://nih-ncpi.github.io/ncpi-fhir-ig-2/CodeSystem/research-data-access-code</td>
                <td>General Research Use</td>
              </tr>
              <tr>
                <td style="white-space:nowrap">
                  <a name="x-https://nih-ncpi.github.io/ncpi-fhir-ig-2/CodeSystem/research-data-access-code-HMB"> </a>  
                  <a href="CodeSystem-research-data-access-code.html#research-data-access-code-HMB">HMB</a>
                </td>
                <td>https://nih-ncpi.github.io/ncpi-fhir-ig-2/CodeSystem/research-data-access-code</td>
                <td>Health/Medical/Biomedical</td>
              </tr>
              <tr>
                <td style="white-space:nowrap">
                  <a name="x-https://nih-ncpi.github.io/ncpi-fhir-ig-2/CodeSystem/research-data-access-code-DS"> </a>  
                  <a href="CodeSystem-research-data-access-code.html#research-data-access-code-DS">DS</a>
                </td>
                <td>https://nih-ncpi.github.io/ncpi-fhir-ig-2/CodeSystem/research-data-access-code</td>
                <td>Disease-Specific (Disease/Trait/Exposure)</td>
              </tr>
              <tr>
                <td style="white-space:nowrap">
                  <a name="x-https://nih-ncpi.github.io/ncpi-fhir-ig-2/CodeSystem/research-data-access-code-IRB"> </a>  
                  <a href="CodeSystem-research-data-access-code.html#research-data-access-code-IRB">IRB</a>
                </td>
                <td>https://nih-ncpi.github.io/ncpi-fhir-ig-2/CodeSystem/research-data-access-code</td>
                <td>IRB approval required</td>
              </tr>
              <tr>
                <td style="white-space:nowrap">
                  <a name="x-https://nih-ncpi.github.io/ncpi-fhir-ig-2/CodeSystem/research-data-access-code-PUB"> </a>  
                  <a href="CodeSystem-research-data-access-code.html#research-data-access-code-PUB">PUB</a>
                </td>
                <td>https://nih-ncpi.github.io/ncpi-fhir-ig-2/CodeSystem/research-data-access-code</td>
                <td>Publication required</td>
              </tr>
              <tr>
                <td style="white-space:nowrap">
                  <a name="x-https://nih-ncpi.github.io/ncpi-fhir-ig-2/CodeSystem/research-data-access-code-COL"> </a>  
                  <a href="CodeSystem-research-data-access-code.html#research-data-access-code-COL">COL</a>
                </td>
                <td>https://nih-ncpi.github.io/ncpi-fhir-ig-2/CodeSystem/research-data-access-code</td>
                <td>Collaboration Required</td>
              </tr>
              <tr>
                <td style="white-space:nowrap">
                  <a name="x-https://nih-ncpi.github.io/ncpi-fhir-ig-2/CodeSystem/research-data-access-code-NPU"> </a>  
                  <a href="CodeSystem-research-data-access-code.html#research-data-access-code-NPU">NPU</a>
                </td>
                <td>https://nih-ncpi.github.io/ncpi-fhir-ig-2/CodeSystem/research-data-access-code</td>
                <td>Not-for-profit use only</td>
              </tr>
              <tr>
                <td style="white-space:nowrap">
                  <a name="x-https://nih-ncpi.github.io/ncpi-fhir-ig-2/CodeSystem/research-data-access-code-MDS"> </a>  
                  <a href="CodeSystem-research-data-access-code.html#research-data-access-code-MDS">MDS</a>
                </td>
                <td>https://nih-ncpi.github.io/ncpi-fhir-ig-2/CodeSystem/research-data-access-code</td>
                <td>Methods</td>
              </tr>
              <tr>
                <td style="white-space:nowrap">
                  <a name="x-https://nih-ncpi.github.io/ncpi-fhir-ig-2/CodeSystem/research-data-access-code-GSO"> </a>  
                  <a href="CodeSystem-research-data-access-code.html#research-data-access-code-GSO">GSO</a>
                </td>
                <td>https://nih-ncpi.github.io/ncpi-fhir-ig-2/CodeSystem/research-data-access-code</td>
                <td>Genetic studies only</td>
              </tr>
              <tr>
                <td style="white-space:nowrap">
                  <a name="x-https://nih-ncpi.github.io/ncpi-fhir-ig-2/CodeSystem/research-data-access-code-GSR"> </a>  
                  <a href="CodeSystem-research-data-access-code.html#research-data-access-code-GSR">GSR</a>
                </td>
                <td>https://nih-ncpi.github.io/ncpi-fhir-ig-2/CodeSystem/research-data-access-code</td>
                <td>Genomic Summary Results</td>
              </tr>
            </table>
          </div>
        </text>
        <url value="https://nih-ncpi.github.io/ncpi-fhir-ig-2/ValueSet/research-data-access-code-vs"/>
        <version value="0.2.0"/>
        <name value="ResearchDataAccessCodeVS"/>
        <title value="Research Data Access Codes"/>
        <status value="draft"/>
        <experimental value="false"/>
        <date value="2025-08-12T16:41:46+00:00"/>
        <expansion>
          <identifier value="urn:uuid:62463fc8-eca1-47fb-8c8d-5977043571da"/>
          <timestamp value="2025-08-12T16:44:35+00:00"/>
          <total value="10"/>
          <offset value="0"/>
          <parameter>
            <name value="count"/>
            <valueInteger value="1000"/>
          </parameter>
          <parameter>
            <name value="offset"/>
            <valueInteger value="0"/>
          </parameter>
          <parameter>
            <name value="excludeNested"/>
            <valueBoolean value="false"/>
          </parameter>
          <parameter>
            <name value="used-codesystem"/>
            <valueUri value="https://nih-ncpi.github.io/ncpi-fhir-ig-2/CodeSystem/research-data-access-code|0.2.0"/>
          </parameter>
          <contains>
            <system value="https://nih-ncpi.github.io/ncpi-fhir-ig-2/CodeSystem/research-data-access-code"/>
            <code value="GRU"/>
            <display value="General Research Use"/>
          </contains>
          <contains>
            <system value="https://nih-ncpi.github.io/ncpi-fhir-ig-2/CodeSystem/research-data-access-code"/>
            <code value="HMB"/>
            <display value="Health/Medical/Biomedical"/>
          </contains>
          <contains>
            <system value="https://nih-ncpi.github.io/ncpi-fhir-ig-2/CodeSystem/research-data-access-code"/>
            <code value="DS"/>
            <display value="Disease-Specific (Disease/Trait/Exposure)"/>
          </contains>
          <contains>
            <system value="https://nih-ncpi.github.io/ncpi-fhir-ig-2/CodeSystem/research-data-access-code"/>
            <code value="IRB"/>
            <display value="IRB approval required"/>
          </contains>
          <contains>
            <system value="https://nih-ncpi.github.io/ncpi-fhir-ig-2/CodeSystem/research-data-access-code"/>
            <code value="PUB"/>
            <display value="Publication required"/>
          </contains>
          <contains>
            <system value="https://nih-ncpi.github.io/ncpi-fhir-ig-2/CodeSystem/research-data-access-code"/>
            <code value="COL"/>
            <display value="Collaboration Required"/>
          </contains>
          <contains>
            <system value="https://nih-ncpi.github.io/ncpi-fhir-ig-2/CodeSystem/research-data-access-code"/>
            <code value="NPU"/>
            <display value="Not-for-profit use only"/>
          </contains>
          <contains>
            <system value="https://nih-ncpi.github.io/ncpi-fhir-ig-2/CodeSystem/research-data-access-code"/>
            <code value="MDS"/>
            <display value="Methods"/>
          </contains>
          <contains>
            <system value="https://nih-ncpi.github.io/ncpi-fhir-ig-2/CodeSystem/research-data-access-code"/>
            <code value="GSO"/>
            <display value="Genetic studies only"/>
          </contains>
          <contains>
            <system value="https://nih-ncpi.github.io/ncpi-fhir-ig-2/CodeSystem/research-data-access-code"/>
            <code value="GSR"/>
            <display value="Genomic Summary Results"/>
          </contains>
        </expansion>
      </ValueSet>
    </resource>
  </entry>
  <entry>
    <fullUrl value="https://nih-ncpi.github.io/ncpi-fhir-ig-2/ValueSet/research-data-access-type-vs"/>
    <resource>
      <ValueSet>
        <text>
          <status value="generated"/>
          <div xmlns="http://www.w3.org/1999/xhtml">
            <p class="res-header-id"/>
            <p style="border: black 1px dotted; background-color: #EEEEEE; padding: 8px; margin-bottom: 8px">Expansion performed internally based on 
              <a href="CodeSystem-research-data-access-type.html">codesystem Research Data Access Type Codes v0.2.0 (CodeSystem)</a>
            </p>
            <p>This value set contains 5 concepts</p>
            <table class="codes">
              <tr>
                <td style="white-space:nowrap">
                  <b>Code</b>
                </td>
                <td>
                  <b>System</b>
                </td>
                <td>
                  <b>Display</b>
                </td>
              </tr>
              <tr>
                <td style="white-space:nowrap">
                  <a name="x-https://nih-ncpi.github.io/ncpi-fhir-ig-2/CodeSystem/research-data-access-type-open"> </a>  
                  <a href="CodeSystem-research-data-access-type.html#research-data-access-type-open">open</a>
                </td>
                <td>https://nih-ncpi.github.io/ncpi-fhir-ig-2/CodeSystem/research-data-access-type</td>
                <td>Open Access</td>
              </tr>
              <tr>
                <td style="white-space:nowrap">
                  <a name="x-https://nih-ncpi.github.io/ncpi-fhir-ig-2/CodeSystem/research-data-access-type-registered"> </a>  
                  <a href="CodeSystem-research-data-access-type.html#research-data-access-type-registered">registered</a>
                </td>
                <td>https://nih-ncpi.github.io/ncpi-fhir-ig-2/CodeSystem/research-data-access-type</td>
                <td>Registered Access</td>
              </tr>
              <tr>
                <td style="white-space:nowrap">
                  <a name="x-https://nih-ncpi.github.io/ncpi-fhir-ig-2/CodeSystem/research-data-access-type-controlled"> </a>  
                  <a href="CodeSystem-research-data-access-type.html#research-data-access-type-controlled">controlled</a>
                </td>
                <td>https://nih-ncpi.github.io/ncpi-fhir-ig-2/CodeSystem/research-data-access-type</td>
                <td>Controlled</td>
              </tr>
              <tr>
                <td style="white-space:nowrap">
                  <a name="x-https://nih-ncpi.github.io/ncpi-fhir-ig-2/CodeSystem/research-data-access-type-gsr-restricted"> </a>  
                  <a href="CodeSystem-research-data-access-type.html#research-data-access-type-gsr-restricted">gsr-restricted</a>
                </td>
                <td>https://nih-ncpi.github.io/ncpi-fhir-ig-2/CodeSystem/research-data-access-type</td>
                <td>GSR Restricted</td>
              </tr>
              <tr>
                <td style="white-space:nowrap">
                  <a name="x-https://nih-ncpi.github.io/ncpi-fhir-ig-2/CodeSystem/research-data-access-type-gsr-allowed"> </a>  
                  <a href="CodeSystem-research-data-access-type.html#research-data-access-type-gsr-allowed">gsr-allowed</a>
                </td>
                <td>https://nih-ncpi.github.io/ncpi-fhir-ig-2/CodeSystem/research-data-access-type</td>
                <td>GSR Allowed</td>
              </tr>
            </table>
          </div>
        </text>
        <url value="https://nih-ncpi.github.io/ncpi-fhir-ig-2/ValueSet/research-data-access-type-vs"/>
        <version value="0.2.0"/>
        <name value="ResearchDataAccessTypeVS"/>
        <title value="Research Data Access Type Codes"/>
        <status value="draft"/>
        <experimental value="false"/>
        <date value="2025-08-12T16:41:46+00:00"/>
        <expansion>
          <identifier value="urn:uuid:d09386d1-5623-4a55-892a-1314bd565448"/>
          <timestamp value="2025-08-12T16:44:35+00:00"/>
          <total value="5"/>
          <offset value="0"/>
          <parameter>
            <name value="count"/>
            <valueInteger value="1000"/>
          </parameter>
          <parameter>
            <name value="offset"/>
            <valueInteger value="0"/>
          </parameter>
          <parameter>
            <name value="excludeNested"/>
            <valueBoolean value="false"/>
          </parameter>
          <parameter>
            <name value="used-codesystem"/>
            <valueUri value="https://nih-ncpi.github.io/ncpi-fhir-ig-2/CodeSystem/research-data-access-type|0.2.0"/>
          </parameter>
          <contains>
            <system value="https://nih-ncpi.github.io/ncpi-fhir-ig-2/CodeSystem/research-data-access-type"/>
            <code value="open"/>
            <display value="Open Access"/>
          </contains>
          <contains>
            <system value="https://nih-ncpi.github.io/ncpi-fhir-ig-2/CodeSystem/research-data-access-type"/>
            <code value="registered"/>
            <display value="Registered Access"/>
          </contains>
          <contains>
            <system value="https://nih-ncpi.github.io/ncpi-fhir-ig-2/CodeSystem/research-data-access-type"/>
            <code value="controlled"/>
            <display value="Controlled"/>
          </contains>
          <contains>
            <system value="https://nih-ncpi.github.io/ncpi-fhir-ig-2/CodeSystem/research-data-access-type"/>
            <code value="gsr-restricted"/>
            <display value="GSR Restricted"/>
          </contains>
          <contains>
            <system value="https://nih-ncpi.github.io/ncpi-fhir-ig-2/CodeSystem/research-data-access-type"/>
            <code value="gsr-allowed"/>
            <display value="GSR Allowed"/>
          </contains>
        </expansion>
      </ValueSet>
    </resource>
  </entry>
  <entry>
    <fullUrl value="https://nih-ncpi.github.io/ncpi-fhir-ig-2/ValueSet/research-data-date-of-birth-method-vs"/>
    <resource>
      <ValueSet>
        <text>
          <status value="generated"/>
          <div xmlns="http://www.w3.org/1999/xhtml">
            <p class="res-header-id"/>
            <p style="border: black 1px dotted; background-color: #EEEEEE; padding: 8px; margin-bottom: 8px">Expansion performed internally based on 
              <a href="CodeSystem-research-data-date-of-birth-method.html">codesystem Enumerations for how DOB was constructed v0.2.0 (CodeSystem)</a>
            </p>
            <p>This value set contains 5 concepts</p>
            <table class="codes">
              <tr>
                <td style="white-space:nowrap">
                  <b>Code</b>
                </td>
                <td>
                  <b>System</b>
                </td>
                <td>
                  <b>Display</b>
                </td>
              </tr>
              <tr>
                <td style="white-space:nowrap">
                  <a name="x-https://nih-ncpi.github.io/ncpi-fhir-ig-2/CodeSystem/research-data-date-of-birth-method-exact"> </a>  
                  <a href="CodeSystem-research-data-date-of-birth-method.html#research-data-date-of-birth-method-exact">exact</a>
                </td>
                <td>https://nih-ncpi.github.io/ncpi-fhir-ig-2/CodeSystem/research-data-date-of-birth-method</td>
                <td>Exact</td>
              </tr>
              <tr>
                <td style="white-space:nowrap">
                  <a name="x-https://nih-ncpi.github.io/ncpi-fhir-ig-2/CodeSystem/research-data-date-of-birth-method-year-only"> </a>  
                  <a href="CodeSystem-research-data-date-of-birth-method.html#research-data-date-of-birth-method-year-only">year-only</a>
                </td>
                <td>https://nih-ncpi.github.io/ncpi-fhir-ig-2/CodeSystem/research-data-date-of-birth-method</td>
                <td>Year Only</td>
              </tr>
              <tr>
                <td style="white-space:nowrap">
                  <a name="x-https://nih-ncpi.github.io/ncpi-fhir-ig-2/CodeSystem/research-data-date-of-birth-method-shifted"> </a>  
                  <a href="CodeSystem-research-data-date-of-birth-method.html#research-data-date-of-birth-method-shifted">shifted</a>
                </td>
                <td>https://nih-ncpi.github.io/ncpi-fhir-ig-2/CodeSystem/research-data-date-of-birth-method</td>
                <td>Shifted</td>
              </tr>
              <tr>
                <td style="white-space:nowrap">
                  <a name="x-https://nih-ncpi.github.io/ncpi-fhir-ig-2/CodeSystem/research-data-date-of-birth-method-decade-only"> </a>  
                  <a href="CodeSystem-research-data-date-of-birth-method.html#research-data-date-of-birth-method-decade-only">decade-only</a>
                </td>
                <td>https://nih-ncpi.github.io/ncpi-fhir-ig-2/CodeSystem/research-data-date-of-birth-method</td>
                <td>Decade Only</td>
              </tr>
              <tr>
                <td style="white-space:nowrap">
                  <a name="x-https://nih-ncpi.github.io/ncpi-fhir-ig-2/CodeSystem/research-data-date-of-birth-method-other"> </a>  
                  <a href="CodeSystem-research-data-date-of-birth-method.html#research-data-date-of-birth-method-other">other</a>
                </td>
                <td>https://nih-ncpi.github.io/ncpi-fhir-ig-2/CodeSystem/research-data-date-of-birth-method</td>
                <td>Other</td>
              </tr>
            </table>
          </div>
        </text>
        <url value="https://nih-ncpi.github.io/ncpi-fhir-ig-2/ValueSet/research-data-date-of-birth-method-vs"/>
        <version value="0.2.0"/>
        <name value="ResearchDataDateOfBirthMethodVS"/>
        <title value="Enumerations for how DOB was constructed"/>
        <status value="draft"/>
        <experimental value="false"/>
        <date value="2025-08-12T16:41:46+00:00"/>
        <expansion>
          <identifier value="urn:uuid:45c44e30-0c07-48b4-a205-2027c85086e2"/>
          <timestamp value="2025-08-12T16:44:35+00:00"/>
          <total value="5"/>
          <offset value="0"/>
          <parameter>
            <name value="count"/>
            <valueInteger value="1000"/>
          </parameter>
          <parameter>
            <name value="offset"/>
            <valueInteger value="0"/>
          </parameter>
          <parameter>
            <name value="excludeNested"/>
            <valueBoolean value="false"/>
          </parameter>
          <parameter>
            <name value="used-codesystem"/>
            <valueUri value="https://nih-ncpi.github.io/ncpi-fhir-ig-2/CodeSystem/research-data-date-of-birth-method|0.2.0"/>
          </parameter>
          <contains>
            <system value="https://nih-ncpi.github.io/ncpi-fhir-ig-2/CodeSystem/research-data-date-of-birth-method"/>
            <code value="exact"/>
            <display value="Exact"/>
          </contains>
          <contains>
            <system value="https://nih-ncpi.github.io/ncpi-fhir-ig-2/CodeSystem/research-data-date-of-birth-method"/>
            <code value="year-only"/>
            <display value="Year Only"/>
          </contains>
          <contains>
            <system value="https://nih-ncpi.github.io/ncpi-fhir-ig-2/CodeSystem/research-data-date-of-birth-method"/>
            <code value="shifted"/>
            <display value="Shifted"/>
          </contains>
          <contains>
            <system value="https://nih-ncpi.github.io/ncpi-fhir-ig-2/CodeSystem/research-data-date-of-birth-method"/>
            <code value="decade-only"/>
            <display value="Decade Only"/>
          </contains>
          <contains>
            <system value="https://nih-ncpi.github.io/ncpi-fhir-ig-2/CodeSystem/research-data-date-of-birth-method"/>
            <code value="other"/>
            <display value="Other"/>
          </contains>
        </expansion>
      </ValueSet>
    </resource>
  </entry>
  <entry>
    <fullUrl value="https://nih-ncpi.github.io/ncpi-fhir-ig-2/ValueSet/study-name-type-vs"/>
    <resource>
      <ValueSet>
        <text>
          <status value="generated"/>
          <div xmlns="http://www.w3.org/1999/xhtml">
            <p class="res-header-id"/>
            <p style="border: black 1px dotted; background-color: #EEEEEE; padding: 8px; margin-bottom: 8px">Expansion performed internally based on 
              <a href="CodeSystem-study-name-type.html">codesystem Study Name Type v0.2.0 (CodeSystem)</a>
            </p>
            <p>This value set contains 5 concepts</p>
            <table class="codes">
              <tr>
                <td style="white-space:nowrap">
                  <b>Code</b>
                </td>
                <td>
                  <b>System</b>
                </td>
                <td>
                  <b>Display</b>
                </td>
              </tr>
              <tr>
                <td style="white-space:nowrap">
                  <a name="x-https://nih-ncpi.github.io/ncpi-fhir-ig-2/CodeSystem/study-name-type-formal-title"> </a>  
                  <a href="CodeSystem-study-name-type.html#study-name-type-formal-title">formal-title</a>
                </td>
                <td>https://nih-ncpi.github.io/ncpi-fhir-ig-2/CodeSystem/study-name-type</td>
                <td>Formal Title</td>
              </tr>
              <tr>
                <td style="white-space:nowrap">
                  <a name="x-https://nih-ncpi.github.io/ncpi-fhir-ig-2/CodeSystem/study-name-type-internal-name"> </a>  
                  <a href="CodeSystem-study-name-type.html#study-name-type-internal-name">internal-name</a>
                </td>
                <td>https://nih-ncpi.github.io/ncpi-fhir-ig-2/CodeSystem/study-name-type</td>
                <td>Internal Name</td>
              </tr>
              <tr>
                <td style="white-space:nowrap">
                  <a name="x-https://nih-ncpi.github.io/ncpi-fhir-ig-2/CodeSystem/study-name-type-familiar-ame"> </a>  
                  <a href="CodeSystem-study-name-type.html#study-name-type-familiar-ame">familiar-ame</a>
                </td>
                <td>https://nih-ncpi.github.io/ncpi-fhir-ig-2/CodeSystem/study-name-type</td>
                <td>Familiar Name (Nickname)</td>
              </tr>
              <tr>
                <td style="white-space:nowrap">
                  <a name="x-https://nih-ncpi.github.io/ncpi-fhir-ig-2/CodeSystem/study-name-type-acronym"> </a>  
                  <a href="CodeSystem-study-name-type.html#study-name-type-acronym">acronym</a>
                </td>
                <td>https://nih-ncpi.github.io/ncpi-fhir-ig-2/CodeSystem/study-name-type</td>
                <td>Acronym</td>
              </tr>
              <tr>
                <td style="white-space:nowrap">
                  <a name="x-https://nih-ncpi.github.io/ncpi-fhir-ig-2/CodeSystem/study-name-type-alternative-name"> </a>  
                  <a href="CodeSystem-study-name-type.html#study-name-type-alternative-name">alternative-name</a>
                </td>
                <td>https://nih-ncpi.github.io/ncpi-fhir-ig-2/CodeSystem/study-name-type</td>
                <td>Alternative Name</td>
              </tr>
            </table>
          </div>
        </text>
        <url value="https://nih-ncpi.github.io/ncpi-fhir-ig-2/ValueSet/study-name-type-vs"/>
        <version value="0.2.0"/>
        <name value="StudyNameTypeVS"/>
        <title value="Study Name Type"/>
        <status value="draft"/>
        <experimental value="false"/>
        <date value="2025-08-12T16:41:46+00:00"/>
        <expansion>
          <identifier value="urn:uuid:6ad67440-3632-4889-bee2-4d3e3570a84d"/>
          <timestamp value="2025-08-12T16:44:35+00:00"/>
          <total value="5"/>
          <offset value="0"/>
          <parameter>
            <name value="count"/>
            <valueInteger value="1000"/>
          </parameter>
          <parameter>
            <name value="offset"/>
            <valueInteger value="0"/>
          </parameter>
          <parameter>
            <name value="excludeNested"/>
            <valueBoolean value="false"/>
          </parameter>
          <parameter>
            <name value="used-codesystem"/>
            <valueUri value="https://nih-ncpi.github.io/ncpi-fhir-ig-2/CodeSystem/study-name-type|0.2.0"/>
          </parameter>
          <contains>
            <system value="https://nih-ncpi.github.io/ncpi-fhir-ig-2/CodeSystem/study-name-type"/>
            <code value="formal-title"/>
            <display value="Formal Title"/>
          </contains>
          <contains>
            <system value="https://nih-ncpi.github.io/ncpi-fhir-ig-2/CodeSystem/study-name-type"/>
            <code value="internal-name"/>
            <display value="Internal Name"/>
          </contains>
          <contains>
            <system value="https://nih-ncpi.github.io/ncpi-fhir-ig-2/CodeSystem/study-name-type"/>
            <code value="familiar-ame"/>
            <display value="Familiar Name (Nickname)"/>
          </contains>
          <contains>
            <system value="https://nih-ncpi.github.io/ncpi-fhir-ig-2/CodeSystem/study-name-type"/>
            <code value="acronym"/>
            <display value="Acronym"/>
          </contains>
          <contains>
            <system value="https://nih-ncpi.github.io/ncpi-fhir-ig-2/CodeSystem/study-name-type"/>
            <code value="alternative-name"/>
            <display value="Alternative Name"/>
          </contains>
        </expansion>
      </ValueSet>
    </resource>
  </entry>
  <entry>
    <fullUrl value="https://nih-ncpi.github.io/ncpi-fhir-ig-2/ValueSet/study-personnel-role-vs"/>
    <resource>
      <ValueSet>
        <text>
          <status value="generated"/>
          <div xmlns="http://www.w3.org/1999/xhtml">
            <p class="res-header-id"/>
            <p style="border: black 1px dotted; background-color: #EEEEEE; padding: 8px; margin-bottom: 8px">Expansion performed internally based on 
              <a href="CodeSystem-study-personnel-role.html">codesystem Study Personnel Role v0.2.0 (CodeSystem)</a>
            </p>
            <p>This value set contains 3 concepts</p>
            <table class="codes">
              <tr>
                <td style="white-space:nowrap">
                  <b>Code</b>
                </td>
                <td>
                  <b>System</b>
                </td>
                <td>
                  <b>Display</b>
                </td>
              </tr>
              <tr>
                <td style="white-space:nowrap">
                  <a name="x-https://nih-ncpi.github.io/ncpi-fhir-ig-2/CodeSystem/study-personnel-role-primary-investigator"> </a>  
                  <a href="CodeSystem-study-personnel-role.html#study-personnel-role-primary-investigator">primary-investigator</a>
                </td>
                <td>https://nih-ncpi.github.io/ncpi-fhir-ig-2/CodeSystem/study-personnel-role</td>
                <td>Primary Investigator</td>
              </tr>
              <tr>
                <td style="white-space:nowrap">
                  <a name="x-https://nih-ncpi.github.io/ncpi-fhir-ig-2/CodeSystem/study-personnel-role-administrator"> </a>  
                  <a href="CodeSystem-study-personnel-role.html#study-personnel-role-administrator">administrator</a>
                </td>
                <td>https://nih-ncpi.github.io/ncpi-fhir-ig-2/CodeSystem/study-personnel-role</td>
                <td>Administrator</td>
              </tr>
              <tr>
                <td style="white-space:nowrap">
                  <a name="x-https://nih-ncpi.github.io/ncpi-fhir-ig-2/CodeSystem/study-personnel-role-collaborator"> </a>  
                  <a href="CodeSystem-study-personnel-role.html#study-personnel-role-collaborator">collaborator</a>
                </td>
                <td>https://nih-ncpi.github.io/ncpi-fhir-ig-2/CodeSystem/study-personnel-role</td>
                <td>Collaborator</td>
              </tr>
            </table>
          </div>
        </text>
        <url value="https://nih-ncpi.github.io/ncpi-fhir-ig-2/ValueSet/study-personnel-role-vs"/>
        <version value="0.2.0"/>
        <name value="StudyPersonnelRoleVS"/>
        <title value="Study Personnel Role"/>
        <status value="draft"/>
        <experimental value="false"/>
        <date value="2025-08-12T16:41:46+00:00"/>
        <expansion>
          <identifier value="urn:uuid:e27a021b-b548-471d-8948-e52c07a7101b"/>
          <timestamp value="2025-08-12T16:44:35+00:00"/>
          <total value="3"/>
          <offset value="0"/>
          <parameter>
            <name value="count"/>
            <valueInteger value="1000"/>
          </parameter>
          <parameter>
            <name value="offset"/>
            <valueInteger value="0"/>
          </parameter>
          <parameter>
            <name value="excludeNested"/>
            <valueBoolean value="false"/>
          </parameter>
          <parameter>
            <name value="used-codesystem"/>
            <valueUri value="https://nih-ncpi.github.io/ncpi-fhir-ig-2/CodeSystem/study-personnel-role|0.2.0"/>
          </parameter>
          <contains>
            <system value="https://nih-ncpi.github.io/ncpi-fhir-ig-2/CodeSystem/study-personnel-role"/>
            <code value="primary-investigator"/>
            <display value="Primary Investigator"/>
          </contains>
          <contains>
            <system value="https://nih-ncpi.github.io/ncpi-fhir-ig-2/CodeSystem/study-personnel-role"/>
            <code value="administrator"/>
            <display value="Administrator"/>
          </contains>
          <contains>
            <system value="https://nih-ncpi.github.io/ncpi-fhir-ig-2/CodeSystem/study-personnel-role"/>
            <code value="collaborator"/>
            <display value="Collaborator"/>
          </contains>
        </expansion>
      </ValueSet>
    </resource>
  </entry>
  <entry>
    <fullUrl value="https://nih-ncpi.github.io/ncpi-fhir-ig-2/ValueSet/research-study-party-role-vs"/>
    <resource>
      <ValueSet>
        <text>
          <status value="generated"/>
          <div xmlns="http://www.w3.org/1999/xhtml">
            <p class="res-header-id"/>
            <p style="border: black 1px dotted; background-color: #EEEEEE; padding: 8px; margin-bottom: 8px">Expansion performed internally based on 
              <a href="CodeSystem-research-study-party-role.html">codesystem Research Study Party Role v0.2.0 (CodeSystem)</a>
            </p>
            <p>This value set contains 12 concepts</p>
            <table class="codes">
              <tr>
                <td style="white-space:nowrap">
                  <b>Code</b>
                </td>
                <td>
                  <b>System</b>
                </td>
                <td>
                  <b>Display</b>
                </td>
                <td>
                  <b>Definition</b>
                </td>
              </tr>
              <tr>
                <td style="white-space:nowrap">
                  <a name="x-http://hl7.org/fhir/research-study-party-role-sponsor"> </a>  
                  <a href="CodeSystem-research-study-party-role.html#research-study-party-role-sponsor">sponsor</a>
                </td>
                <td>http://hl7.org/fhir/research-study-party-role</td>
                <td>sponsor</td>
                <td>sponsor</td>
              </tr>
              <tr>
                <td style="white-space:nowrap">
                  <a name="x-http://hl7.org/fhir/research-study-party-role-lead-sponsor"> </a>  
                  <a href="CodeSystem-research-study-party-role.html#research-study-party-role-lead-sponsor">lead-sponsor</a>
                </td>
                <td>http://hl7.org/fhir/research-study-party-role</td>
                <td>lead-sponsor</td>
                <td>lead-sponsor</td>
              </tr>
              <tr>
                <td style="white-space:nowrap">
                  <a name="x-http://hl7.org/fhir/research-study-party-role-sponsor-investigator"> </a>  
                  <a href="CodeSystem-research-study-party-role.html#research-study-party-role-sponsor-investigator">sponsor-investigator</a>
                </td>
                <td>http://hl7.org/fhir/research-study-party-role</td>
                <td>sponsor-investigator</td>
                <td>sponsor-investigator</td>
              </tr>
              <tr>
                <td style="white-space:nowrap">
                  <a name="x-http://hl7.org/fhir/research-study-party-role-primary-investigator"> </a>  
                  <a href="CodeSystem-research-study-party-role.html#research-study-party-role-primary-investigator">primary-investigator</a>
                </td>
                <td>http://hl7.org/fhir/research-study-party-role</td>
                <td>primary-investigator</td>
                <td>primary-investigator</td>
              </tr>
              <tr>
                <td style="white-space:nowrap">
                  <a name="x-http://hl7.org/fhir/research-study-party-role-collaborator"> </a>  
                  <a href="CodeSystem-research-study-party-role.html#research-study-party-role-collaborator">collaborator</a>
                </td>
                <td>http://hl7.org/fhir/research-study-party-role</td>
                <td>collaborator</td>
                <td>collaborator</td>
              </tr>
              <tr>
                <td style="white-space:nowrap">
                  <a name="x-http://hl7.org/fhir/research-study-party-role-funding-source"> </a>  
                  <a href="CodeSystem-research-study-party-role.html#research-study-party-role-funding-source">funding-source</a>
                </td>
                <td>http://hl7.org/fhir/research-study-party-role</td>
                <td>funding-source</td>
                <td>funding-source</td>
              </tr>
              <tr>
                <td style="white-space:nowrap">
                  <a name="x-http://hl7.org/fhir/research-study-party-role-general-contact"> </a>  
                  <a href="CodeSystem-research-study-party-role.html#research-study-party-role-general-contact">general-contact</a>
                </td>
                <td>http://hl7.org/fhir/research-study-party-role</td>
                <td>general-contact</td>
                <td>general-contact</td>
              </tr>
              <tr>
                <td style="white-space:nowrap">
                  <a name="x-http://hl7.org/fhir/research-study-party-role-recruitment-contact"> </a>  
                  <a href="CodeSystem-research-study-party-role.html#research-study-party-role-recruitment-contact">recruitment-contact</a>
                </td>
                <td>http://hl7.org/fhir/research-study-party-role</td>
                <td>recruitment-contact</td>
                <td>recruitment-contact</td>
              </tr>
              <tr>
                <td style="white-space:nowrap">
                  <a name="x-http://hl7.org/fhir/research-study-party-role-sub-investigator"> </a>  
                  <a href="CodeSystem-research-study-party-role.html#research-study-party-role-sub-investigator">sub-investigator</a>
                </td>
                <td>http://hl7.org/fhir/research-study-party-role</td>
                <td>sub-investigator</td>
                <td>sub-investigator</td>
              </tr>
              <tr>
                <td style="white-space:nowrap">
                  <a name="x-http://hl7.org/fhir/research-study-party-role-study-director"> </a>  
                  <a href="CodeSystem-research-study-party-role.html#research-study-party-role-study-director">study-director</a>
                </td>
                <td>http://hl7.org/fhir/research-study-party-role</td>
                <td>study-director</td>
                <td>study-director</td>
              </tr>
              <tr>
                <td style="white-space:nowrap">
                  <a name="x-http://hl7.org/fhir/research-study-party-role-study-chair"> </a>  
                  <a href="CodeSystem-research-study-party-role.html#research-study-party-role-study-chair">study-chair</a>
                </td>
                <td>http://hl7.org/fhir/research-study-party-role</td>
                <td>study-chair</td>
                <td>study-chair</td>
              </tr>
              <tr>
                <td style="white-space:nowrap">
                  <a name="x-http://hl7.org/fhir/research-study-party-role-irb"> </a>  
                  <a href="CodeSystem-research-study-party-role.html#research-study-party-role-irb">irb</a>
                </td>
                <td>http://hl7.org/fhir/research-study-party-role</td>
                <td>Institutional Review Board</td>
                <td/>
              </tr>
            </table>
          </div>
        </text>
        <url value="https://nih-ncpi.github.io/ncpi-fhir-ig-2/ValueSet/research-study-party-role-vs"/>
        <version value="0.2.0"/>
        <name value="ResearchStudyPartyRoleVS"/>
        <title value="Family Types Codes"/>
        <status value="active"/>
        <experimental value="true"/>
        <date value="2025-08-12T16:41:46+00:00"/>
        <expansion>
          <identifier value="urn:uuid:156e881c-0aa4-496c-9d84-48b61a0ccca0"/>
          <timestamp value="2025-08-12T16:44:35+00:00"/>
          <total value="12"/>
          <offset value="0"/>
          <parameter>
            <name value="count"/>
            <valueInteger value="1000"/>
          </parameter>
          <parameter>
            <name value="offset"/>
            <valueInteger value="0"/>
          </parameter>
          <parameter>
            <name value="excludeNested"/>
            <valueBoolean value="false"/>
          </parameter>
          <parameter>
            <name value="used-codesystem"/>
            <valueUri value="http://hl7.org/fhir/research-study-party-role|0.2.0"/>
          </parameter>
          <contains>
            <system value="http://hl7.org/fhir/research-study-party-role"/>
            <code value="sponsor"/>
            <display value="sponsor"/>
          </contains>
          <contains>
            <system value="http://hl7.org/fhir/research-study-party-role"/>
            <code value="lead-sponsor"/>
            <display value="lead-sponsor"/>
          </contains>
          <contains>
            <system value="http://hl7.org/fhir/research-study-party-role"/>
            <code value="sponsor-investigator"/>
            <display value="sponsor-investigator"/>
          </contains>
          <contains>
            <system value="http://hl7.org/fhir/research-study-party-role"/>
            <code value="primary-investigator"/>
            <display value="primary-investigator"/>
          </contains>
          <contains>
            <system value="http://hl7.org/fhir/research-study-party-role"/>
            <code value="collaborator"/>
            <display value="collaborator"/>
          </contains>
          <contains>
            <system value="http://hl7.org/fhir/research-study-party-role"/>
            <code value="funding-source"/>
            <display value="funding-source"/>
          </contains>
          <contains>
            <system value="http://hl7.org/fhir/research-study-party-role"/>
            <code value="general-contact"/>
            <display value="general-contact"/>
          </contains>
          <contains>
            <system value="http://hl7.org/fhir/research-study-party-role"/>
            <code value="recruitment-contact"/>
            <display value="recruitment-contact"/>
          </contains>
          <contains>
            <system value="http://hl7.org/fhir/research-study-party-role"/>
            <code value="sub-investigator"/>
            <display value="sub-investigator"/>
          </contains>
          <contains>
            <system value="http://hl7.org/fhir/research-study-party-role"/>
            <code value="study-director"/>
            <display value="study-director"/>
          </contains>
          <contains>
            <system value="http://hl7.org/fhir/research-study-party-role"/>
            <code value="study-chair"/>
            <display value="study-chair"/>
          </contains>
          <contains>
            <system value="http://hl7.org/fhir/research-study-party-role"/>
            <code value="irb"/>
            <display value="Institutional Review Board"/>
          </contains>
        </expansion>
      </ValueSet>
    </resource>
  </entry>
  <entry>
    <fullUrl value="https://nih-ncpi.github.io/ncpi-fhir-ig-2/ValueSet/title-type"/>
    <resource>
      <ValueSet>
        <meta>
          <profile value="http://hl7.org/fhir/StructureDefinition/shareablevalueset"/>
        </meta>
        <text>
          <status value="generated"/>
          <div xmlns="http://www.w3.org/1999/xhtml">
            <p class="res-header-id"/>
            <p style="border: black 1px dotted; background-color: #EEEEEE; padding: 8px; margin-bottom: 8px">Expansion performed internally based on 
              <a href="CodeSystem-title-type.html">codesystem TitleType v0.2.0 (CodeSystem)</a>
            </p>
            <p>This value set contains 13 concepts</p>
            <table class="codes">
              <tr>
                <td style="white-space:nowrap">
                  <b>Code</b>
                </td>
                <td>
                  <b>System</b>
                </td>
                <td>
                  <b>Display</b>
                </td>
                <td>
                  <b>Definition</b>
                </td>
              </tr>
              <tr>
                <td style="white-space:nowrap">
                  <a name="x-http://hl7.org/fhir/title-type-primary"> </a>  
                  <a href="CodeSystem-title-type.html#title-type-primary">primary</a>
                </td>
                <td>http://hl7.org/fhir/title-type</td>
                <td>Primary title</td>
                <td>Main title for common use. The primary title used for representation if multiple titles exist.</td>
              </tr>
              <tr>
                <td style="white-space:nowrap">
                  <a name="x-http://hl7.org/fhir/title-type-official"> </a>  
                  <a href="CodeSystem-title-type.html#title-type-official">official</a>
                </td>
                <td>http://hl7.org/fhir/title-type</td>
                <td>Official title</td>
                <td>The official or authoritative title.</td>
              </tr>
              <tr>
                <td style="white-space:nowrap">
                  <a name="x-http://hl7.org/fhir/title-type-scientific"> </a>  
                  <a href="CodeSystem-title-type.html#title-type-scientific">scientific</a>
                </td>
                <td>http://hl7.org/fhir/title-type</td>
                <td>Scientific title</td>
                <td>Title using scientific terminology.</td>
              </tr>
              <tr>
                <td style="white-space:nowrap">
                  <a name="x-http://hl7.org/fhir/title-type-plain-language"> </a>  
                  <a href="CodeSystem-title-type.html#title-type-plain-language">plain-language</a>
                </td>
                <td>http://hl7.org/fhir/title-type</td>
                <td>Plain language title</td>
                <td>Title using language common to lay public discourse.</td>
              </tr>
              <tr>
                <td style="white-space:nowrap">
                  <a name="x-http://hl7.org/fhir/title-type-subtitle"> </a>  
                  <a href="CodeSystem-title-type.html#title-type-subtitle">subtitle</a>
                </td>
                <td>http://hl7.org/fhir/title-type</td>
                <td>Subtitle</td>
                <td>Subtitle or secondary title.</td>
              </tr>
              <tr>
                <td style="white-space:nowrap">
                  <a name="x-http://hl7.org/fhir/title-type-short-title"> </a>  
                  <a href="CodeSystem-title-type.html#title-type-short-title">short-title</a>
                </td>
                <td>http://hl7.org/fhir/title-type</td>
                <td>Short title</td>
                <td>Brief title (e.g. 'running title' or title used in page headers)</td>
              </tr>
              <tr>
                <td style="white-space:nowrap">
                  <a name="x-http://hl7.org/fhir/title-type-acronym"> </a>  
                  <a href="CodeSystem-title-type.html#title-type-acronym">acronym</a>
                </td>
                <td>http://hl7.org/fhir/title-type</td>
                <td>Acronym</td>
                <td>Abbreviation used as title</td>
              </tr>
              <tr>
                <td style="white-space:nowrap">
                  <a name="x-http://hl7.org/fhir/title-type-earlier-title"> </a>  
                  <a href="CodeSystem-title-type.html#title-type-earlier-title">earlier-title</a>
                </td>
                <td>http://hl7.org/fhir/title-type</td>
                <td>Different text in an earlier version</td>
                <td>Alternative form of title in an earlier version such as epub ahead of print.</td>
              </tr>
              <tr>
                <td style="white-space:nowrap">
                  <a name="x-http://hl7.org/fhir/title-type-language"> </a>  
                  <a href="CodeSystem-title-type.html#title-type-language">language</a>
                </td>
                <td>http://hl7.org/fhir/title-type</td>
                <td>Different language</td>
                <td>Additional form of title in a different language.</td>
              </tr>
              <tr>
                <td style="white-space:nowrap">
                  <a name="x-http://hl7.org/fhir/title-type-autotranslated"> </a>  
                  <a href="CodeSystem-title-type.html#title-type-autotranslated">autotranslated</a>
                </td>
                <td>http://hl7.org/fhir/title-type</td>
                <td>Different language derived from autotranslation</td>
                <td>Machine translated form of title in a different language, language element codes the language into which it was translated by machine.</td>
              </tr>
              <tr>
                <td style="white-space:nowrap">
                  <a name="x-http://hl7.org/fhir/title-type-human-use"> </a>  
                  <a href="CodeSystem-title-type.html#title-type-human-use">human-use</a>
                </td>
                <td>http://hl7.org/fhir/title-type</td>
                <td>Human use</td>
                <td>Human-friendly title</td>
              </tr>
              <tr>
                <td style="white-space:nowrap">
                  <a name="x-http://hl7.org/fhir/title-type-machine-use"> </a>  
                  <a href="CodeSystem-title-type.html#title-type-machine-use">machine-use</a>
                </td>
                <td>http://hl7.org/fhir/title-type</td>
                <td>Machine use</td>
                <td>Machine-friendly title</td>
              </tr>
              <tr>
                <td style="white-space:nowrap">
                  <a name="x-http://hl7.org/fhir/title-type-duplicate-uid"> </a>  
                  <a href="CodeSystem-title-type.html#title-type-duplicate-uid">duplicate-uid</a>
                </td>
                <td>http://hl7.org/fhir/title-type</td>
                <td>Different text for the same object with a different identifier</td>
                <td>An alternative form of the title in two or more entries, e.g. in multiple medline entries</td>
              </tr>
            </table>
          </div>
        </text>
        <url value="https://nih-ncpi.github.io/ncpi-fhir-ig-2/ValueSet/title-type"/>
        <identifier>
          <system value="urn:ietf:rfc:3986"/>
          <value value="urn:oid:2.16.840.1.113883.4.642.3.2974"/>
        </identifier>
        <version value="0.2.0"/>
        <name value="TitleTypeVS"/>
        <title value="Title Type"/>
        <status value="draft"/>
        <experimental value="false"/>
        <date value="2025-08-12T16:41:46+00:00"/>
        <immutable value="true"/>
        <expansion>
          <identifier value="urn:uuid:72e4db05-be67-4fcd-a026-c08ad3d2486b"/>
          <timestamp value="2025-08-12T16:44:35+00:00"/>
          <total value="13"/>
          <offset value="0"/>
          <parameter>
            <name value="count"/>
            <valueInteger value="1000"/>
          </parameter>
          <parameter>
            <name value="offset"/>
            <valueInteger value="0"/>
          </parameter>
          <parameter>
            <name value="excludeNested"/>
            <valueBoolean value="false"/>
          </parameter>
          <parameter>
            <name value="used-codesystem"/>
            <valueUri value="http://hl7.org/fhir/title-type|0.2.0"/>
          </parameter>
          <contains>
            <system value="http://hl7.org/fhir/title-type"/>
            <code value="primary"/>
            <display value="Primary title"/>
          </contains>
          <contains>
            <system value="http://hl7.org/fhir/title-type"/>
            <code value="official"/>
            <display value="Official title"/>
          </contains>
          <contains>
            <system value="http://hl7.org/fhir/title-type"/>
            <code value="scientific"/>
            <display value="Scientific title"/>
          </contains>
          <contains>
            <system value="http://hl7.org/fhir/title-type"/>
            <code value="plain-language"/>
            <display value="Plain language title"/>
          </contains>
          <contains>
            <system value="http://hl7.org/fhir/title-type"/>
            <code value="subtitle"/>
            <display value="Subtitle"/>
          </contains>
          <contains>
            <system value="http://hl7.org/fhir/title-type"/>
            <code value="short-title"/>
            <display value="Short title"/>
          </contains>
          <contains>
            <system value="http://hl7.org/fhir/title-type"/>
            <code value="acronym"/>
            <display value="Acronym"/>
          </contains>
          <contains>
            <system value="http://hl7.org/fhir/title-type"/>
            <code value="earlier-title"/>
            <display value="Different text in an earlier version"/>
          </contains>
          <contains>
            <system value="http://hl7.org/fhir/title-type"/>
            <code value="language"/>
            <display value="Different language"/>
          </contains>
          <contains>
            <system value="http://hl7.org/fhir/title-type"/>
            <code value="autotranslated"/>
            <display value="Different language derived from autotranslation"/>
          </contains>
          <contains>
            <system value="http://hl7.org/fhir/title-type"/>
            <code value="human-use"/>
            <display value="Human use"/>
          </contains>
          <contains>
            <system value="http://hl7.org/fhir/title-type"/>
            <code value="machine-use"/>
            <display value="Machine use"/>
          </contains>
          <contains>
            <system value="http://hl7.org/fhir/title-type"/>
            <code value="duplicate-uid"/>
            <display value="Different text for the same object with a different identifier"/>
          </contains>
        </expansion>
      </ValueSet>
    </resource>
  </entry>
</Bundle>