<?xml version="1.0" encoding="UTF-8"?>

<CodeSystem xmlns="http://hl7.org/fhir">
  <id value="strandedness-cs"/>
  <text>
    <status value="generated"/><div xmlns="http://www.w3.org/1999/xhtml"><p class="res-header-id"><b>Generated Narrative: CodeSystem strandedness-cs</b></p><a name="strandedness-cs"> </a><a name="hcstrandedness-cs"> </a><a name="strandedness-cs-en-US"> </a><p>This  code system <code>https://nih-ncpi.github.io/ncpi-fhir-ig-2/CodeSystem/strandedness-cs</code> defines the following codes:</p><table class="codes"><tr><td style="white-space:nowrap"><b>Code</b></td><td><b>Display</b></td></tr><tr><td style="white-space:nowrap">stranded<a name="strandedness-cs-stranded"> </a></td><td>Stranded</td></tr><tr><td style="white-space:nowrap">unstranded<a name="strandedness-cs-unstranded"> </a></td><td>Unstranded</td></tr><tr><td style="white-space:nowrap">unknown<a name="strandedness-cs-unknown"> </a></td><td>Unknown</td></tr></table></div>
  </text>
  <url value="https://nih-ncpi.github.io/ncpi-fhir-ig-2/CodeSystem/strandedness-cs"/>
  <version value="0.1.0"/>
  <name value="StrandednessCS"/>
  <title value="Strandedness options"/>
  <status value="draft"/>
  <date value="2024-11-25T15:36:07+00:00"/>
  <publisher value="NCPI FHIR Working Group"/>
  <contact>
    <name value="NCPI FHIR Working Group"/>
    <telecom>
      <system value="url"/>
      <value value="http://example.org/example-publisher"/>
    </telecom>
    <telecom>
      <system value="email"/>
      <value value="ncpi-fhir-ig@googlegroups.com"/>
    </telecom>
  </contact>
  <description value="Strandedness options"/>
  <content value="complete"/>
  <count value="3"/>
  <concept>
    <code value="stranded"/>
    <display value="Stranded"/>
  </concept>
  <concept>
    <code value="unstranded"/>
    <display value="Unstranded"/>
  </concept>
  <concept>
    <code value="unknown"/>
    <display value="Unknown"/>
  </concept>
</CodeSystem>