<?xml version="1.0" encoding="UTF-8"?>

<Group xmlns="http://hl7.org/fhir">
  <id value="gregor-research-study-participants"/>
  <meta>
    <profile value="https://nih-ncpi.github.io/ncpi-fhir-ig-2/StructureDefinition/research-study-group"/>
  </meta>
  <text>
    <status value="generated"/><div xmlns="http://www.w3.org/1999/xhtml"><p class="res-header-id"><b>Generated Narrative: Group gregor-research-study-participants</b></p><a name="gregor-research-study-participants"> </a><a name="hcgregor-research-study-participants"> </a><div style="display: inline-block; background-color: #d9e0e7; padding: 6px; margin: 4px; border: 1px solid #8da1b4; border-radius: 5px; line-height: 60%"><p style="margin-bottom: 0px"/><p style="margin-bottom: 0px">Profile: <a href="StructureDefinition-research-study-group.html">NCPI Research Study Group</a></p></div><p><b>identifier</b>: <code>https://anvil.terra.bio/</code>/GREGoR Participants</p><p><b>type</b>: Person</p><p><b>actual</b>: true</p><p><b>name</b>: Participants from the GREGoR research study GSS U08 GRU</p><p><b>quantity</b>: 555</p></div>
  </text>
  <identifier>
    <system value="https://anvil.terra.bio/"/>
    <value value="GREGoR Participants"/>
  </identifier>
  <type value="person"/>
  <actual value="true"/>
  <name value="Participants from the GREGoR research study GSS U08 GRU"/>
  <quantity value="555"/>
</Group>