<?xml version="1.0" encoding="UTF-8"?>

<ImplementationGuide xmlns="http://hl7.org/fhir">
  <id value="ncpi-fhir-implementation-guide-v2"/>
  <text>
    <status value="generated"/><div xmlns="http://www.w3.org/1999/xhtml"><p class="res-header-id"><b>Generated Narrative: ImplementationGuide ncpi-fhir-implementation-guide-v2</b></p><a name="ncpi-fhir-implementation-guide-v2"> </a><a name="hcncpi-fhir-implementation-guide-v2"> </a><a name="ncpi-fhir-implementation-guide-v2-en-US"> </a><h2>NCPIFHIRIGv2</h2><p>The official URL for this implementation guide is: </p><pre>https://nih-ncpi.github.io/ncpi-fhir-ig-2/ImplementationGuide/ncpi-fhir-implementation-guide-v2</pre><div><p>FHIR Implementation Guide for the NIH Cloud Platform Interoperability Effort (NCPI).</p>
</div></div>
  </text>
  <url value="https://nih-ncpi.github.io/ncpi-fhir-ig-2/ImplementationGuide/ncpi-fhir-implementation-guide-v2"/>
  <version value="0.1.0"/>
  <name value="NCPIFHIRIGv2"/>
  <title value="NCPI FHIR Implementation Guide v2"/>
  <status value="draft"/>
  <date value="2025-03-24T15:08:47+00:00"/>
  <publisher value="NCPI FHIR Working Group"/>
  <contact>
    <name value="NCPI FHIR Working Group"/>
    <telecom>
      <system value="url"/>
      <value value="http://example.org/example-publisher"/>
    </telecom>
    <telecom>
      <system value="email"/>
      <value value="ncpi-fhir-ig@googlegroups.com"/>
    </telecom>
  </contact>
  <description value="FHIR Implementation Guide for the NIH Cloud Platform Interoperability Effort (NCPI)."/>
  <packageId value="ncpi-fhir-implementation-guide-v2"/>
  <license value="CC0-1.0"/>
  <fhirVersion value="4.3.0"/>
  <dependsOn id="hl7tx">
    <extension url="http://hl7.org/fhir/tools/StructureDefinition/implementationguide-dependency-comment">
      <valueMarkdown value="Automatically added as a dependency - all IGs depend on HL7 Terminology"/>
    </extension>
    <uri value="http://terminology.hl7.org/ImplementationGuide/hl7.terminology"/>
    <packageId value="hl7.terminology.r4"/>
    <version value="6.2.0"/>
  </dependsOn>
  <dependsOn id="hl7ext">
    <extension url="http://hl7.org/fhir/tools/StructureDefinition/implementationguide-dependency-comment">
      <valueMarkdown value="Automatically added as a dependency - all IGs depend on the HL7 Extension Pack"/>
    </extension>
    <uri value="http://hl7.org/fhir/extensions/ImplementationGuide/hl7.fhir.uv.extensions"/>
    <packageId value="hl7.fhir.uv.extensions.r4"/>
    <version value="5.2.0"/>
  </dependsOn>
  <dependsOn id="hl7_fhir_us_core">
    <uri value="http://hl7.org/fhir/us/core/ImplementationGuide/hl7.fhir.us.core"/>
    <packageId value="hl7.fhir.us.core"/>
    <version value="3.1.1"/>
  </dependsOn>
  <definition>
    <extension url="http://hl7.org/fhir/tools/StructureDefinition/ig-parameter">
      <extension url="code">
        <valueString value="copyrightyear"/>
      </extension>
      <extension url="value">
        <valueString value="2023+"/>
      </extension>
    </extension>
    <extension url="http://hl7.org/fhir/tools/StructureDefinition/ig-parameter">
      <extension url="code">
        <valueString value="releaselabel"/>
      </extension>
      <extension url="value">
        <valueString value="ci-build"/>
      </extension>
    </extension>
    <extension url="http://hl7.org/fhir/tools/StructureDefinition/ig-parameter">
      <extension url="code">
        <valueString value="autoload-resources"/>
      </extension>
      <extension url="value">
        <valueString value="true"/>
      </extension>
    </extension>
    <extension url="http://hl7.org/fhir/tools/StructureDefinition/ig-parameter">
      <extension url="code">
        <valueString value="path-liquid"/>
      </extension>
      <extension url="value">
        <valueString value="template/liquid"/>
      </extension>
    </extension>
    <extension url="http://hl7.org/fhir/tools/StructureDefinition/ig-parameter">
      <extension url="code">
        <valueString value="path-liquid"/>
      </extension>
      <extension url="value">
        <valueString value="input/liquid"/>
      </extension>
    </extension>
    <extension url="http://hl7.org/fhir/tools/StructureDefinition/ig-parameter">
      <extension url="code">
        <valueString value="path-qa"/>
      </extension>
      <extension url="value">
        <valueString value="temp/qa"/>
      </extension>
    </extension>
    <extension url="http://hl7.org/fhir/tools/StructureDefinition/ig-parameter">
      <extension url="code">
        <valueString value="path-temp"/>
      </extension>
      <extension url="value">
        <valueString value="temp/pages"/>
      </extension>
    </extension>
    <extension url="http://hl7.org/fhir/tools/StructureDefinition/ig-parameter">
      <extension url="code">
        <valueString value="path-output"/>
      </extension>
      <extension url="value">
        <valueString value="output"/>
      </extension>
    </extension>
    <extension url="http://hl7.org/fhir/tools/StructureDefinition/ig-parameter">
      <extension url="code">
        <valueString value="path-suppressed-warnings"/>
      </extension>
      <extension url="value">
        <valueString value="input/ignoreWarnings.txt"/>
      </extension>
    </extension>
    <extension url="http://hl7.org/fhir/tools/StructureDefinition/ig-parameter">
      <extension url="code">
        <valueString value="path-history"/>
      </extension>
      <extension url="value">
        <valueString value="https://nih-ncpi.github.io/ncpi-fhir-ig-2/history.html"/>
      </extension>
    </extension>
    <extension url="http://hl7.org/fhir/tools/StructureDefinition/ig-parameter">
      <extension url="code">
        <valueString value="template-html"/>
      </extension>
      <extension url="value">
        <valueString value="template-page.html"/>
      </extension>
    </extension>
    <extension url="http://hl7.org/fhir/tools/StructureDefinition/ig-parameter">
      <extension url="code">
        <valueString value="template-md"/>
      </extension>
      <extension url="value">
        <valueString value="template-page-md.html"/>
      </extension>
    </extension>
    <extension url="http://hl7.org/fhir/tools/StructureDefinition/ig-parameter">
      <extension url="code">
        <valueString value="apply-contact"/>
      </extension>
      <extension url="value">
        <valueString value="true"/>
      </extension>
    </extension>
    <extension url="http://hl7.org/fhir/tools/StructureDefinition/ig-parameter">
      <extension url="code">
        <valueString value="apply-context"/>
      </extension>
      <extension url="value">
        <valueString value="true"/>
      </extension>
    </extension>
    <extension url="http://hl7.org/fhir/tools/StructureDefinition/ig-parameter">
      <extension url="code">
        <valueString value="apply-copyright"/>
      </extension>
      <extension url="value">
        <valueString value="true"/>
      </extension>
    </extension>
    <extension url="http://hl7.org/fhir/tools/StructureDefinition/ig-parameter">
      <extension url="code">
        <valueString value="apply-jurisdiction"/>
      </extension>
      <extension url="value">
        <valueString value="true"/>
      </extension>
    </extension>
    <extension url="http://hl7.org/fhir/tools/StructureDefinition/ig-parameter">
      <extension url="code">
        <valueString value="apply-license"/>
      </extension>
      <extension url="value">
        <valueString value="true"/>
      </extension>
    </extension>
    <extension url="http://hl7.org/fhir/tools/StructureDefinition/ig-parameter">
      <extension url="code">
        <valueString value="apply-publisher"/>
      </extension>
      <extension url="value">
        <valueString value="true"/>
      </extension>
    </extension>
    <extension url="http://hl7.org/fhir/tools/StructureDefinition/ig-parameter">
      <extension url="code">
        <valueString value="apply-version"/>
      </extension>
      <extension url="value">
        <valueString value="true"/>
      </extension>
    </extension>
    <extension url="http://hl7.org/fhir/tools/StructureDefinition/ig-parameter">
      <extension url="code">
        <valueString value="apply-wg"/>
      </extension>
      <extension url="value">
        <valueString value="true"/>
      </extension>
    </extension>
    <extension url="http://hl7.org/fhir/tools/StructureDefinition/ig-parameter">
      <extension url="code">
        <valueString value="active-tables"/>
      </extension>
      <extension url="value">
        <valueString value="true"/>
      </extension>
    </extension>
    <extension url="http://hl7.org/fhir/tools/StructureDefinition/ig-parameter">
      <extension url="code">
        <valueString value="fmm-definition"/>
      </extension>
      <extension url="value">
        <valueString value="http://hl7.org/fhir/versions.html#maturity"/>
      </extension>
    </extension>
    <extension url="http://hl7.org/fhir/tools/StructureDefinition/ig-parameter">
      <extension url="code">
        <valueString value="propagate-status"/>
      </extension>
      <extension url="value">
        <valueString value="true"/>
      </extension>
    </extension>
    <extension url="http://hl7.org/fhir/tools/StructureDefinition/ig-parameter">
      <extension url="code">
        <valueString value="excludelogbinaryformat"/>
      </extension>
      <extension url="value">
        <valueString value="true"/>
      </extension>
    </extension>
    <extension url="http://hl7.org/fhir/tools/StructureDefinition/ig-parameter">
      <extension url="code">
        <valueString value="tabbed-snapshots"/>
      </extension>
      <extension url="value">
        <valueString value="true"/>
      </extension>
    </extension>
    <extension url="http://hl7.org/fhir/tools/StructureDefinition/ig-internal-dependency">
      <valueCode value="hl7.fhir.uv.tools.r4#0.4.1"/>
    </extension>
    <extension url="http://hl7.org/fhir/tools/StructureDefinition/ig-parameter">
      <extension url="code">
        <valueCode value="copyrightyear"/>
      </extension>
      <extension url="value">
        <valueString value="2023+"/>
      </extension>
    </extension>
    <extension url="http://hl7.org/fhir/tools/StructureDefinition/ig-parameter">
      <extension url="code">
        <valueCode value="releaselabel"/>
      </extension>
      <extension url="value">
        <valueString value="ci-build"/>
      </extension>
    </extension>
    <extension url="http://hl7.org/fhir/tools/StructureDefinition/ig-parameter">
      <extension url="code">
        <valueCode value="autoload-resources"/>
      </extension>
      <extension url="value">
        <valueString value="true"/>
      </extension>
    </extension>
    <extension url="http://hl7.org/fhir/tools/StructureDefinition/ig-parameter">
      <extension url="code">
        <valueCode value="path-liquid"/>
      </extension>
      <extension url="value">
        <valueString value="template/liquid"/>
      </extension>
    </extension>
    <extension url="http://hl7.org/fhir/tools/StructureDefinition/ig-parameter">
      <extension url="code">
        <valueCode value="path-liquid"/>
      </extension>
      <extension url="value">
        <valueString value="input/liquid"/>
      </extension>
    </extension>
    <extension url="http://hl7.org/fhir/tools/StructureDefinition/ig-parameter">
      <extension url="code">
        <valueCode value="path-qa"/>
      </extension>
      <extension url="value">
        <valueString value="temp/qa"/>
      </extension>
    </extension>
    <extension url="http://hl7.org/fhir/tools/StructureDefinition/ig-parameter">
      <extension url="code">
        <valueCode value="path-temp"/>
      </extension>
      <extension url="value">
        <valueString value="temp/pages"/>
      </extension>
    </extension>
    <extension url="http://hl7.org/fhir/tools/StructureDefinition/ig-parameter">
      <extension url="code">
        <valueCode value="path-output"/>
      </extension>
      <extension url="value">
        <valueString value="output"/>
      </extension>
    </extension>
    <extension url="http://hl7.org/fhir/tools/StructureDefinition/ig-parameter">
      <extension url="code">
        <valueCode value="path-suppressed-warnings"/>
      </extension>
      <extension url="value">
        <valueString value="input/ignoreWarnings.txt"/>
      </extension>
    </extension>
    <extension url="http://hl7.org/fhir/tools/StructureDefinition/ig-parameter">
      <extension url="code">
        <valueCode value="path-history"/>
      </extension>
      <extension url="value">
        <valueString value="https://nih-ncpi.github.io/ncpi-fhir-ig-2/history.html"/>
      </extension>
    </extension>
    <extension url="http://hl7.org/fhir/tools/StructureDefinition/ig-parameter">
      <extension url="code">
        <valueCode value="template-html"/>
      </extension>
      <extension url="value">
        <valueString value="template-page.html"/>
      </extension>
    </extension>
    <extension url="http://hl7.org/fhir/tools/StructureDefinition/ig-parameter">
      <extension url="code">
        <valueCode value="template-md"/>
      </extension>
      <extension url="value">
        <valueString value="template-page-md.html"/>
      </extension>
    </extension>
    <extension url="http://hl7.org/fhir/tools/StructureDefinition/ig-parameter">
      <extension url="code">
        <valueCode value="apply-contact"/>
      </extension>
      <extension url="value">
        <valueString value="true"/>
      </extension>
    </extension>
    <extension url="http://hl7.org/fhir/tools/StructureDefinition/ig-parameter">
      <extension url="code">
        <valueCode value="apply-context"/>
      </extension>
      <extension url="value">
        <valueString value="true"/>
      </extension>
    </extension>
    <extension url="http://hl7.org/fhir/tools/StructureDefinition/ig-parameter">
      <extension url="code">
        <valueCode value="apply-copyright"/>
      </extension>
      <extension url="value">
        <valueString value="true"/>
      </extension>
    </extension>
    <extension url="http://hl7.org/fhir/tools/StructureDefinition/ig-parameter">
      <extension url="code">
        <valueCode value="apply-jurisdiction"/>
      </extension>
      <extension url="value">
        <valueString value="true"/>
      </extension>
    </extension>
    <extension url="http://hl7.org/fhir/tools/StructureDefinition/ig-parameter">
      <extension url="code">
        <valueCode value="apply-license"/>
      </extension>
      <extension url="value">
        <valueString value="true"/>
      </extension>
    </extension>
    <extension url="http://hl7.org/fhir/tools/StructureDefinition/ig-parameter">
      <extension url="code">
        <valueCode value="apply-publisher"/>
      </extension>
      <extension url="value">
        <valueString value="true"/>
      </extension>
    </extension>
    <extension url="http://hl7.org/fhir/tools/StructureDefinition/ig-parameter">
      <extension url="code">
        <valueCode value="apply-version"/>
      </extension>
      <extension url="value">
        <valueString value="true"/>
      </extension>
    </extension>
    <extension url="http://hl7.org/fhir/tools/StructureDefinition/ig-parameter">
      <extension url="code">
        <valueCode value="apply-wg"/>
      </extension>
      <extension url="value">
        <valueString value="true"/>
      </extension>
    </extension>
    <extension url="http://hl7.org/fhir/tools/StructureDefinition/ig-parameter">
      <extension url="code">
        <valueCode value="active-tables"/>
      </extension>
      <extension url="value">
        <valueString value="true"/>
      </extension>
    </extension>
    <extension url="http://hl7.org/fhir/tools/StructureDefinition/ig-parameter">
      <extension url="code">
        <valueCode value="fmm-definition"/>
      </extension>
      <extension url="value">
        <valueString value="http://hl7.org/fhir/versions.html#maturity"/>
      </extension>
    </extension>
    <extension url="http://hl7.org/fhir/tools/StructureDefinition/ig-parameter">
      <extension url="code">
        <valueCode value="propagate-status"/>
      </extension>
      <extension url="value">
        <valueString value="true"/>
      </extension>
    </extension>
    <extension url="http://hl7.org/fhir/tools/StructureDefinition/ig-parameter">
      <extension url="code">
        <valueCode value="excludelogbinaryformat"/>
      </extension>
      <extension url="value">
        <valueString value="true"/>
      </extension>
    </extension>
    <extension url="http://hl7.org/fhir/tools/StructureDefinition/ig-parameter">
      <extension url="code">
        <valueCode value="tabbed-snapshots"/>
      </extension>
      <extension url="value">
        <valueString value="true"/>
      </extension>
    </extension>
    <resource>
      <extension url="http://hl7.org/fhir/tools/StructureDefinition/resource-information">
        <valueString value="StructureDefinition:extension"/>
      </extension>
      <reference>
        <reference value="StructureDefinition/access-policy"/>
      </reference>
      <name value="Access policy"/>
      <description value="Access Policy Extension"/>
      <exampleBoolean value="false"/>
    </resource>
    <resource>
      <extension url="http://hl7.org/fhir/tools/StructureDefinition/resource-information">
        <valueString value="StructureDefinition:extension"/>
      </extension>
      <reference>
        <reference value="StructureDefinition/access-policy-description"/>
      </reference>
      <name value="Access Policy Description"/>
      <description value="Descriptive text summarizing the policy restrictions and other details associated with this access provision."/>
      <exampleBoolean value="false"/>
    </resource>
    <resource>
      <extension url="http://hl7.org/fhir/tools/StructureDefinition/resource-information">
        <valueString value="StructureDefinition:extension"/>
      </extension>
      <reference>
        <reference value="StructureDefinition/access-type"/>
      </reference>
      <name value="Access Type"/>
      <description value="Access type code associated with downloads affected by this Access Policy ( open | registered | controlled )"/>
      <exampleBoolean value="false"/>
    </resource>
    <resource>
      <extension url="http://hl7.org/fhir/tools/StructureDefinition/resource-information">
        <valueString value="CodeSystem"/>
      </extension>
      <reference>
        <reference value="CodeSystem/adaptor-trimmed-cs"/>
      </reference>
      <name value="Adaptor trimmed options"/>
      <description value="Adaptor trimmed options"/>
      <exampleBoolean value="false"/>
    </resource>
    <resource>
      <extension url="http://hl7.org/fhir/tools/StructureDefinition/resource-information">
        <valueString value="StructureDefinition:extension"/>
      </extension>
      <reference>
        <reference value="StructureDefinition/age-at-assertion"/>
      </reference>
      <name value="Age at Assertion"/>
      <description value="Age at Assertion Extension"/>
      <exampleBoolean value="false"/>
    </resource>
    <resource>
      <extension url="http://hl7.org/fhir/tools/StructureDefinition/resource-information">
        <valueString value="StructureDefinition:extension"/>
      </extension>
      <reference>
        <reference value="StructureDefinition/research-age-at-last-vital-status"/>
      </reference>
      <name value="Age at Last Vital Status Extension"/>
      <description value="Age at Last Vital Status Extension"/>
      <exampleBoolean value="false"/>
    </resource>
    <resource>
      <extension url="http://hl7.org/fhir/tools/StructureDefinition/resource-information">
        <valueString value="StructureDefinition:extension"/>
      </extension>
      <reference>
        <reference value="StructureDefinition/hash-type"/>
      </reference>
      <name value="Algorithm used to calculate the hash (and size, where applicable)"/>
      <description value="Algorithm used to calculate the hash (and size, where applicable)"/>
      <exampleBoolean value="false"/>
    </resource>
    <resource>
      <extension url="http://hl7.org/fhir/tools/StructureDefinition/resource-information">
        <valueString value="Observation"/>
      </extension>
      <reference>
        <reference value="Observation/cbtn-family-relationship-mother"/>
      </reference>
      <name value="An example family relationship based on data from CBTN"/>
      <description value="An example family relationship based on data from CBTN."/>
      <exampleCanonical value="https://nih-ncpi.github.io/ncpi-fhir-ig-2/StructureDefinition/ncpi-family-relationship"/>
    </resource>
    <resource>
      <extension url="http://hl7.org/fhir/tools/StructureDefinition/resource-information">
        <valueString value="Observation"/>
      </extension>
      <reference>
        <reference value="Observation/cbtn-family-relationship-son"/>
      </reference>
      <name value="An example family relationship based on data from CBTN"/>
      <description value="An example family relationship based on data from CBTN."/>
      <exampleCanonical value="https://nih-ncpi.github.io/ncpi-fhir-ig-2/StructureDefinition/ncpi-family-relationship"/>
    </resource>
    <resource>
      <extension url="http://hl7.org/fhir/tools/StructureDefinition/resource-information">
        <valueString value="Observation"/>
      </extension>
      <reference>
        <reference value="Observation/gregor-family-relationship-mother"/>
      </reference>
      <name value="An example family relationship based on data from GREGoR"/>
      <description value="An example family relationship based on data from GREGoR."/>
      <exampleCanonical value="https://nih-ncpi.github.io/ncpi-fhir-ig-2/StructureDefinition/ncpi-family-relationship"/>
    </resource>
    <resource>
      <extension url="http://hl7.org/fhir/tools/StructureDefinition/resource-information">
        <valueString value="CodeSystem"/>
      </extension>
      <reference>
        <reference value="CodeSystem/assay-strategy-cs"/>
      </reference>
      <name value="Assay strategy options"/>
      <description value="Assay strategy options"/>
      <exampleBoolean value="false"/>
    </resource>
    <resource>
      <extension url="http://hl7.org/fhir/tools/StructureDefinition/resource-information">
        <valueString value="ValueSet"/>
      </extension>
      <reference>
        <reference value="ValueSet/condition-assertion-vs"/>
      </reference>
      <name value="Assertion of Condition Codes"/>
      <exampleBoolean value="false"/>
    </resource>
    <resource>
      <extension url="http://hl7.org/fhir/tools/StructureDefinition/resource-information">
        <valueString value="CodeSystem"/>
      </extension>
      <reference>
        <reference value="CodeSystem/condition-assertion"/>
      </reference>
      <name value="Assertion of Condition Codes"/>
      <description value="Code System for assertion of condition presence"/>
      <exampleBoolean value="false"/>
    </resource>
    <resource>
      <extension url="http://hl7.org/fhir/tools/StructureDefinition/resource-information">
        <valueString value="StructureDefinition:extension"/>
      </extension>
      <reference>
        <reference value="StructureDefinition/aliquot-availability"/>
      </reference>
      <name value="Availability Status of Aliquot"/>
      <description value="Availability Status of Aliquot"/>
      <exampleBoolean value="false"/>
    </resource>
    <resource>
      <extension url="http://hl7.org/fhir/tools/StructureDefinition/resource-information">
        <valueString value="StructureDefinition:resource"/>
      </extension>
      <reference>
        <reference value="StructureDefinition/ncpi-bamcram"/>
      </reference>
      <name value="BAM or CRAM file profile"/>
      <description value="BAM or CRAM file profile"/>
      <exampleBoolean value="false"/>
    </resource>
    <resource>
      <extension url="http://hl7.org/fhir/tools/StructureDefinition/resource-information">
        <valueString value="Consent"/>
      </extension>
      <reference>
        <reference value="Consent/kf-gru-dac-consent"/>
      </reference>
      <name value="CBTN General Research Use (GRU) Consent DAC"/>
      <description value="General Research Use (GRU)"/>
      <exampleCanonical value="https://nih-ncpi.github.io/ncpi-fhir-ig-2/StructureDefinition/ncpi-research-access-policy"/>
    </resource>
    <resource>
      <extension url="http://hl7.org/fhir/tools/StructureDefinition/resource-information">
        <valueString value="Consent"/>
      </extension>
      <reference>
        <reference value="Consent/kf-gru-dbgap-consent"/>
      </reference>
      <name value="CBTN General Research Use (GRU) Consent dbGaP"/>
      <description value="General Research Use (GRU)"/>
      <exampleCanonical value="https://nih-ncpi.github.io/ncpi-fhir-ig-2/StructureDefinition/ncpi-research-access-policy"/>
    </resource>
    <resource>
      <extension url="http://hl7.org/fhir/tools/StructureDefinition/resource-information">
        <valueString value="PractitionerRole"/>
      </extension>
      <reference>
        <reference value="PractitionerRole/kf-research-study-personnel-role-op-lead"/>
      </reference>
      <name value="CBTN Operations Lead"/>
      <description value="CBTN Operations Lead"/>
      <exampleBoolean value="true"/>
    </resource>
    <resource>
      <extension url="http://hl7.org/fhir/tools/StructureDefinition/resource-information">
        <valueString value="ResearchStudy"/>
      </extension>
      <reference>
        <reference value="ResearchStudy/kf-research-study-cbtn"/>
      </reference>
      <name value="Children's Brain Tumor Network (CBTN)"/>
      <description value="Brain tumors are the most common form of cancer in children aged 0-19 in the United States, and are the largest cause of cancer-related deaths. The estimated number of new cases in 2019 is nearly 3,800 and thus brain tumors are a rare disease. Despite their relative rarity, the years of potential life lost due to brain tumors in 2009 was estimated at 47,631 years for children and adolescents aged 0-19 in the United States; this is a disproportionate amount of life lost compared to adult cancers and represents an unrecognized societal threat. There is an urgent need to improve therapies for these children. Most of the high-grade glial and embryonal brain cancers still remain largely incurable despite decades of clinical and laboratory research. Existing non-targeted chemotherapies and radiation, while at times effective, often represent pyrrhic victories, leaving behind life-long health burdens and causing a significant risk of secondary malignancies. NIH funded pediatric brain tumor cohort-based genomic dataset generation efforts have lagged behind other histologies and have yet to be included as part of large-scale sequencing efforts. However, consortia-based initiatives like those supported by the Children's Brain Tumor Network (CBTN) have demonstrated the early potential for clinically annotated genomic cohorts and their utility and interest by both the pediatric cancer and structural birth defect community with more than 130 data access requests for a non-embargoed cohort of tumor/normal whole genomes and paired tumor RNAseq. Indeed more than one quarter of this 800-subject initial sequencing cohort were identified to have birth-defect-associated clinical annotations in their clinical records, however, to our knowledge limited to no trio-based genomics cohort studies exist for any one pediatric brain tumor histology. The project's proposed sequencing cohort defines the largest, clinically annotated pediatric brain tumor cohort study to date and seeks to define the intersection of germline and somatic underpinnings of pediatric brain tumors across a shared developmental context of cancer and structural birth defects."/>
      <exampleCanonical value="https://nih-ncpi.github.io/ncpi-fhir-ig-2/StructureDefinition/ncpi-research-study"/>
    </resource>
    <resource>
      <extension url="http://hl7.org/fhir/tools/StructureDefinition/resource-information">
        <valueString value="Organization"/>
      </extension>
      <reference>
        <reference value="Organization/kf-research-study-organization-chop"/>
      </reference>
      <name value="Children's Hospital of Philadelphia"/>
      <description value="Represents the Organization for which CHOP PIs are affiliated"/>
      <exampleBoolean value="true"/>
    </resource>
    <resource>
      <extension url="http://hl7.org/fhir/tools/StructureDefinition/resource-information">
        <valueString value="ValueSet"/>
      </extension>
      <reference>
        <reference value="ValueSet/collection-type-vs"/>
      </reference>
      <name value="Collection Type"/>
      <description value="Enumerated list of Collection types"/>
      <exampleBoolean value="false"/>
    </resource>
    <resource>
      <extension url="http://hl7.org/fhir/tools/StructureDefinition/resource-information">
        <valueString value="CodeSystem"/>
      </extension>
      <reference>
        <reference value="CodeSystem/collection-type"/>
      </reference>
      <name value="Collection Type"/>
      <description value="Enumerated list of collection types"/>
      <exampleBoolean value="false"/>
    </resource>
    <resource>
      <extension url="http://hl7.org/fhir/tools/StructureDefinition/resource-information">
        <valueString value="StructureDefinition:extension"/>
      </extension>
      <reference>
        <reference value="StructureDefinition/aliquot-concentration"/>
      </reference>
      <name value="Concentration of the Aliquot"/>
      <description value="Concentration of the Aliquot"/>
      <exampleBoolean value="false"/>
    </resource>
    <resource>
      <extension url="http://hl7.org/fhir/tools/StructureDefinition/resource-information">
        <valueString value="ValueSet"/>
      </extension>
      <reference>
        <reference value="ValueSet/condition-code-vs"/>
      </reference>
      <name value="Conditon Codes"/>
      <description value="Includes all codes from **HPO** and **MONDO**"/>
      <exampleBoolean value="false"/>
    </resource>
    <resource>
      <extension url="http://hl7.org/fhir/tools/StructureDefinition/resource-information">
        <valueString value="StructureDefinition:extension"/>
      </extension>
      <reference>
        <reference value="StructureDefinition/consanguinity"/>
      </reference>
      <name value="Consanguinity Extension"/>
      <description value="Extension containing Consanguinity"/>
      <exampleBoolean value="false"/>
    </resource>
    <resource>
      <extension url="http://hl7.org/fhir/tools/StructureDefinition/resource-information">
        <valueString value="ValueSet"/>
      </extension>
      <reference>
        <reference value="ValueSet/consanguinity-assertion-vs"/>
      </reference>
      <name value="Consanguinity Value Codes"/>
      <description value="List of codes indicates the level of known consanguinity (blood relation) within a study family."/>
      <exampleBoolean value="false"/>
    </resource>
    <resource>
      <extension url="http://hl7.org/fhir/tools/StructureDefinition/resource-information">
        <valueString value="PractitionerRole"/>
      </extension>
      <reference>
        <reference value="PractitionerRole/kf-research-study-personnel-role-pi"/>
      </reference>
      <name value="dbGaP PI"/>
      <description value="dbGaP PI"/>
      <exampleBoolean value="true"/>
    </resource>
    <resource>
      <extension url="http://hl7.org/fhir/tools/StructureDefinition/resource-information">
        <valueString value="PractitionerRole"/>
      </extension>
      <reference>
        <reference value="PractitionerRole/kf-research-study-personnel-role-pi-x01"/>
      </reference>
      <name value="dbGaP PI, X01 FY 2021"/>
      <description value="dbGaP PI, X01 FY 2021"/>
      <exampleBoolean value="true"/>
    </resource>
    <resource>
      <extension url="http://hl7.org/fhir/tools/StructureDefinition/resource-information">
        <valueString value="StructureDefinition:complex-type"/>
      </extension>
      <reference>
        <reference value="StructureDefinition/ncpi-drs-attachment"/>
      </reference>
      <name value="DRS Attachment"/>
      <description value="A FHIR Attachment with a DRS url."/>
      <exampleBoolean value="false"/>
    </resource>
    <resource>
      <extension url="http://hl7.org/fhir/tools/StructureDefinition/resource-information">
        <valueString value="CodeSystem"/>
      </extension>
      <reference>
        <reference value="CodeSystem/component-elements"/>
      </reference>
      <name value="Elements of Component"/>
      <description value="Slicing for elements of component"/>
      <exampleBoolean value="false"/>
    </resource>
    <resource>
      <extension url="http://hl7.org/fhir/tools/StructureDefinition/resource-information">
        <valueString value="ValueSet"/>
      </extension>
      <reference>
        <reference value="ValueSet/research-data-date-of-birth-method-vs"/>
      </reference>
      <name value="Enumerations for how DOB was constructed"/>
      <description value="Enumerations for how DOB was constructed"/>
      <exampleBoolean value="false"/>
    </resource>
    <resource>
      <extension url="http://hl7.org/fhir/tools/StructureDefinition/resource-information">
        <valueString value="CodeSystem"/>
      </extension>
      <reference>
        <reference value="CodeSystem/research-data-date-of-birth-method"/>
      </reference>
      <name value="Enumerations for how DOB was constructed"/>
      <description value="Enumerations for how DOB was constructed"/>
      <exampleBoolean value="false"/>
    </resource>
    <resource>
      <extension url="http://hl7.org/fhir/tools/StructureDefinition/resource-information">
        <valueString value="ValueSet"/>
      </extension>
      <reference>
        <reference value="ValueSet/edam-ontology-terms"/>
      </reference>
      <name value="Enumerations for the EDAM ontology"/>
      <description value="Enumerations for the EDAM ontology"/>
      <exampleBoolean value="false"/>
    </resource>
    <resource>
      <extension url="http://hl7.org/fhir/tools/StructureDefinition/resource-information">
        <valueString value="Specimen"/>
      </extension>
      <reference>
        <reference value="Specimen/SA-000"/>
      </reference>
      <name value="Example biospecimen based on data from CBTN"/>
      <description value="Example biospecimen based on data from CBTN"/>
      <exampleCanonical value="https://nih-ncpi.github.io/ncpi-fhir-ig-2/StructureDefinition/ncpi-sample"/>
    </resource>
    <resource>
      <extension url="http://hl7.org/fhir/tools/StructureDefinition/resource-information">
        <valueString value="Specimen"/>
      </extension>
      <reference>
        <reference value="Specimen/GSS123456-01-010"/>
      </reference>
      <name value="Example biospecimen based on data from GREGoR"/>
      <description value="Example biospecimen based on data from GREGoR"/>
      <exampleCanonical value="https://nih-ncpi.github.io/ncpi-fhir-ig-2/StructureDefinition/ncpi-sample"/>
    </resource>
    <resource>
      <extension url="http://hl7.org/fhir/tools/StructureDefinition/resource-information">
        <valueString value="Observation"/>
      </extension>
      <reference>
        <reference value="Observation/PT-006SP660-condition"/>
      </reference>
      <name value="Example condition using data from CBTN"/>
      <description value="Example condition using data from CBTN."/>
      <exampleCanonical value="https://nih-ncpi.github.io/ncpi-fhir-ig-2/StructureDefinition/ncpi-condition"/>
    </resource>
    <resource>
      <extension url="http://hl7.org/fhir/tools/StructureDefinition/resource-information">
        <valueString value="Observation"/>
      </extension>
      <reference>
        <reference value="Observation/GSS123456-condition"/>
      </reference>
      <name value="Example condition using data from GREGoR"/>
      <description value="Example condition using data from GREGoR"/>
      <exampleCanonical value="https://nih-ncpi.github.io/ncpi-fhir-ig-2/StructureDefinition/ncpi-condition"/>
    </resource>
    <resource>
      <extension url="http://hl7.org/fhir/tools/StructureDefinition/resource-information">
        <valueString value="Patient"/>
      </extension>
      <reference>
        <reference value="Patient/GSS654321"/>
      </reference>
      <name value="Example family member based on data from GREGoR"/>
      <description value="Example family member based on data from GREGoR."/>
      <exampleCanonical value="https://nih-ncpi.github.io/ncpi-fhir-ig-2/StructureDefinition/ncpi-participant"/>
    </resource>
    <resource>
      <extension url="http://hl7.org/fhir/tools/StructureDefinition/resource-information">
        <valueString value="DocumentReference"/>
      </extension>
      <reference>
        <reference value="DocumentReference/GF-6BAD9S7D"/>
      </reference>
      <name value="Example file based on CBTN"/>
      <description value="Use case of file information from CBTN"/>
      <exampleCanonical value="https://nih-ncpi.github.io/ncpi-fhir-ig-2/StructureDefinition/ncpi-file"/>
    </resource>
    <resource>
      <extension url="http://hl7.org/fhir/tools/StructureDefinition/resource-information">
        <valueString value="DocumentReference"/>
      </extension>
      <reference>
        <reference value="DocumentReference/GSS123456-01-010-SG-2"/>
      </reference>
      <name value="Example file based on GREGoR"/>
      <description value="Use case of file information from GREGor"/>
      <exampleCanonical value="https://nih-ncpi.github.io/ncpi-fhir-ig-2/StructureDefinition/ncpi-file"/>
    </resource>
    <resource>
      <extension url="http://hl7.org/fhir/tools/StructureDefinition/resource-information">
        <valueString value="Observation"/>
      </extension>
      <reference>
        <reference value="Observation/gregor-example-metadata"/>
      </reference>
      <name value="Example file metadata for a BAM-CRAM file from GREGoR"/>
      <description value="Example file metadata for a BAM-CRAM file from GREGoR"/>
      <exampleCanonical value="https://nih-ncpi.github.io/ncpi-fhir-ig-2/StructureDefinition/ncpi-bamcram"/>
    </resource>
    <resource>
      <extension url="http://hl7.org/fhir/tools/StructureDefinition/resource-information">
        <valueString value="Observation"/>
      </extension>
      <reference>
        <reference value="Observation/FASTQ-example"/>
      </reference>
      <name value="Example file metadata from CBTN"/>
      <description value="Example file metadata from CBTN"/>
      <exampleCanonical value="https://nih-ncpi.github.io/ncpi-fhir-ig-2/StructureDefinition/ncpi-fastq"/>
    </resource>
    <resource>
      <extension url="http://hl7.org/fhir/tools/StructureDefinition/resource-information">
        <valueString value="ResearchSubject"/>
      </extension>
      <reference>
        <reference value="ResearchSubject/gregor-example-participantstudy"/>
      </reference>
      <name value="Example mappings based on data from GREGoR"/>
      <description value="Example mappings based on data from GREGoR"/>
      <exampleCanonical value="https://nih-ncpi.github.io/ncpi-fhir-ig-2/StructureDefinition/ncpi-Study-Participant"/>
    </resource>
    <resource>
      <extension url="http://hl7.org/fhir/tools/StructureDefinition/resource-information">
        <valueString value="Patient"/>
      </extension>
      <reference>
        <reference value="Patient/PT-006SP660"/>
      </reference>
      <name value="Example patients based on data from CBTN"/>
      <description value="Example patients based on data from CBTN."/>
      <exampleCanonical value="https://nih-ncpi.github.io/ncpi-fhir-ig-2/StructureDefinition/ncpi-participant"/>
    </resource>
    <resource>
      <extension url="http://hl7.org/fhir/tools/StructureDefinition/resource-information">
        <valueString value="Group"/>
      </extension>
      <reference>
        <reference value="Group/cbtn-study-family"/>
      </reference>
      <name value="Example patients based on data from CBTN"/>
      <description value="Example patients based on data from CBTN."/>
      <exampleCanonical value="https://nih-ncpi.github.io/ncpi-fhir-ig-2/StructureDefinition/ncpi-study-family"/>
    </resource>
    <resource>
      <extension url="http://hl7.org/fhir/tools/StructureDefinition/resource-information">
        <valueString value="Patient"/>
      </extension>
      <reference>
        <reference value="Patient/GSS123456"/>
      </reference>
      <name value="Example patients based on data from GREGoR"/>
      <description value="Example patients based on data from GREGoR."/>
      <exampleCanonical value="https://nih-ncpi.github.io/ncpi-fhir-ig-2/StructureDefinition/ncpi-participant"/>
    </resource>
    <resource>
      <extension url="http://hl7.org/fhir/tools/StructureDefinition/resource-information">
        <valueString value="Person"/>
      </extension>
      <reference>
        <reference value="Person/gregor-example-person"/>
      </reference>
      <name value="Example patients based on data from GREGoR"/>
      <description value="Example patients based on data from GREGoR"/>
      <exampleCanonical value="https://nih-ncpi.github.io/ncpi-fhir-ig-2/StructureDefinition/ncpi-person"/>
    </resource>
    <resource>
      <extension url="http://hl7.org/fhir/tools/StructureDefinition/resource-information">
        <valueString value="Group"/>
      </extension>
      <reference>
        <reference value="Group/gregor-study-family"/>
      </reference>
      <name value="Example patients based on data from GREGoR"/>
      <description value="Example patients based on data from GREGoR."/>
      <exampleCanonical value="https://nih-ncpi.github.io/ncpi-fhir-ig-2/StructureDefinition/ncpi-study-family"/>
    </resource>
    <resource>
      <extension url="http://hl7.org/fhir/tools/StructureDefinition/resource-information">
        <valueString value="Patient"/>
      </extension>
      <reference>
        <reference value="Patient/PT-006SP675"/>
      </reference>
      <name value="Example patients based on data from PCGC"/>
      <description value="Example patients based on data from PCGC."/>
      <exampleCanonical value="https://nih-ncpi.github.io/ncpi-fhir-ig-2/StructureDefinition/ncpi-participant"/>
    </resource>
    <resource>
      <extension url="http://hl7.org/fhir/tools/StructureDefinition/resource-information">
        <valueString value="Person"/>
      </extension>
      <reference>
        <reference value="Person/pcgc-example-person"/>
      </reference>
      <name value="Example patients based on data from PCGC"/>
      <description value="Example patients based on data from PCGC"/>
      <exampleCanonical value="https://nih-ncpi.github.io/ncpi-fhir-ig-2/StructureDefinition/ncpi-person"/>
    </resource>
    <resource>
      <extension url="http://hl7.org/fhir/tools/StructureDefinition/resource-information">
        <valueString value="ResearchStudy"/>
      </extension>
      <reference>
        <reference value="ResearchStudy/research-study-gregor"/>
      </reference>
      <name value="Example study from GREGoR"/>
      <description value="Example study from GREGoR"/>
      <exampleCanonical value="https://nih-ncpi.github.io/ncpi-fhir-ig-2/StructureDefinition/ncpi-research-study"/>
    </resource>
    <resource>
      <extension url="http://hl7.org/fhir/tools/StructureDefinition/resource-information">
        <valueString value="StructureDefinition:resource"/>
      </extension>
      <reference>
        <reference value="StructureDefinition/ncpi-family-relationship"/>
      </reference>
      <name value="Family Relationship"/>
      <description value="Family Relationship"/>
      <exampleBoolean value="false"/>
    </resource>
    <resource>
      <extension url="http://hl7.org/fhir/tools/StructureDefinition/resource-information">
        <valueString value="StructureDefinition:extension"/>
      </extension>
      <reference>
        <reference value="StructureDefinition/family-type"/>
      </reference>
      <name value="Family Type Extension"/>
      <description value="Extension containing Family Type"/>
      <exampleBoolean value="false"/>
    </resource>
    <resource>
      <extension url="http://hl7.org/fhir/tools/StructureDefinition/resource-information">
        <valueString value="ValueSet"/>
      </extension>
      <reference>
        <reference value="ValueSet/ncpi-family-types-vs"/>
      </reference>
      <name value="Family Types Codes"/>
      <description value="A value set with all codes used for the expected family types."/>
      <exampleBoolean value="false"/>
    </resource>
    <resource>
      <extension url="http://hl7.org/fhir/tools/StructureDefinition/resource-information">
        <valueString value="StructureDefinition:resource"/>
      </extension>
      <reference>
        <reference value="StructureDefinition/ncpi-gene-fusion-expression"/>
      </reference>
      <name value="Gene fusion or gene expression file profile"/>
      <description value="Gene fusion or gene expression file profile"/>
      <exampleBoolean value="false"/>
    </resource>
    <resource>
      <extension url="http://hl7.org/fhir/tools/StructureDefinition/resource-information">
        <valueString value="Consent"/>
      </extension>
      <reference>
        <reference value="Consent/kf-gsr-allowed-access"/>
      </reference>
      <name value="Genomic Summary Results (GSR) Allowed Access"/>
      <description value="Genomic Summary Results (GSR) Allowed Access"/>
      <exampleCanonical value="https://nih-ncpi.github.io/ncpi-fhir-ig-2/StructureDefinition/ncpi-research-access-policy"/>
    </resource>
    <resource>
      <extension url="http://hl7.org/fhir/tools/StructureDefinition/resource-information">
        <valueString value="Consent"/>
      </extension>
      <reference>
        <reference value="Consent/gregor-gru-consent"/>
      </reference>
      <name value="GREGoR General Research Use (GRU) Consent"/>
      <description value="General Research Use (GRU)"/>
      <exampleCanonical value="https://nih-ncpi.github.io/ncpi-fhir-ig-2/StructureDefinition/ncpi-research-access-policy"/>
    </resource>
    <resource>
      <extension url="http://hl7.org/fhir/tools/StructureDefinition/resource-information">
        <valueString value="CodeSystem"/>
      </extension>
      <reference>
        <reference value="CodeSystem/example-hash-type-code-system"/>
      </reference>
      <name value="Hash Types Code System"/>
      <description value="Algorithm used to calculate the hash (and size, where applicable)"/>
      <exampleBoolean value="false"/>
    </resource>
    <resource>
      <extension url="http://hl7.org/fhir/tools/StructureDefinition/resource-information">
        <valueString value="StructureDefinition:extension"/>
      </extension>
      <reference>
        <reference value="StructureDefinition/location-access"/>
      </reference>
      <name value="If present, only those under the specific Access Policy can access the file in this location."/>
      <description value="If present, only those under the specific Access Policy can access the file in this location."/>
      <exampleBoolean value="false"/>
    </resource>
    <resource>
      <extension url="http://hl7.org/fhir/tools/StructureDefinition/resource-information">
        <valueString value="List"/>
      </extension>
      <reference>
        <reference value="List/ncpi-research-collection-kfx01"/>
      </reference>
      <name value="Kids First X01s"/>
      <description value="Kids First X01s"/>
      <exampleCanonical value="https://nih-ncpi.github.io/ncpi-fhir-ig-2/StructureDefinition/ncpi-research-collection"/>
    </resource>
    <resource>
      <extension url="http://hl7.org/fhir/tools/StructureDefinition/resource-information">
        <valueString value="StructureDefinition:extension"/>
      </extension>
      <reference>
        <reference value="StructureDefinition/label-extension"/>
      </reference>
      <name value="Label"/>
      <description value="A text label accompanied by a code indicating the label type (such as Acronym, subtitle, etc)"/>
      <exampleBoolean value="false"/>
    </resource>
    <resource>
      <extension url="http://hl7.org/fhir/tools/StructureDefinition/resource-information">
        <valueString value="StructureDefinition:extension"/>
      </extension>
      <reference>
        <reference value="StructureDefinition/biospecimen-laterality"/>
      </reference>
      <name value="Laterality Information"/>
      <description value="Laterality Information"/>
      <exampleBoolean value="false"/>
    </resource>
    <resource>
      <extension url="http://hl7.org/fhir/tools/StructureDefinition/resource-information">
        <valueString value="StructureDefinition:extension"/>
      </extension>
      <reference>
        <reference value="StructureDefinition/condition-laterality"/>
      </reference>
      <name value="Laterality Information"/>
      <description value="Laterality Information"/>
      <exampleBoolean value="false"/>
    </resource>
    <resource>
      <extension url="http://hl7.org/fhir/tools/StructureDefinition/resource-information">
        <valueString value="ValueSet"/>
      </extension>
      <reference>
        <reference value="ValueSet/condition-laterality-vs"/>
      </reference>
      <name value="Laterality Information"/>
      <description value="Laterality Information"/>
      <exampleBoolean value="false"/>
    </resource>
    <resource>
      <extension url="http://hl7.org/fhir/tools/StructureDefinition/resource-information">
        <valueString value="CodeSystem"/>
      </extension>
      <reference>
        <reference value="CodeSystem/library-prep-cs"/>
      </reference>
      <name value="Library prep options"/>
      <description value="Library prep options"/>
      <exampleBoolean value="false"/>
    </resource>
    <resource>
      <extension url="http://hl7.org/fhir/tools/StructureDefinition/resource-information">
        <valueString value="CodeSystem"/>
      </extension>
      <reference>
        <reference value="CodeSystem/library-selection-cs"/>
      </reference>
      <name value="Library selection options"/>
      <description value="Library selection options"/>
      <exampleBoolean value="false"/>
    </resource>
    <resource>
      <extension url="http://hl7.org/fhir/tools/StructureDefinition/resource-information">
        <valueString value="StructureDefinition:resource"/>
      </extension>
      <reference>
        <reference value="StructureDefinition/ncpi-specimen-NcpiSpecimenCollection"/>
      </reference>
      <name value="Linkage for related samples"/>
      <description value="Linkage for related samples"/>
      <exampleBoolean value="false"/>
    </resource>
    <resource>
      <extension url="http://hl7.org/fhir/tools/StructureDefinition/resource-information">
        <valueString value="StructureDefinition:extension"/>
      </extension>
      <reference>
        <reference value="StructureDefinition/specimen-collection"/>
      </reference>
      <name value="Linkage for related samples"/>
      <description value="Linkage for related samples"/>
      <exampleBoolean value="false"/>
    </resource>
    <resource>
      <extension url="http://hl7.org/fhir/tools/StructureDefinition/resource-information">
        <valueString value="StructureDefinition:extension"/>
      </extension>
      <reference>
        <reference value="StructureDefinition/condition-location"/>
      </reference>
      <name value="Location Information"/>
      <description value="Location Information"/>
      <exampleBoolean value="false"/>
    </resource>
    <resource>
      <extension url="http://hl7.org/fhir/tools/StructureDefinition/resource-information">
        <valueString value="ValueSet"/>
      </extension>
      <reference>
        <reference value="ValueSet/condition-location-vs"/>
      </reference>
      <name value="Location Information"/>
      <description value="Location Information"/>
      <exampleBoolean value="false"/>
    </resource>
    <resource>
      <extension url="http://hl7.org/fhir/tools/StructureDefinition/resource-information">
        <valueString value="StructureDefinition:resource"/>
      </extension>
      <reference>
        <reference value="StructureDefinition/ncpi-maf"/>
      </reference>
      <name value="MAF (Somatic Mutation) file profile"/>
      <description value="MAF (Somatic Mutation) file profile"/>
      <exampleBoolean value="false"/>
    </resource>
    <resource>
      <extension url="http://hl7.org/fhir/tools/StructureDefinition/resource-information">
        <valueString value="ValueSet"/>
      </extension>
      <reference>
        <reference value="ValueSet/mesh-terms"/>
      </reference>
      <name value="MeSH Terms"/>
      <description value="Example terms from Medical Subject Headings (MeSH) Ontology"/>
      <exampleBoolean value="false"/>
    </resource>
    <resource>
      <extension url="http://hl7.org/fhir/tools/StructureDefinition/resource-information">
        <valueString value="StructureDefinition:resource"/>
      </extension>
      <reference>
        <reference value="StructureDefinition/ncpi-condition"/>
      </reference>
      <name value="NCPI Conditon"/>
      <description value="Information about a condition related to a research participant"/>
      <exampleBoolean value="false"/>
    </resource>
    <resource>
      <extension url="http://hl7.org/fhir/tools/StructureDefinition/resource-information">
        <valueString value="StructureDefinition:resource"/>
      </extension>
      <reference>
        <reference value="StructureDefinition/ncpi-drs-file"/>
      </reference>
      <name value="NCPI DRS File"/>
      <description value="Information about a DRS file related to a research participant"/>
      <exampleBoolean value="false"/>
    </resource>
    <resource>
      <extension url="http://hl7.org/fhir/tools/StructureDefinition/resource-information">
        <valueString value="CodeSystem"/>
      </extension>
      <reference>
        <reference value="CodeSystem/ncpi-family-types"/>
      </reference>
      <name value="NCPI Family Types CodeSystem"/>
      <description value="CodeSystem for Types of Families"/>
      <exampleBoolean value="false"/>
    </resource>
    <resource>
      <extension url="http://hl7.org/fhir/tools/StructureDefinition/resource-information">
        <valueString value="StructureDefinition:resource"/>
      </extension>
      <reference>
        <reference value="StructureDefinition/ncpi-fastq"/>
      </reference>
      <name value="NCPI FASTQ File"/>
      <description value="NCPI FASTQ File"/>
      <exampleBoolean value="false"/>
    </resource>
    <resource>
      <extension url="http://hl7.org/fhir/tools/StructureDefinition/resource-information">
        <valueString value="CodeSystem"/>
      </extension>
      <reference>
        <reference value="CodeSystem/ncpi"/>
      </reference>
      <name value="NCPI FHIR Codes"/>
      <description value="Codes that would apply to NCPI projects"/>
      <exampleBoolean value="false"/>
    </resource>
    <resource>
      <extension url="http://hl7.org/fhir/tools/StructureDefinition/resource-information">
        <valueString value="StructureDefinition:resource"/>
      </extension>
      <reference>
        <reference value="StructureDefinition/ncpi-file"/>
      </reference>
      <name value="NCPI File"/>
      <description value="Information about a file related to a research participant"/>
      <exampleBoolean value="false"/>
    </resource>
    <resource>
      <extension url="http://hl7.org/fhir/tools/StructureDefinition/resource-information">
        <valueString value="StructureDefinition:resource"/>
      </extension>
      <reference>
        <reference value="StructureDefinition/ncpi-file-metadata"/>
      </reference>
      <name value="NCPI File Meta Data"/>
      <description value="Representation of file metadata for NCPI"/>
      <exampleBoolean value="false"/>
    </resource>
    <resource>
      <extension url="http://hl7.org/fhir/tools/StructureDefinition/resource-information">
        <valueString value="CodeSystem"/>
      </extension>
      <reference>
        <reference value="CodeSystem/metadata-elements"/>
      </reference>
      <name value="NCPI Metadata slices"/>
      <description value="NCPI Metadata slices"/>
      <exampleBoolean value="false"/>
    </resource>
    <resource>
      <extension url="http://hl7.org/fhir/tools/StructureDefinition/resource-information">
        <valueString value="StructureDefinition:resource"/>
      </extension>
      <reference>
        <reference value="StructureDefinition/ncpi-participant"/>
      </reference>
      <name value="NCPI Participant"/>
      <description value="Research oriented patient"/>
      <exampleBoolean value="false"/>
    </resource>
    <resource>
      <extension url="http://hl7.org/fhir/tools/StructureDefinition/resource-information">
        <valueString value="StructureDefinition:resource"/>
      </extension>
      <reference>
        <reference value="StructureDefinition/ncpi-person"/>
      </reference>
      <name value="NCPI Person"/>
      <description value="Person"/>
      <exampleBoolean value="false"/>
    </resource>
    <resource>
      <extension url="http://hl7.org/fhir/tools/StructureDefinition/resource-information">
        <valueString value="StructureDefinition:resource"/>
      </extension>
      <reference>
        <reference value="StructureDefinition/ncpi-research-access-policy"/>
      </reference>
      <name value="NCPI Research Access Policy"/>
      <description value="Limitations and/or requirements that define how a user may gain access to a particular set of data."/>
      <exampleBoolean value="false"/>
    </resource>
    <resource>
      <extension url="http://hl7.org/fhir/tools/StructureDefinition/resource-information">
        <valueString value="StructureDefinition:resource"/>
      </extension>
      <reference>
        <reference value="StructureDefinition/ncpi-research-collection"/>
      </reference>
      <name value="NCPI Research Collection"/>
      <description value="Collections of research data including, but not limited, to Consortia, Programs, adhoc collections of Studies and datasets among other types of collections."/>
      <exampleBoolean value="false"/>
    </resource>
    <resource>
      <extension url="http://hl7.org/fhir/tools/StructureDefinition/resource-information">
        <valueString value="StructureDefinition:resource"/>
      </extension>
      <reference>
        <reference value="StructureDefinition/ncpi-research-study"/>
      </reference>
      <name value="NCPI Research Study"/>
      <description value="The NCPI Research Study FHIR resource represents an individual research effort and acts as a grouper or “container” for that effort’s study participants and their related data files."/>
      <exampleBoolean value="false"/>
    </resource>
    <resource>
      <extension url="http://hl7.org/fhir/tools/StructureDefinition/resource-information">
        <valueString value="StructureDefinition:resource"/>
      </extension>
      <reference>
        <reference value="StructureDefinition/research-study-group"/>
      </reference>
      <name value="NCPI Research Study Group"/>
      <description value="Grouping subject participation within a research study is helpful to provide definitive lists of participants that fit a specific criteria such as *All Participants* or *Participants From a Particular Consent Group*, etc."/>
      <exampleBoolean value="false"/>
    </resource>
    <resource>
      <extension url="http://hl7.org/fhir/tools/StructureDefinition/resource-information">
        <valueString value="StructureDefinition:resource"/>
      </extension>
      <reference>
        <reference value="StructureDefinition/ncpi-sample"/>
      </reference>
      <name value="NCPI Sample"/>
      <description value="FHIR Profile for NCPI Sample"/>
      <exampleBoolean value="false"/>
    </resource>
    <resource>
      <extension url="http://hl7.org/fhir/tools/StructureDefinition/resource-information">
        <valueString value="StructureDefinition:resource"/>
      </extension>
      <reference>
        <reference value="StructureDefinition/ncpi-study-family"/>
      </reference>
      <name value="NCPI Study Family"/>
      <description value="Study Family"/>
      <exampleBoolean value="false"/>
    </resource>
    <resource>
      <extension url="http://hl7.org/fhir/tools/StructureDefinition/resource-information">
        <valueString value="StructureDefinition:resource"/>
      </extension>
      <reference>
        <reference value="StructureDefinition/ncpi-Study-Participant"/>
      </reference>
      <name value="NCPI Study Participant"/>
      <description value="Research Study"/>
      <exampleBoolean value="false"/>
    </resource>
    <resource>
      <extension url="http://hl7.org/fhir/tools/StructureDefinition/resource-information">
        <valueString value="Group"/>
      </extension>
      <reference>
        <reference value="Group/kf-research-study-cbtn-participants"/>
      </reference>
      <name value="Participants from the CBTN research study"/>
      <description value="Participants from the CBTN research study"/>
      <exampleCanonical value="https://nih-ncpi.github.io/ncpi-fhir-ig-2/StructureDefinition/research-study-group"/>
    </resource>
    <resource>
      <extension url="http://hl7.org/fhir/tools/StructureDefinition/resource-information">
        <valueString value="Group"/>
      </extension>
      <reference>
        <reference value="Group/gregor-research-study-participants"/>
      </reference>
      <name value="Participants from the GREGoR research study"/>
      <description value="Participants from the GREGoR research study"/>
      <exampleCanonical value="https://nih-ncpi.github.io/ncpi-fhir-ig-2/StructureDefinition/research-study-group"/>
    </resource>
    <resource>
      <extension url="http://hl7.org/fhir/tools/StructureDefinition/resource-information">
        <valueString value="List"/>
      </extension>
      <reference>
        <reference value="List/ncpi-research-collection-pbta"/>
      </reference>
      <name value="Pediatric Brain Tumor Atlas"/>
      <description value="Pediatric Brain Tumor Atlas"/>
      <exampleCanonical value="https://nih-ncpi.github.io/ncpi-fhir-ig-2/StructureDefinition/ncpi-research-collection"/>
    </resource>
    <resource>
      <extension url="http://hl7.org/fhir/tools/StructureDefinition/resource-information">
        <valueString value="StructureDefinition:extension"/>
      </extension>
      <reference>
        <reference value="StructureDefinition/condition-asserter"/>
      </reference>
      <name value="Person who recorded assertion about participant"/>
      <description value="Person who recorded assertion about participant"/>
      <exampleBoolean value="false"/>
    </resource>
    <resource>
      <extension url="http://hl7.org/fhir/tools/StructureDefinition/resource-information">
        <valueString value="CodeSystem"/>
      </extension>
      <reference>
        <reference value="CodeSystem/platform-instrument-cs"/>
      </reference>
      <name value="Platform instrument options"/>
      <description value="Platform instrument options"/>
      <exampleBoolean value="false"/>
    </resource>
    <resource>
      <extension url="http://hl7.org/fhir/tools/StructureDefinition/resource-information">
        <valueString value="StructureDefinition:resource"/>
      </extension>
      <reference>
        <reference value="StructureDefinition/ncpi-proteomics"/>
      </reference>
      <name value="Proteomics file profile"/>
      <description value="Proteomics file profile"/>
      <exampleBoolean value="false"/>
    </resource>
    <resource>
      <extension url="http://hl7.org/fhir/tools/StructureDefinition/resource-information">
        <valueString value="StructureDefinition:extension"/>
      </extension>
      <reference>
        <reference value="StructureDefinition/hash-extension"/>
      </reference>
      <name value="Provides a list of hashes for confirming file transfers"/>
      <description value="Provides a list of hashes for confirming file transfers"/>
      <exampleBoolean value="false"/>
    </resource>
    <resource>
      <extension url="http://hl7.org/fhir/tools/StructureDefinition/resource-information">
        <valueString value="CodeSystem"/>
      </extension>
      <reference>
        <reference value="CodeSystem/reference-genome-cs"/>
      </reference>
      <name value="Reference genome examples"/>
      <description value="Reference genome examples"/>
      <exampleBoolean value="false"/>
    </resource>
    <resource>
      <extension url="http://hl7.org/fhir/tools/StructureDefinition/resource-information">
        <valueString value="Consent"/>
      </extension>
      <reference>
        <reference value="Consent/kf-registered-allowed-access"/>
      </reference>
      <name value="Registered Tier Access"/>
      <description value="Registered Tier Access"/>
      <exampleCanonical value="https://nih-ncpi.github.io/ncpi-fhir-ig-2/StructureDefinition/ncpi-research-access-policy"/>
    </resource>
    <resource>
      <extension url="http://hl7.org/fhir/tools/StructureDefinition/resource-information">
        <valueString value="CodeSystem"/>
      </extension>
      <reference>
        <reference value="CodeSystem/related-file-type-code-system"/>
      </reference>
      <name value="Related File Type Code System"/>
      <description value="Explains the relationship of this file to the file of reference"/>
      <exampleBoolean value="false"/>
    </resource>
    <resource>
      <extension url="http://hl7.org/fhir/tools/StructureDefinition/resource-information">
        <valueString value="ValueSet"/>
      </extension>
      <reference>
        <reference value="ValueSet/research-data-access-code-vs"/>
      </reference>
      <name value="Research Data Access Codes"/>
      <description value="Enumerated list of access codes such as dbGaP consent codes among others."/>
      <exampleBoolean value="false"/>
    </resource>
    <resource>
      <extension url="http://hl7.org/fhir/tools/StructureDefinition/resource-information">
        <valueString value="CodeSystem"/>
      </extension>
      <reference>
        <reference value="CodeSystem/research-data-access-code"/>
      </reference>
      <name value="Research Data Access Codes"/>
      <description value="Enumerated list of access codes such as dbGaP consent codes among others."/>
      <exampleBoolean value="false"/>
    </resource>
    <resource>
      <extension url="http://hl7.org/fhir/tools/StructureDefinition/resource-information">
        <valueString value="ValueSet"/>
      </extension>
      <reference>
        <reference value="ValueSet/research-data-access-type-vs"/>
      </reference>
      <name value="Research Data Access Type Codes"/>
      <description value="Enumerated list of access type codes such as 'Open Access', 'Registered Access' and 'Controlled Access'"/>
      <exampleBoolean value="false"/>
    </resource>
    <resource>
      <extension url="http://hl7.org/fhir/tools/StructureDefinition/resource-information">
        <valueString value="CodeSystem"/>
      </extension>
      <reference>
        <reference value="CodeSystem/research-data-access-type"/>
      </reference>
      <name value="Research Data Access Type Codes"/>
      <description value="Enumerated list of access type codes such as 'Open Access', 'Registered Access' and 'Controlled Access'"/>
      <exampleBoolean value="false"/>
    </resource>
    <resource>
      <extension url="http://hl7.org/fhir/tools/StructureDefinition/resource-information">
        <valueString value="StructureDefinition:extension"/>
      </extension>
      <reference>
        <reference value="StructureDefinition/research-date-of-birth-method"/>
      </reference>
      <name value="Research Date of Birth Method"/>
      <description value="Code indicating method of the DOB construction"/>
      <exampleBoolean value="false"/>
    </resource>
    <resource>
      <extension url="http://hl7.org/fhir/tools/StructureDefinition/resource-information">
        <valueString value="StructureDefinition:extension"/>
      </extension>
      <reference>
        <reference value="StructureDefinition/research-population"/>
      </reference>
      <name value="Research Population"/>
      <description value="Code describing the population (CDC)"/>
      <exampleBoolean value="false"/>
    </resource>
    <resource>
      <extension url="http://hl7.org/fhir/tools/StructureDefinition/resource-information">
        <valueString value="StructureDefinition:extension"/>
      </extension>
      <reference>
        <reference value="StructureDefinition/research-study-acknowledgement"/>
      </reference>
      <name value="Research Study Acknowledgement"/>
      <description value="Provides an informative description of acknowledgement expectations for those using data from the research study."/>
      <exampleBoolean value="false"/>
    </resource>
    <resource>
      <extension url="http://hl7.org/fhir/tools/StructureDefinition/resource-information">
        <valueString value="StructureDefinition:extension"/>
      </extension>
      <reference>
        <reference value="StructureDefinition/research-study-associated-party"/>
      </reference>
      <name value="Research Study Associated Party"/>
      <description value="Sponsors, collaborators, and other parties affiliated with a research study."/>
      <exampleBoolean value="false"/>
    </resource>
    <resource>
      <extension url="http://hl7.org/fhir/tools/StructureDefinition/resource-information">
        <valueString value="StructureDefinition:extension"/>
      </extension>
      <reference>
        <reference value="StructureDefinition/research-study-design"/>
      </reference>
      <name value="Research Study Design"/>
      <description value="Codes categorizing the type of study such as investigational vs. observational, type of blinding, type of randomization, safety vs. efficacy, etc."/>
      <exampleBoolean value="false"/>
    </resource>
    <resource>
      <extension url="http://hl7.org/fhir/tools/StructureDefinition/resource-information">
        <valueString value="StructureDefinition:extension"/>
      </extension>
      <reference>
        <reference value="StructureDefinition/research-study-result"/>
      </reference>
      <name value="Research Study Result"/>
      <description value="Link to citations associated with the study's publications."/>
      <exampleBoolean value="false"/>
    </resource>
    <resource>
      <extension url="http://hl7.org/fhir/tools/StructureDefinition/resource-information">
        <valueString value="StructureDefinition:extension"/>
      </extension>
      <reference>
        <reference value="StructureDefinition/research-disease-use-limitation"/>
      </reference>
      <name value="Research Usage Limitation Disease Code"/>
      <description value="Coding associated with limitation on what research can be performed this data."/>
      <exampleBoolean value="false"/>
    </resource>
    <resource>
      <extension url="http://hl7.org/fhir/tools/StructureDefinition/resource-information">
        <valueString value="StructureDefinition:extension"/>
      </extension>
      <reference>
        <reference value="StructureDefinition/research-web-Link"/>
      </reference>
      <name value="Research Web Link"/>
      <description value="A URL pointing to a either a research study's website, an online document or other research related site or document."/>
      <exampleBoolean value="false"/>
    </resource>
    <resource>
      <extension url="http://hl7.org/fhir/tools/StructureDefinition/resource-information">
        <valueString value="CodeSystem"/>
      </extension>
      <reference>
        <reference value="CodeSystem/biospecimen-availability"/>
      </reference>
      <name value="Sample availability for Sample and Aliquot modules"/>
      <description value="Sample availability for Sample and Aliquot modules"/>
      <exampleBoolean value="false"/>
    </resource>
    <resource>
      <extension url="http://hl7.org/fhir/tools/StructureDefinition/resource-information">
        <valueString value="StructureDefinition:logical"/>
      </extension>
      <reference>
        <reference value="StructureDefinition/SharedDataModelAliquot"/>
      </reference>
      <name value="Shared Data Model for Aliquot"/>
      <description value="Shared Data Model for Aliquot"/>
      <exampleBoolean value="false"/>
    </resource>
    <resource>
      <extension url="http://hl7.org/fhir/tools/StructureDefinition/resource-information">
        <valueString value="StructureDefinition:logical"/>
      </extension>
      <reference>
        <reference value="StructureDefinition/SharedDataModelBiospecimenCollection"/>
      </reference>
      <name value="Shared Data Model for Biospecimen Collection"/>
      <description value="Shared Data Model for Biospecimen Collection"/>
      <exampleBoolean value="false"/>
    </resource>
    <resource>
      <extension url="http://hl7.org/fhir/tools/StructureDefinition/resource-information">
        <valueString value="StructureDefinition:logical"/>
      </extension>
      <reference>
        <reference value="StructureDefinition/SharedDataModelCondition"/>
      </reference>
      <name value="Shared Data Model for Condition"/>
      <description value="The Shared Data Model for **Condition**"/>
      <exampleBoolean value="false"/>
    </resource>
    <resource>
      <extension url="http://hl7.org/fhir/tools/StructureDefinition/resource-information">
        <valueString value="StructureDefinition:logical"/>
      </extension>
      <reference>
        <reference value="StructureDefinition/SharedDataModelFamilyRelationship"/>
      </reference>
      <name value="Shared Data Model for Family Relationship"/>
      <description value="The **Shared Data Model for Family Relationship**"/>
      <exampleBoolean value="false"/>
    </resource>
    <resource>
      <extension url="http://hl7.org/fhir/tools/StructureDefinition/resource-information">
        <valueString value="StructureDefinition:logical"/>
      </extension>
      <reference>
        <reference value="StructureDefinition/SharedDataModelFamilyRole"/>
      </reference>
      <name value="Shared Data Model for Family Role"/>
      <description value="The **Shared Data Model for Family Role**"/>
      <exampleBoolean value="false"/>
    </resource>
    <resource>
      <extension url="http://hl7.org/fhir/tools/StructureDefinition/resource-information">
        <valueString value="StructureDefinition:logical"/>
      </extension>
      <reference>
        <reference value="StructureDefinition/SharedDataModelFile"/>
      </reference>
      <name value="Shared Data Model for File"/>
      <description value="The **Shared Data Model for File**"/>
      <exampleBoolean value="false"/>
    </resource>
    <resource>
      <extension url="http://hl7.org/fhir/tools/StructureDefinition/resource-information">
        <valueString value="StructureDefinition:logical"/>
      </extension>
      <reference>
        <reference value="StructureDefinition/SharedDataModelFileMetadata"/>
      </reference>
      <name value="Shared data model for File Metadata"/>
      <description value="The **Shared Data Model for File Metadata**"/>
      <exampleBoolean value="false"/>
    </resource>
    <resource>
      <extension url="http://hl7.org/fhir/tools/StructureDefinition/resource-information">
        <valueString value="StructureDefinition:logical"/>
      </extension>
      <reference>
        <reference value="StructureDefinition/SharedDataModelResearchCollection"/>
      </reference>
      <name value="Shared Data Model for Research Collection"/>
      <description value="The **Shared Data Model for Research Collection** represent various collections of research data including, but not limited, to Consortia, Programs, adhoc collections of Studies and datasets among other types of collections."/>
      <exampleBoolean value="false"/>
    </resource>
    <resource>
      <extension url="http://hl7.org/fhir/tools/StructureDefinition/resource-information">
        <valueString value="StructureDefinition:logical"/>
      </extension>
      <reference>
        <reference value="StructureDefinition/SharedDataModelResearchDataAccessPolicy"/>
      </reference>
      <name value="Shared Data Model for Research Data Access Policy"/>
      <description value="The **Shared Data Model for Research Data Access Policy** represent the various Data Use Agreements that govern a researcher's access and use of research data."/>
      <exampleBoolean value="false"/>
    </resource>
    <resource>
      <extension url="http://hl7.org/fhir/tools/StructureDefinition/resource-information">
        <valueString value="StructureDefinition:logical"/>
      </extension>
      <reference>
        <reference value="StructureDefinition/SharedDataModelStudyParticipant"/>
      </reference>
      <name value="Shared Data Model for Research Participant and Study Mapping"/>
      <description value="The **Shared data model for StudyParticipant**"/>
      <exampleBoolean value="false"/>
    </resource>
    <resource>
      <extension url="http://hl7.org/fhir/tools/StructureDefinition/resource-information">
        <valueString value="StructureDefinition:logical"/>
      </extension>
      <reference>
        <reference value="StructureDefinition/SharedDataModelResearchParticipant"/>
      </reference>
      <name value="Shared Data Model for Research Participants"/>
      <description value="The **Shared Data Model for Research Participants**"/>
      <exampleBoolean value="false"/>
    </resource>
    <resource>
      <extension url="http://hl7.org/fhir/tools/StructureDefinition/resource-information">
        <valueString value="StructureDefinition:logical"/>
      </extension>
      <reference>
        <reference value="StructureDefinition/SharedDataModelPerson"/>
      </reference>
      <name value="Shared Data Model for Research Persons"/>
      <description value="The **Shared data model for Person**"/>
      <exampleBoolean value="false"/>
    </resource>
    <resource>
      <extension url="http://hl7.org/fhir/tools/StructureDefinition/resource-information">
        <valueString value="StructureDefinition:logical"/>
      </extension>
      <reference>
        <reference value="StructureDefinition/SharedDataModelResearchStudy"/>
      </reference>
      <name value="Shared Data Model for Research Study"/>
      <description value="The **Shared Data Model for Research Study** represents the understanding of what a Research Study is from the context of users and authors of the NCPI FHIR IG."/>
      <exampleBoolean value="false"/>
    </resource>
    <resource>
      <extension url="http://hl7.org/fhir/tools/StructureDefinition/resource-information">
        <valueString value="StructureDefinition:logical"/>
      </extension>
      <reference>
        <reference value="StructureDefinition/SharedDataModelSample"/>
      </reference>
      <name value="Shared Data Model for Sample"/>
      <description value="Shared Data Model for Sample"/>
      <exampleBoolean value="false"/>
    </resource>
    <resource>
      <extension url="http://hl7.org/fhir/tools/StructureDefinition/resource-information">
        <valueString value="StructureDefinition:logical"/>
      </extension>
      <reference>
        <reference value="StructureDefinition/SharedDataModelStudyFamily"/>
      </reference>
      <name value="Shared Data Model for Study Family"/>
      <description value="The **Shared Data Model for Study Family**"/>
      <exampleBoolean value="false"/>
    </resource>
    <resource>
      <extension url="http://hl7.org/fhir/tools/StructureDefinition/resource-information">
        <valueString value="StructureDefinition:extension"/>
      </extension>
      <reference>
        <reference value="StructureDefinition/biospecimen-spatial"/>
      </reference>
      <name value="Spatial Information"/>
      <description value="Spatial Information"/>
      <exampleBoolean value="false"/>
    </resource>
    <resource>
      <extension url="http://hl7.org/fhir/tools/StructureDefinition/resource-information">
        <valueString value="CodeSystem"/>
      </extension>
      <reference>
        <reference value="CodeSystem/strandedness-cs"/>
      </reference>
      <name value="Strandedness options"/>
      <description value="Strandedness options"/>
      <exampleBoolean value="false"/>
    </resource>
    <resource>
      <extension url="http://hl7.org/fhir/tools/StructureDefinition/resource-information">
        <valueString value="StructureDefinition:extension"/>
      </extension>
      <reference>
        <reference value="StructureDefinition/description"/>
      </reference>
      <name value="Study Family Description"/>
      <description value="Free text describing the study family, such as potential inheritance or details about consanguinity"/>
      <exampleBoolean value="false"/>
    </resource>
    <resource>
      <extension url="http://hl7.org/fhir/tools/StructureDefinition/resource-information">
        <valueString value="StructureDefinition:extension"/>
      </extension>
      <reference>
        <reference value="StructureDefinition/family-role"/>
      </reference>
      <name value="Study Family Focus"/>
      <description value="Extension containing Family Role"/>
      <exampleBoolean value="false"/>
    </resource>
    <resource>
      <extension url="http://hl7.org/fhir/tools/StructureDefinition/resource-information">
        <valueString value="StructureDefinition:extension"/>
      </extension>
      <reference>
        <reference value="StructureDefinition/study-family-focus"/>
      </reference>
      <name value="Study Family Focus Extension"/>
      <description value="Extension containing Study Family Focus"/>
      <exampleBoolean value="false"/>
    </resource>
    <resource>
      <extension url="http://hl7.org/fhir/tools/StructureDefinition/resource-information">
        <valueString value="ValueSet"/>
      </extension>
      <reference>
        <reference value="ValueSet/study-name-type-vs"/>
      </reference>
      <name value="Study Name Type"/>
      <description value="Some common types of study 'names'."/>
      <exampleBoolean value="false"/>
    </resource>
    <resource>
      <extension url="http://hl7.org/fhir/tools/StructureDefinition/resource-information">
        <valueString value="CodeSystem"/>
      </extension>
      <reference>
        <reference value="CodeSystem/study-name-type"/>
      </reference>
      <name value="Study Name Type"/>
      <description value="Some common types of study 'names'."/>
      <exampleBoolean value="false"/>
    </resource>
    <resource>
      <extension url="http://hl7.org/fhir/tools/StructureDefinition/resource-information">
        <valueString value="ValueSet"/>
      </extension>
      <reference>
        <reference value="ValueSet/study-personnel-role-vs"/>
      </reference>
      <name value="Study Personnel Role"/>
      <description value="Roles associated with study personnel."/>
      <exampleBoolean value="false"/>
    </resource>
    <resource>
      <extension url="http://hl7.org/fhir/tools/StructureDefinition/resource-information">
        <valueString value="CodeSystem"/>
      </extension>
      <reference>
        <reference value="CodeSystem/study-personnel-role"/>
      </reference>
      <name value="Study Personnel Role"/>
      <description value="Roles associated with study personnel."/>
      <exampleBoolean value="false"/>
    </resource>
    <resource>
      <extension url="http://hl7.org/fhir/tools/StructureDefinition/resource-information">
        <valueString value="StructureDefinition:extension"/>
      </extension>
      <reference>
        <reference value="StructureDefinition/file-format"/>
      </reference>
      <name value="The file format used"/>
      <description value="The file format used"/>
      <exampleBoolean value="false"/>
    </resource>
    <resource>
      <extension url="http://hl7.org/fhir/tools/StructureDefinition/resource-information">
        <valueString value="StructureDefinition:extension"/>
      </extension>
      <reference>
        <reference value="StructureDefinition/file-size"/>
      </reference>
      <name value="The size of the file, e.g., in bytes."/>
      <description value="The size of the file, e.g., in bytes."/>
      <exampleBoolean value="false"/>
    </resource>
    <resource>
      <extension url="http://hl7.org/fhir/tools/StructureDefinition/resource-information">
        <valueString value="ValueSet"/>
      </extension>
      <reference>
        <reference value="ValueSet/condition-type-vs"/>
      </reference>
      <name value="Type of Condition"/>
      <exampleBoolean value="false"/>
    </resource>
    <resource>
      <extension url="http://hl7.org/fhir/tools/StructureDefinition/resource-information">
        <valueString value="CodeSystem"/>
      </extension>
      <reference>
        <reference value="CodeSystem/condition-type"/>
      </reference>
      <name value="Type of Condition"/>
      <description value="Code System for type of condition"/>
      <exampleBoolean value="false"/>
    </resource>
    <resource>
      <extension url="http://hl7.org/fhir/tools/StructureDefinition/resource-information">
        <valueString value="StructureDefinition:extension"/>
      </extension>
      <reference>
        <reference value="StructureDefinition/hash-value"/>
      </reference>
      <name value="Value of hashing the file"/>
      <description value="Value of hashing the file"/>
      <exampleBoolean value="false"/>
    </resource>
    <resource>
      <extension url="http://hl7.org/fhir/tools/StructureDefinition/resource-information">
        <valueString value="StructureDefinition:resource"/>
      </extension>
      <reference>
        <reference value="StructureDefinition/ncpi-vcf"/>
      </reference>
      <name value="VCF or gVCF file profile"/>
      <description value="VCF or gVCF file profile"/>
      <exampleBoolean value="false"/>
    </resource>
    <resource>
      <extension url="http://hl7.org/fhir/tools/StructureDefinition/resource-information">
        <valueString value="StructureDefinition:extension"/>
      </extension>
      <reference>
        <reference value="StructureDefinition/content-version"/>
      </reference>
      <name value="Version of the contents of the file"/>
      <description value="Version of the contents of the file"/>
      <exampleBoolean value="false"/>
    </resource>
    <resource>
      <extension url="http://hl7.org/fhir/tools/StructureDefinition/resource-information">
        <valueString value="CodeSystem"/>
      </extension>
      <reference>
        <reference value="CodeSystem/workflow-tool-cs"/>
      </reference>
      <name value="Workflow tool options"/>
      <description value="Workflow tool options"/>
      <exampleBoolean value="false"/>
    </resource>
    <resource>
      <extension url="http://hl7.org/fhir/tools/StructureDefinition/resource-information">
        <valueString value="CodeSystem"/>
      </extension>
      <reference>
        <reference value="CodeSystem/workflow-type-cs"/>
      </reference>
      <name value="Workflow type options"/>
      <description value="Workflow type options"/>
      <exampleBoolean value="false"/>
    </resource>
    <page>
      <nameUrl value="toc.html"/>
      <title value="Table of Contents"/>
      <generation value="html"/>
      <page>
        <nameUrl value="index.html"/>
        <title value="Home"/>
        <generation value="markdown"/>
      </page>
      <page>
        <nameUrl value="authors.html"/>
        <title value="Authors"/>
        <generation value="markdown"/>
      </page>
      <page>
        <nameUrl value="conformance.html"/>
        <title value="Conformance"/>
        <generation value="markdown"/>
      </page>
      <page>
        <nameUrl value="contact.html"/>
        <title value="Contact"/>
        <generation value="markdown"/>
      </page>
      <page>
        <nameUrl value="contributing.html"/>
        <title value="Contributing"/>
        <generation value="markdown"/>
      </page>
      <page>
        <nameUrl value="downloads.html"/>
        <title value="Downloads"/>
        <generation value="markdown"/>
      </page>
      <page>
        <nameUrl value="example_CBTN.html"/>
        <title value="Example CBTN"/>
        <generation value="markdown"/>
      </page>
      <page>
        <nameUrl value="example_GREGoR.html"/>
        <title value="Example GRE Go R"/>
        <generation value="markdown"/>
      </page>
      <page>
        <nameUrl value="FHIR_Basics.html"/>
        <title value="FHIR Basics"/>
        <generation value="markdown"/>
      </page>
      <page>
        <nameUrl value="fhir_version.html"/>
        <title value="Fhir Version"/>
        <generation value="markdown"/>
      </page>
      <page>
        <nameUrl value="IG_Versioning.html"/>
        <title value="IG Versioning"/>
        <generation value="markdown"/>
      </page>
      <page>
        <nameUrl value="module_assays.html"/>
        <title value="Module Assays"/>
        <generation value="markdown"/>
      </page>
      <page>
        <nameUrl value="module_family.html"/>
        <title value="Module Family"/>
        <generation value="markdown"/>
      </page>
      <page>
        <nameUrl value="module_filemetadata.html"/>
        <title value="Module Filemetadata"/>
        <generation value="markdown"/>
      </page>
      <page>
        <nameUrl value="module_files.html"/>
        <title value="Module Files"/>
        <generation value="markdown"/>
      </page>
      <page>
        <nameUrl value="module_overview.html"/>
        <title value="Module Overview"/>
        <generation value="markdown"/>
      </page>
      <page>
        <nameUrl value="module_participant.html"/>
        <title value="Module Participant"/>
        <generation value="markdown"/>
      </page>
      <page>
        <nameUrl value="module_phenotype_condition.html"/>
        <title value="Module Phenotype Condition"/>
        <generation value="markdown"/>
      </page>
      <page>
        <nameUrl value="module_research_study.html"/>
        <title value="Module Research Study"/>
        <generation value="markdown"/>
      </page>
      <page>
        <nameUrl value="module_specimen.html"/>
        <title value="Module Specimen"/>
        <generation value="markdown"/>
      </page>
      <page>
        <nameUrl value="must_support.html"/>
        <title value="Must Support"/>
        <generation value="markdown"/>
      </page>
      <page>
        <nameUrl value="ncpi.html"/>
        <title value="Ncpi"/>
        <generation value="markdown"/>
      </page>
      <page>
        <nameUrl value="research_study_example_cbtn.html"/>
        <title value="Research Study Example Cbtn"/>
        <generation value="markdown"/>
      </page>
      <page>
        <nameUrl value="use_case_tbd.html"/>
        <title value="Use Case Tbd"/>
        <generation value="markdown"/>
      </page>
    </page>
    <parameter>
      <code value="path-resource"/>
      <value value="input/capabilities"/>
    </parameter>
    <parameter>
      <code value="path-resource"/>
      <value value="input/examples"/>
    </parameter>
    <parameter>
      <code value="path-resource"/>
      <value value="input/extensions"/>
    </parameter>
    <parameter>
      <code value="path-resource"/>
      <value value="input/models"/>
    </parameter>
    <parameter>
      <code value="path-resource"/>
      <value value="input/operations"/>
    </parameter>
    <parameter>
      <code value="path-resource"/>
      <value value="input/profiles"/>
    </parameter>
    <parameter>
      <code value="path-resource"/>
      <value value="input/resources"/>
    </parameter>
    <parameter>
      <code value="path-resource"/>
      <value value="input/vocabulary"/>
    </parameter>
    <parameter>
      <code value="path-resource"/>
      <value value="input/maps"/>
    </parameter>
    <parameter>
      <code value="path-resource"/>
      <value value="input/testing"/>
    </parameter>
    <parameter>
      <code value="path-resource"/>
      <value value="input/history"/>
    </parameter>
    <parameter>
      <code value="path-resource"/>
      <value value="fsh-generated/resources"/>
    </parameter>
    <parameter>
      <code value="path-pages"/>
      <value value="template/config"/>
    </parameter>
    <parameter>
      <code value="path-pages"/>
      <value value="input/images"/>
    </parameter>
    <parameter>
      <code value="path-tx-cache"/>
      <value value="input-cache/txcache"/>
    </parameter>
  </definition>
</ImplementationGuide>