<?xml version="1.0" encoding="UTF-8"?>

<Organization xmlns="http://hl7.org/fhir">
  <id value="kf-research-study-organization-chop"/>
  <text>
    <status value="generated"/><div xmlns="http://www.w3.org/1999/xhtml"><p class="res-header-id"><b>Generated Narrative: Organization kf-research-study-organization-chop</b></p><a name="kf-research-study-organization-chop"> </a><a name="hckf-research-study-organization-chop"> </a><p><b>identifier</b>: CHOP</p><p><b>name</b>: Children's Hospital of Philadelphia</p><p><b>alias</b>: CHOP</p></div>
  </text>
  <identifier>
    <value value="CHOP"/>
  </identifier>
  <name value="Children's Hospital of Philadelphia"/>
  <alias value="CHOP"/>
</Organization>