<?xml version="1.0" encoding="UTF-8"?>

<ResearchSubject xmlns="http://hl7.org/fhir">
  <id value="gregor-example-participantstudy"/>
  <meta>
    <profile value="https://nih-ncpi.github.io/ncpi-fhir-ig-2/StructureDefinition/ncpi-Study-Participant"/>
  </meta>
  <text>
    <status value="generated"/><div xmlns="http://www.w3.org/1999/xhtml"><p class="res-header-id"><b>Generated Narrative: ResearchSubject gregor-example-participantstudy</b></p><a name="gregor-example-participantstudy"> </a><a name="hcgregor-example-participantstudy"> </a><div style="display: inline-block; background-color: #d9e0e7; padding: 6px; margin: 4px; border: 1px solid #8da1b4; border-radius: 5px; line-height: 60%"><p style="margin-bottom: 0px"/><p style="margin-bottom: 0px">Profile: <a href="StructureDefinition-ncpi-Study-Participant.html">NCPI Study Participant</a></p></div><p><b>status</b>: Candidate</p><p><b>study</b>: <a href="ResearchStudy-research-study-gregor.html">ResearchStudy: identifier = AnVIL_GREGoR_GSS_U08_GRU; status = completed</a></p><p><b>individual</b>: <a href="Patient-GSS123456.html">Anonymous Patient (no stated gender), DoB Unknown ( https://anvil.terra.bio/#GSS123456)</a></p><p><b>consent</b>: <a href="Consent-gregor-gru-consent.html">Consent: extension = Use of the data is limited only by the terms of the model Data Use Certification.,Controlled; status = draft; scope = Research; category = Research Information Access; policyRule = Common Rule Informed Consent</a></p></div>
  </text>
  <status value="candidate"/>
  <study>
    <reference value="ResearchStudy/research-study-gregor"/>
  </study>
  <individual>
    <reference value="Patient/GSS123456"/>
  </individual>
  <consent>
    <reference value="Consent/gregor-gru-consent"/>
  </consent>
</ResearchSubject>