<?xml version="1.0" encoding="UTF-8"?>

<ResearchSubject xmlns="http://hl7.org/fhir">
  <id value="pcgc-example-participantstudy"/>
  <meta>
    <profile value="https://nih-ncpi.github.io/ncpi-fhir-ig-2/StructureDefinition/ncpi-Study-Participant"/>
  </meta>
  <text>
    <status value="generated"/><div xmlns="http://www.w3.org/1999/xhtml"><p class="res-header-id"><b>Generated Narrative: ResearchSubject pcgc-example-participantstudy</b></p><a name="pcgc-example-participantstudy"> </a><a name="hcpcgc-example-participantstudy"> </a><a name="pcgc-example-participantstudy-en-US"> </a><p><b>status</b>: Candidate</p><p><b>study</b>: <a href="ResearchStudy-SD-PREASA7S.html">ResearchStudy GRU-dbGaP Study Subject</a></p><p><b>individual</b>: <a href="Patient-PT-005B7CZ4.html">Anonymous Patient (no stated gender), DoB:  ( http://chdgenes.org/#20757)</a></p><p><b>consent</b>: <a href="Consent-HMB.html">Consent: extension = No display for Extension ,No display for Extension ,No display for Extension ; status = draft; scope = Research; category = Research Information Access; policyRule = Common Rule Informed Consent</a></p></div>
  </text>
  <status value="candidate"/>
  <study>
    <reference value="ResearchStudy/SD-PREASA7S"/>
  </study>
  <individual>
    <reference value="Patient/PT-005B7CZ4"/>
  </individual>
  <consent>
    <reference value="Consent/HMB"/>
  </consent>
</ResearchSubject>