<?xml version="1.0" encoding="UTF-8"?>

<ValueSet xmlns="http://hl7.org/fhir">
  <id value="condition-location-vs"/>
  <text>
    <status value="generated"/><div xmlns="http://www.w3.org/1999/xhtml"><p class="res-header-id"><b>Generated Narrative: ValueSet condition-location-vs</b></p><a name="condition-location-vs"> </a><a name="hccondition-location-vs"> </a><a name="condition-location-vs-en-US"> </a><ul><li>Include all codes defined in <code>http://hl7.org/fhir/us/mcode/ValueSet/mcode-body-location-qualifier-vs</code></li></ul></div>
  </text>
  <url value="https://nih-ncpi.github.io/ncpi-fhir-ig-2/ValueSet/condition-location-vs"/>
  <version value="0.1.0"/>
  <name value="BodyLocationQualifierVS"/>
  <title value="Location Information"/>
  <status value="draft"/>
  <date value="2025-01-28T00:06:22+00:00"/>
  <publisher value="NCPI FHIR Working Group"/>
  <contact>
    <name value="NCPI FHIR Working Group"/>
    <telecom>
      <system value="url"/>
      <value value="http://example.org/example-publisher"/>
    </telecom>
    <telecom>
      <system value="email"/>
      <value value="ncpi-fhir-ig@googlegroups.com"/>
    </telecom>
  </contact>
  <description value="Location Information"/>
  <compose>
    <include>
      <system value="http://hl7.org/fhir/us/mcode/ValueSet/mcode-body-location-qualifier-vs"/>
    </include>
  </compose>
</ValueSet>