<?xml version="1.0" encoding="UTF-8"?>

<ValueSet xmlns="http://hl7.org/fhir">
  <id value="condition-assertion-vs"/>
  <text>
    <status value="generated"/><div xmlns="http://www.w3.org/1999/xhtml"><p class="res-header-id"><b>Generated Narrative: ValueSet condition-assertion-vs</b></p><a name="condition-assertion-vs"> </a><a name="hccondition-assertion-vs"> </a><a name="condition-assertion-vs-en-US"> </a><ul><li>Include all codes defined in <a href="CodeSystem-condition-assertion.html"><code>https://nih-ncpi.github.io/ncpi-fhir-ig-2/CodeSystem/condition-assertion</code></a></li></ul></div>
  </text>
  <url value="https://nih-ncpi.github.io/ncpi-fhir-ig-2/ValueSet/condition-assertion-vs"/>
  <version value="0.1.0"/>
  <name value="ConditionAssertionVS"/>
  <title value="Assertion of Condition Codes"/>
  <status value="draft"/>
  <date value="2025-01-28T00:06:22+00:00"/>
  <publisher value="NCPI FHIR Working Group"/>
  <contact>
    <name value="NCPI FHIR Working Group"/>
    <telecom>
      <system value="url"/>
      <value value="http://example.org/example-publisher"/>
    </telecom>
    <telecom>
      <system value="email"/>
      <value value="ncpi-fhir-ig@googlegroups.com"/>
    </telecom>
  </contact>
  <compose>
    <include>
      <system value="https://nih-ncpi.github.io/ncpi-fhir-ig-2/CodeSystem/condition-assertion"/>
    </include>
  </compose>
</ValueSet>