<?xml version="1.0" encoding="UTF-8"?>

<ValueSet xmlns="http://hl7.org/fhir">
  <id value="study-name-type-vs"/>
  <text>
    <status value="generated"/><div xmlns="http://www.w3.org/1999/xhtml"><p class="res-header-id"><b>Generated Narrative: ValueSet study-name-type-vs</b></p><a name="study-name-type-vs"> </a><a name="hcstudy-name-type-vs"> </a><a name="study-name-type-vs-en-US"> </a><ul><li>Include all codes defined in <a href="CodeSystem-study-name-type.html"><code>https://nih-ncpi.github.io/ncpi-fhir-ig-2/CodeSystem/study-name-type</code></a></li></ul></div>
  </text>
  <url value="https://nih-ncpi.github.io/ncpi-fhir-ig-2/ValueSet/study-name-type-vs"/>
  <version value="0.1.0"/>
  <name value="StudyNameTypeVS"/>
  <title value="Study Name Type"/>
  <status value="draft"/>
  <experimental value="false"/>
  <date value="2024-09-10T18:56:29+00:00"/>
  <publisher value="NCPI FHIR Working Group"/>
  <contact>
    <name value="NCPI FHIR Working Group"/>
    <telecom>
      <system value="url"/>
      <value value="http://example.org/example-publisher"/>
    </telecom>
    <telecom>
      <system value="email"/>
      <value value="ncpi-fhir-ig@googlegroups.com"/>
    </telecom>
  </contact>
  <description value="Some common types of study 'names'."/>
  <compose>
    <include>
      <system value="https://nih-ncpi.github.io/ncpi-fhir-ig-2/CodeSystem/study-name-type"/>
    </include>
  </compose>
</ValueSet>