<?xml version="1.0" encoding="UTF-8"?>

<ValueSet xmlns="http://hl7.org/fhir">
  <id value="edam-ontology-terms"/>
  <text>
    <status value="generated"/><div xmlns="http://www.w3.org/1999/xhtml"><p class="res-header-id"><b>Generated Narrative: ValueSet edam-ontology-terms</b></p><a name="edam-ontology-terms"> </a><a name="hcedam-ontology-terms"> </a><a name="edam-ontology-terms-en-US"> </a><ul><li>Include all codes defined in <code>http://edamontology.org</code></li></ul></div>
  </text>
  <url value="https://nih-ncpi.github.io/ncpi-fhir-ig-2/ValueSet/edam-ontology-terms"/>
  <version value="0.1.0"/>
  <name value="EDAMOntologyTerms"/>
  <title value="Enumerations for the EDAM ontology"/>
  <status value="draft"/>
  <date value="2024-10-08T13:48:24+00:00"/>
  <publisher value="NCPI FHIR Working Group"/>
  <contact>
    <name value="NCPI FHIR Working Group"/>
    <telecom>
      <system value="url"/>
      <value value="http://example.org/example-publisher"/>
    </telecom>
    <telecom>
      <system value="email"/>
      <value value="ncpi-fhir-ig@googlegroups.com"/>
    </telecom>
  </contact>
  <description value="Enumerations for the EDAM ontology"/>
  <compose>
    <include>
      <system value="http://edamontology.org"/>
    </include>
  </compose>
</ValueSet>