<?xml version="1.0" encoding="UTF-8"?><CodeSystem xmlns="http://hl7.org/fhir"><id value="adaptor-trimmed-cs"/><text><status value="generated"/><div xmlns="http://www.w3.org/1999/xhtml"><p class="res-header-id"><b>Generated Narrative: CodeSystem adaptor-trimmed-cs</b></p><a name="adaptor-trimmed-cs"> </a><a name="hcadaptor-trimmed-cs"> </a><a name="adaptor-trimmed-cs-en-US"> </a><p>This  code system <code>https://nih-ncpi.github.io/ncpi-fhir-ig-2/CodeSystem/adaptor-trimmed-cs</code> defines the following codes:</p><table class="codes"><tr><td style="white-space:nowrap"><b>Code</b></td><td><b>Display</b></td></tr><tr><td style="white-space:nowrap">yes<a name="adaptor-trimmed-cs-yes"> </a></td><td>Yes</td></tr><tr><td style="white-space:nowrap">no<a name="adaptor-trimmed-cs-no"> </a></td><td>No</td></tr></table></div></text><url value="https://nih-ncpi.github.io/ncpi-fhir-ig-2/CodeSystem/adaptor-trimmed-cs"/><version value="0.1.0"/><name value="AdaptorTrimmedCS"/><title value="Adaptor trimmed options"/><status value="draft"/><date value="2024-09-12T18:14:21+00:00"/><publisher value="NCPI FHIR Working Group"/><contact><name value="NCPI FHIR Working Group"/><telecom><system value="url"/><value value="http://example.org/example-publisher"/></telecom><telecom><system value="email"/><value value="ncpi-fhir-ig@googlegroups.com"/></telecom></contact><description value="Adaptor trimmed options"/><content value="complete"/><count value="2"/><concept><code value="yes"/><display value="Yes"/></concept><concept><code value="no"/><display value="No"/></concept></CodeSystem>