<?xml version="1.0" encoding="UTF-8"?><CodeSystem xmlns="http://hl7.org/fhir"><id value="research-study-party-role"/><meta><profile value="http://hl7.org/fhir/StructureDefinition/shareablecodesystem"/></meta><text><status value="generated"/><div xmlns="http://www.w3.org/1999/xhtml"><p class="res-header-id"><b>Generated Narrative: CodeSystem research-study-party-role</b></p><a name="research-study-party-role"> </a><a name="hcresearch-study-party-role"> </a><div style="display: inline-block; background-color: #d9e0e7; padding: 6px; margin: 4px; border: 1px solid #8da1b4; border-radius: 5px; line-height: 60%"><p style="margin-bottom: 0px"/><p style="margin-bottom: 0px">Profile: <a href="http://hl7.org/fhir/R4/shareablecodesystem.html">Shareable CodeSystem</a></p></div><p>This case-sensitive code system <code>http://hl7.org/fhir/research-study-party-role</code> defines the following codes:</p><table class="codes"><tr><td style="white-space:nowrap"><b>Code</b></td><td><b>Display</b></td><td><b>Definition</b></td></tr><tr><td style="white-space:nowrap">sponsor<a name="research-study-party-role-sponsor"> </a></td><td>sponsor</td><td>sponsor</td></tr><tr><td style="white-space:nowrap">lead-sponsor<a name="research-study-party-role-lead-sponsor"> </a></td><td>lead-sponsor</td><td>lead-sponsor</td></tr><tr><td style="white-space:nowrap">sponsor-investigator<a name="research-study-party-role-sponsor-investigator"> </a></td><td>sponsor-investigator</td><td>sponsor-investigator</td></tr><tr><td style="white-space:nowrap">primary-investigator<a name="research-study-party-role-primary-investigator"> </a></td><td>primary-investigator</td><td>primary-investigator</td></tr><tr><td style="white-space:nowrap">collaborator<a name="research-study-party-role-collaborator"> </a></td><td>collaborator</td><td>collaborator</td></tr><tr><td style="white-space:nowrap">funding-source<a name="research-study-party-role-funding-source"> </a></td><td>funding-source</td><td>funding-source</td></tr><tr><td style="white-space:nowrap">general-contact<a name="research-study-party-role-general-contact"> </a></td><td>general-contact</td><td>general-contact</td></tr><tr><td style="white-space:nowrap">recruitment-contact<a name="research-study-party-role-recruitment-contact"> </a></td><td>recruitment-contact</td><td>recruitment-contact</td></tr><tr><td style="white-space:nowrap">sub-investigator<a name="research-study-party-role-sub-investigator"> </a></td><td>sub-investigator</td><td>sub-investigator</td></tr><tr><td style="white-space:nowrap">study-director<a name="research-study-party-role-study-director"> </a></td><td>study-director</td><td>study-director</td></tr><tr><td style="white-space:nowrap">study-chair<a name="research-study-party-role-study-chair"> </a></td><td>study-chair</td><td>study-chair</td></tr><tr><td style="white-space:nowrap">irb<a name="research-study-party-role-irb"> </a></td><td>Institutional Review Board</td><td/></tr></table></div></text><extension url="http://hl7.org/fhir/StructureDefinition/structuredefinition-standards-status"><valueCode value="trial-use"/></extension><extension url="http://hl7.org/fhir/StructureDefinition/structuredefinition-fmm"><valueInteger value="0"/></extension><url value="http://hl7.org/fhir/research-study-party-role"/><identifier><system value="urn:ietf:rfc:3986"/><value value="urn:oid:2.16.840.1.113883.4.642.4.1968"/></identifier><version value="0.2.0"/><name value="ResearchStudyPartyRole"/><title value="Research Study Party Role"/><status value="active"/><experimental value="false"/><date value="2025-08-12T16:35:35+00:00"/><publisher value="NCPI FHIR Working Group"/><contact><name value="NCPI FHIR Working Group"/><telecom><system value="url"/><value value="http://example.org/example-publisher"/></telecom><telecom><system value="email"/><value value="ncpi-fhir-ig@googlegroups.com"/></telecom></contact><description value="This is a ResearchStudy's party role."/><caseSensitive value="true"/><content value="complete"/><count value="12"/><concept><code value="sponsor"/><display value="sponsor"/><definition value="sponsor"/></concept><concept><code value="lead-sponsor"/><display value="lead-sponsor"/><definition value="lead-sponsor"/></concept><concept><code value="sponsor-investigator"/><display value="sponsor-investigator"/><definition value="sponsor-investigator"/></concept><concept><code value="primary-investigator"/><display value="primary-investigator"/><definition value="primary-investigator"/></concept><concept><code value="collaborator"/><display value="collaborator"/><definition value="collaborator"/></concept><concept><code value="funding-source"/><display value="funding-source"/><definition value="funding-source"/></concept><concept><code value="general-contact"/><display value="general-contact"/><definition value="general-contact"/></concept><concept><code value="recruitment-contact"/><display value="recruitment-contact"/><definition value="recruitment-contact"/></concept><concept><code value="sub-investigator"/><display value="sub-investigator"/><definition value="sub-investigator"/></concept><concept><code value="study-director"/><display value="study-director"/><definition value="study-director"/></concept><concept><code value="study-chair"/><display value="study-chair"/><definition value="study-chair"/></concept><concept><code value="irb"/><display value="Institutional Review Board"/></concept></CodeSystem>