<?xml version="1.0" encoding="UTF-8"?><CodeSystem xmlns="http://hl7.org/fhir"><id value="assay-strategy-cs"/><text><status value="generated"/><div xmlns="http://www.w3.org/1999/xhtml"><p class="res-header-id"><b>Generated Narrative: CodeSystem assay-strategy-cs</b></p><a name="assay-strategy-cs"> </a><a name="hcassay-strategy-cs"> </a><a name="assay-strategy-cs-en-US"> </a><p>This  code system <code>https://nih-ncpi.github.io/ncpi-fhir-ig-2/CodeSystem/assay-strategy-cs</code> defines the following codes:</p><table class="codes"><tr><td style="white-space:nowrap"><b>Code</b></td><td><b>Display</b></td></tr><tr><td style="white-space:nowrap">WGS<a name="assay-strategy-cs-WGS"> </a></td><td>Whole Genome Sequencing</td></tr><tr><td style="white-space:nowrap">unknown<a name="assay-strategy-cs-unknown"> </a></td><td>Unknown</td></tr></table></div></text><url value="https://nih-ncpi.github.io/ncpi-fhir-ig-2/CodeSystem/assay-strategy-cs"/><version value="0.1.0"/><name value="AssayStrategyCS"/><title value="Assay strategy options"/><status value="draft"/><date value="2025-01-13T16:25:54+00:00"/><publisher value="NCPI FHIR Working Group"/><contact><name value="NCPI FHIR Working Group"/><telecom><system value="url"/><value value="http://example.org/example-publisher"/></telecom><telecom><system value="email"/><value value="ncpi-fhir-ig@googlegroups.com"/></telecom></contact><description value="Assay strategy options"/><content value="complete"/><count value="2"/><concept><code value="WGS"/><display value="Whole Genome Sequencing"/></concept><concept><code value="unknown"/><display value="Unknown"/></concept></CodeSystem>