<?xml version="1.0" encoding="UTF-8"?><CodeSystem xmlns="http://hl7.org/fhir"><id value="workflow-type-cs"/><text><status value="generated"/><div xmlns="http://www.w3.org/1999/xhtml"><p class="res-header-id"><b>Generated Narrative: CodeSystem workflow-type-cs</b></p><a name="workflow-type-cs"> </a><a name="hcworkflow-type-cs"> </a><a name="workflow-type-cs-en-US"> </a><p>This  code system <code>https://nih-ncpi.github.io/ncpi-fhir-ig-2/CodeSystem/workflow-type-cs</code> defines the following codes:</p><table class="codes"><tr><td style="white-space:nowrap"><b>Code</b></td><td><b>Display</b></td></tr><tr><td style="white-space:nowrap">alignment<a name="workflow-type-cs-alignment"> </a></td><td>Alignment</td></tr><tr><td style="white-space:nowrap">somatic<a name="workflow-type-cs-somatic"> </a></td><td>Somatic</td></tr><tr><td style="white-space:nowrap">unknown<a name="workflow-type-cs-unknown"> </a></td><td>Unknown</td></tr></table></div></text><url value="https://nih-ncpi.github.io/ncpi-fhir-ig-2/CodeSystem/workflow-type-cs"/><version value="0.1.0"/><name value="WorkflowTypeCS"/><title value="Workflow type options"/><status value="draft"/><date value="2025-01-28T00:06:22+00:00"/><publisher value="NCPI FHIR Working Group"/><contact><name value="NCPI FHIR Working Group"/><telecom><system value="url"/><value value="http://example.org/example-publisher"/></telecom><telecom><system value="email"/><value value="ncpi-fhir-ig@googlegroups.com"/></telecom></contact><description value="Workflow type options"/><content value="complete"/><count value="3"/><concept><code value="alignment"/><display value="Alignment"/></concept><concept><code value="somatic"/><display value="Somatic"/></concept><concept><code value="unknown"/><display value="Unknown"/></concept></CodeSystem>