<?xml version="1.0" encoding="UTF-8"?><CodeSystem xmlns="http://hl7.org/fhir"><id value="library-prep-cs"/><text><status value="generated"/><div xmlns="http://www.w3.org/1999/xhtml"><p class="res-header-id"><b>Generated Narrative: CodeSystem library-prep-cs</b></p><a name="library-prep-cs"> </a><a name="hclibrary-prep-cs"> </a><p>This case-sensitive code system <code>https://nih-ncpi.github.io/ncpi-fhir-ig-2/CodeSystem/library-prep-cs</code> defines the following codes:</p><table class="codes"><tr><td style="white-space:nowrap"><b>Code</b></td><td><b>Display</b></td></tr><tr><td style="white-space:nowrap">polyA<a name="library-prep-cs-polyA"> </a></td><td>polyA</td></tr><tr><td style="white-space:nowrap">unknown<a name="library-prep-cs-unknown"> </a></td><td>Unknown</td></tr></table></div></text><url value="https://nih-ncpi.github.io/ncpi-fhir-ig-2/CodeSystem/library-prep-cs"/><version value="0.2.0"/><name value="LibraryPrepCS"/><title value="Library prep options"/><status value="active"/><experimental value="false"/><date value="2025-08-26T23:53:55+00:00"/><publisher value="NCPI FHIR Working Group"/><contact><name value="NCPI FHIR Working Group"/><telecom><system value="url"/><value value="http://example.org/example-publisher"/></telecom><telecom><system value="email"/><value value="ncpi-fhir-ig@googlegroups.com"/></telecom></contact><description value="Library prep options"/><caseSensitive value="true"/><content value="complete"/><count value="2"/><concept><code value="polyA"/><display value="polyA"/></concept><concept><code value="unknown"/><display value="Unknown"/></concept></CodeSystem>