<?xml version="1.0" encoding="UTF-8"?><CodeSystem xmlns="http://hl7.org/fhir"><id value="platform-instrument-cs"/><text><status value="generated"/><div xmlns="http://www.w3.org/1999/xhtml"><p class="res-header-id"><b>Generated Narrative: CodeSystem platform-instrument-cs</b></p><a name="platform-instrument-cs"> </a><a name="hcplatform-instrument-cs"> </a><a name="platform-instrument-cs-en-US"> </a><p>This  code system <code>https://nih-ncpi.github.io/ncpi-fhir-ig-2/CodeSystem/platform-instrument-cs</code> defines the following codes:</p><table class="codes"><tr><td style="white-space:nowrap"><b>Code</b></td><td><b>Display</b></td></tr><tr><td style="white-space:nowrap">IlluminaHiSeq2000<a name="platform-instrument-cs-IlluminaHiSeq2000"> </a></td><td>Illumina HiSeq2000</td></tr><tr><td style="white-space:nowrap">unknown<a name="platform-instrument-cs-unknown"> </a></td><td>Unknown</td></tr></table></div></text><url value="https://nih-ncpi.github.io/ncpi-fhir-ig-2/CodeSystem/platform-instrument-cs"/><version value="0.1.0"/><name value="PlatformInstrumentCS"/><title value="Platform instrument options"/><status value="draft"/><date value="2025-03-11T16:55:01+00:00"/><publisher value="NCPI FHIR Working Group"/><contact><name value="NCPI FHIR Working Group"/><telecom><system value="url"/><value value="http://example.org/example-publisher"/></telecom><telecom><system value="email"/><value value="ncpi-fhir-ig@googlegroups.com"/></telecom></contact><description value="Platform instrument options"/><content value="complete"/><count value="2"/><concept><code value="IlluminaHiSeq2000"/><display value="Illumina HiSeq2000"/></concept><concept><code value="unknown"/><display value="Unknown"/></concept></CodeSystem>