<?xml version="1.0" encoding="UTF-8"?><ValueSet xmlns="http://hl7.org/fhir"><id value="condition-type-vs"/><text><status value="generated"/><div xmlns="http://www.w3.org/1999/xhtml"><p class="res-header-id"><b>Generated Narrative: ValueSet condition-type-vs</b></p><a name="condition-type-vs"> </a><a name="hccondition-type-vs"> </a><a name="condition-type-vs-en-US"> </a><ul><li>Include all codes defined in <a href="CodeSystem-condition-type.html"><code>https://nih-ncpi.github.io/ncpi-fhir-ig-2/CodeSystem/condition-type</code></a></li></ul></div></text><url value="https://nih-ncpi.github.io/ncpi-fhir-ig-2/ValueSet/condition-type-vs"/><version value="0.1.0"/><name value="ConditionTypeVS"/><title value="Type of Condition"/><status value="draft"/><date value="2025-01-14T18:54:07+00:00"/><publisher value="NCPI FHIR Working Group"/><contact><name value="NCPI FHIR Working Group"/><telecom><system value="url"/><value value="http://example.org/example-publisher"/></telecom><telecom><system value="email"/><value value="ncpi-fhir-ig@googlegroups.com"/></telecom></contact><compose><include><system value="https://nih-ncpi.github.io/ncpi-fhir-ig-2/CodeSystem/condition-type"/></include></compose></ValueSet>