<?xml version="1.0" encoding="UTF-8"?><ValueSet xmlns="http://hl7.org/fhir"><id value="research-data-access-code-vs"/><text><status value="generated"/><div xmlns="http://www.w3.org/1999/xhtml"><p class="res-header-id"><b>Generated Narrative: ValueSet research-data-access-code-vs</b></p><a name="research-data-access-code-vs"> </a><a name="hcresearch-data-access-code-vs"> </a><a name="research-data-access-code-vs-en-US"> </a><ul><li>Include all codes defined in <a href="CodeSystem-research-data-access-code.html"><code>https://nih-ncpi.github.io/ncpi-fhir-ig-2/CodeSystem/research-data-access-code</code></a></li></ul></div></text><url value="https://nih-ncpi.github.io/ncpi-fhir-ig-2/ValueSet/research-data-access-code-vs"/><version value="0.1.0"/><name value="ResearchDataAccessCodeVS"/><title value="Research Data Access Codes"/><status value="draft"/><experimental value="false"/><date value="2024-10-08T12:54:01+00:00"/><publisher value="NCPI FHIR Working Group"/><contact><name value="NCPI FHIR Working Group"/><telecom><system value="url"/><value value="http://example.org/example-publisher"/></telecom><telecom><system value="email"/><value value="ncpi-fhir-ig@googlegroups.com"/></telecom></contact><description value="Enumerated list of access codes such as dbGaP consent codes among others."/><compose><include><system value="https://nih-ncpi.github.io/ncpi-fhir-ig-2/CodeSystem/research-data-access-code"/></include></compose></ValueSet>