<?xml version="1.0" encoding="UTF-8"?><ValueSet xmlns="http://hl7.org/fhir"><id value="edam-ontology-terms-vs"/><text><status value="generated"/><div xmlns="http://www.w3.org/1999/xhtml"><p class="res-header-id"><b>Generated Narrative: ValueSet edam-ontology-terms-vs</b></p><a name="edam-ontology-terms-vs"> </a><a name="hcedam-ontology-terms-vs"> </a><ul><li>Include all codes defined in <code>http://edamontology.org</code></li></ul></div></text><url value="https://nih-ncpi.github.io/ncpi-fhir-ig-2/ValueSet/edam-ontology-terms-vs"/><version value="0.2.0"/><name value="EDAMOntologyTerms"/><title value="Enumerations for the EDAM ontology"/><status value="draft"/><experimental value="false"/><date value="2025-08-26T23:53:55+00:00"/><publisher value="NCPI FHIR Working Group"/><contact><name value="NCPI FHIR Working Group"/><telecom><system value="url"/><value value="http://example.org/example-publisher"/></telecom><telecom><system value="email"/><value value="ncpi-fhir-ig@googlegroups.com"/></telecom></contact><description value="Enumerations for the EDAM ontology"/><compose><include><system value="http://edamontology.org"/></include></compose></ValueSet>