<?xml version="1.0" encoding="UTF-8"?><ValueSet xmlns="http://hl7.org/fhir"><id value="phenotypic-feature-assertion-vs"/><text><status value="generated"/><div xmlns="http://www.w3.org/1999/xhtml"><p class="res-header-id"><b>Generated Narrative: ValueSet phenotypic-feature-assertion-vs</b></p><a name="phenotypic-feature-assertion-vs"> </a><a name="hcphenotypic-feature-assertion-vs"> </a><a name="phenotypic-feature-assertion-vs-en-US"> </a><ul><li>Include all codes defined in <a href="CodeSystem-phenotypic-feature-assertion.html"><code>https://nih-ncpi.github.io/ncpi-fhir-ig-2/CodeSystem/phenotypic-feature-assertion</code></a></li></ul></div></text><url value="https://nih-ncpi.github.io/ncpi-fhir-ig-2/ValueSet/phenotypic-feature-assertion-vs"/><version value="0.2.0"/><name value="PhenotypicFeatureAssertionVS"/><title value="Assertion of Phenotypic Feature Codes"/><status value="draft"/><date value="2025-05-16T18:22:27+00:00"/><publisher value="NCPI FHIR Working Group"/><contact><name value="NCPI FHIR Working Group"/><telecom><system value="url"/><value value="http://example.org/example-publisher"/></telecom><telecom><system value="email"/><value value="ncpi-fhir-ig@googlegroups.com"/></telecom></contact><compose><include><system value="https://nih-ncpi.github.io/ncpi-fhir-ig-2/CodeSystem/phenotypic-feature-assertion"/></include></compose></ValueSet>