<?xml version="1.0" encoding="UTF-8"?><ValueSet xmlns="http://hl7.org/fhir"><id value="consanguinity-assertion-vs"/><text><status value="generated"/><div xmlns="http://www.w3.org/1999/xhtml"><p class="res-header-id"><b>Generated Narrative: ValueSet consanguinity-assertion-vs</b></p><a name="consanguinity-assertion-vs"> </a><a name="hcconsanguinity-assertion-vs"> </a><a name="consanguinity-assertion-vs-en-US"> </a><ul><li>Include these codes as defined in <a href="http://www.snomed.org/"><code>http://snomed.info/sct</code></a><table class="none"><tr><td style="white-space:nowrap"><b>Code</b></td><td><b>Display</b></td></tr><tr><td><a href="http://snomed.info/id/428263003">428263003</a></td><td>NOT suspected</td></tr><tr><td><a href="http://snomed.info/id/415684004">415684004</a></td><td>Suspected</td></tr><tr><td><a href="http://snomed.info/id/410515003">410515003</a></td><td>Known present</td></tr><tr><td><a href="http://snomed.info/id/261665006">261665006</a></td><td>Unknown</td></tr></table></li></ul></div></text><url value="https://nih-ncpi.github.io/ncpi-fhir-ig-2/ValueSet/consanguinity-assertion-vs"/><version value="0.1.0"/><name value="ConsanguinityAssertionVS"/><title value="Consanguinity Value Codes"/><status value="draft"/><experimental value="false"/><date value="2025-03-11T16:55:01+00:00"/><publisher value="NCPI FHIR Working Group"/><contact><name value="NCPI FHIR Working Group"/><telecom><system value="url"/><value value="http://example.org/example-publisher"/></telecom><telecom><system value="email"/><value value="ncpi-fhir-ig@googlegroups.com"/></telecom></contact><description value="List of codes indicates the level of known consanguinity (blood relation) within a study family."/><compose><include><system value="http://snomed.info/sct"/><concept><code value="428263003"/><display value="NOT suspected"/></concept><concept><code value="415684004"/><display value="Suspected"/></concept><concept><code value="410515003"/><display value="Known present"/></concept><concept><code value="261665006"/><display value="Unknown"/></concept></include></compose></ValueSet>