{
  "codeSystems" : [
    {
      "url" : "http://dicom.nema.org/resources/ontology/DCM",
      "version" : "01",
      "status" : "active",
      "name" : "DICOM Controlled Terminology Definitions",
      "title" : null,
      "description" : "DICOM Code Definitions (Coding Scheme Designator \"DCM\" Coding Scheme Version \"01\")",
      "oids" : ["1.2.840.10008.2.16.4"],
      "uses" : {
      },
      "http://hl7.org/fhir/R4B/valueset-security-role-type.html" : "SecurityRoleType"
    },
    {
      "url" : "http://hl7.org/fhir/administrative-gender",
      "version" : "4.3.0",
      "status" : "active",
      "name" : "AdministrativeGender",
      "title" : "AdministrativeGender",
      "description" : "The gender of a person used for administrative purposes.",
      "oids" : ["2.16.840.1.113883.4.642.1.2"],
      "uses" : {
      },
      "http://hl7.org/fhir/R4B/valueset-administrative-gender.html" : "AdministrativeGender"
    },
    {
      "url" : "http://hl7.org/fhir/composition-status",
      "version" : "4.3.0",
      "status" : "draft",
      "name" : "CompositionStatus",
      "title" : "CompositionStatus",
      "description" : "The workflow/clinical status of the composition.",
      "oids" : ["2.16.840.1.113883.4.642.4.242"],
      "uses" : {
      },
      "http://hl7.org/fhir/R4B/valueset-composition-status.html" : "CompositionStatus"
    },
    {
      "url" : "http://hl7.org/fhir/consent-data-meaning",
      "version" : "4.3.0",
      "status" : "draft",
      "name" : "ConsentDataMeaning",
      "title" : "ConsentDataMeaning",
      "description" : "How a resource reference is interpreted when testing consent restrictions.",
      "oids" : ["2.16.840.1.113883.4.642.4.760"],
      "uses" : {
      },
      "http://hl7.org/fhir/R4B/valueset-consent-data-meaning.html" : "ConsentDataMeaning"
    },
    {
      "url" : "http://hl7.org/fhir/consent-provision-type",
      "version" : "4.3.0",
      "status" : "draft",
      "name" : "ConsentProvisionType",
      "title" : "ConsentProvisionType",
      "description" : "How a rule statement is applied, such as adding additional consent or removing consent.",
      "oids" : ["2.16.840.1.113883.4.642.4.758"],
      "uses" : {
      },
      "http://hl7.org/fhir/R4B/valueset-consent-provision-type.html" : "ConsentProvisionType"
    },
    {
      "url" : "http://hl7.org/fhir/consent-state-codes",
      "version" : "4.3.0",
      "status" : "draft",
      "name" : "ConsentState",
      "title" : "ConsentState",
      "description" : "Indicates the state of the consent.",
      "oids" : ["2.16.840.1.113883.4.642.4.756"],
      "uses" : {
      },
      "http://hl7.org/fhir/R4B/valueset-consent-state-codes.html" : "ConsentState"
    },
    {
      "url" : "http://hl7.org/fhir/document-reference-status",
      "version" : "4.3.0",
      "status" : "draft",
      "name" : "DocumentReferenceStatus",
      "title" : "DocumentReferenceStatus",
      "description" : "The status of the document reference.",
      "oids" : ["2.16.840.1.113883.4.642.1.8"],
      "uses" : {
      },
      "http://hl7.org/fhir/R4B/valueset-document-reference-status.html" : "DocumentReferenceStatus"
    },
    {
      "url" : "http://hl7.org/fhir/document-relationship-type",
      "version" : "4.3.0",
      "status" : "draft",
      "name" : "DocumentRelationshipType",
      "title" : "DocumentRelationshipType",
      "description" : "The type of relationship between documents.",
      "oids" : ["2.16.840.1.113883.4.642.4.245"],
      "uses" : {
      },
      "http://hl7.org/fhir/R4B/valueset-document-relationship-type.html" : "DocumentRelationshipType"
    },
    {
      "url" : "http://hl7.org/fhir/group-type",
      "version" : "4.3.0",
      "status" : "draft",
      "name" : "GroupType",
      "title" : "GroupType",
      "description" : "Types of resources that are part of group.",
      "oids" : ["2.16.840.1.113883.4.642.4.285"],
      "uses" : {
      },
      "http://hl7.org/fhir/R4B/valueset-group-type.html" : "GroupType"
    },
    {
      "url" : "http://hl7.org/fhir/identity-assuranceLevel",
      "version" : "4.3.0",
      "status" : "draft",
      "name" : "IdentityAssuranceLevel",
      "title" : "IdentityAssuranceLevel",
      "description" : "The level of confidence that this link represents the same actual person, based on NIST Authentication Levels.",
      "oids" : ["2.16.840.1.113883.4.642.4.657"],
      "uses" : {
      },
      "http://hl7.org/fhir/R4B/valueset-identity-assuranceLevel.html" : "IdentityAssuranceLevel"
    },
    {
      "url" : "http://hl7.org/fhir/link-type",
      "version" : "4.3.0",
      "status" : "active",
      "name" : "LinkType",
      "title" : "LinkType",
      "description" : "The type of link between this patient resource and another patient resource.",
      "oids" : ["2.16.840.1.113883.4.642.4.424"],
      "uses" : {
      },
      "http://hl7.org/fhir/R4B/valueset-link-type.html" : "LinkType"
    },
    {
      "url" : "http://hl7.org/fhir/list-mode",
      "version" : "4.3.0",
      "status" : "draft",
      "name" : "ListMode",
      "title" : "ListMode",
      "description" : "The processing mode that applies to this list.",
      "oids" : ["2.16.840.1.113883.4.642.4.319"],
      "uses" : {
      },
      "http://hl7.org/fhir/R4B/valueset-list-mode.html" : "ListMode"
    },
    {
      "url" : "http://hl7.org/fhir/list-status",
      "version" : "4.3.0",
      "status" : "draft",
      "name" : "ListStatus",
      "title" : "ListStatus",
      "description" : "The current state of the list.",
      "oids" : ["2.16.840.1.113883.4.642.4.327"],
      "uses" : {
      },
      "http://hl7.org/fhir/R4B/valueset-list-status.html" : "ListStatus"
    },
    {
      "url" : "http://hl7.org/fhir/observation-status",
      "version" : "4.3.0",
      "status" : "active",
      "name" : "ObservationStatus",
      "title" : "ObservationStatus",
      "description" : "Codes providing the status of an observation.",
      "oids" : ["2.16.840.1.113883.4.642.4.401"],
      "uses" : {
      },
      "http://hl7.org/fhir/R4B/valueset-observation-status.html" : "ObservationStatus"
    },
    {
      "url" : "http://hl7.org/fhir/research-study-status",
      "version" : "4.3.0",
      "status" : "draft",
      "name" : "ResearchStudyStatus",
      "title" : "ResearchStudyStatus",
      "description" : "Codes that convey the current status of the research study.",
      "oids" : ["2.16.840.1.113883.4.642.4.820"],
      "uses" : {
      },
      "http://hl7.org/fhir/R4B/valueset-research-study-status.html" : "ResearchStudyStatus"
    },
    {
      "url" : "http://hl7.org/fhir/research-subject-status",
      "version" : "4.3.0",
      "status" : "draft",
      "name" : "ResearchSubjectStatus",
      "title" : "ResearchSubjectStatus",
      "description" : "Indicates the progression of a study subject through a study.",
      "oids" : ["2.16.840.1.113883.4.642.4.830"],
      "uses" : {
      },
      "http://hl7.org/fhir/R4B/valueset-research-subject-status.html" : "ResearchSubjectStatus"
    },
    {
      "url" : "http://hl7.org/fhir/resource-types",
      "version" : "4.3.0",
      "status" : "active",
      "name" : "ResourceType",
      "title" : "ResourceType",
      "description" : "One of the resource types defined as part of this version of FHIR.",
      "uses" : {
      },
      "http://hl7.org/fhir/R4B/valueset-consent-content-class.html" : "Consent Content Class",
      "http://hl7.org/fhir/R4B/valueset-resource-types.html" : "ResourceType"
    },
    {
      "url" : "http://hl7.org/fhir/specimen-status",
      "version" : "4.3.0",
      "status" : "draft",
      "name" : "SpecimenStatus",
      "title" : "SpecimenStatus",
      "description" : "Codes providing the status/availability of a specimen.",
      "oids" : ["2.16.840.1.113883.4.642.4.472"],
      "uses" : {
      },
      "http://hl7.org/fhir/R4B/valueset-specimen-status.html" : "SpecimenStatus"
    },
    {
      "url" : "http://human-phenotype-ontology.org",
      "version" : "1.0.0",
      "status" : "active",
      "name" : "HPO",
      "title" : "Human Phenotype Ontology",
      "description" : "\"The Human Phenotype Ontology (HPO) provides a standardized vocabulary of phenotypic abnormalities encountered in human disease. Each term in the HPO describes a phenotypic abnormality, such as Atrial septal defect. The HPO is currently being developed using the medical literature, Orphanet, DECIPHER, and OMIM. HPO currently contains over 13,000 terms and over 156,000 annotations to hereditary diseases. The HPO project and others have developed software for phenotype-driven differential diagnostics, genomic diagnostics, and translational research. The HPO is a flagship product of the Monarch Initiative, an NIH-supported international consortium dedicated to semantic integration of biomedical and model organism data with the ultimate goal of improving biomedical research. The HPO, as a part of the Monarch Initiative, is a central component of one of the 13 driver projects in the Global Alliance for Genomics and Health (GA4GH) strategic roadmap.\"\r\n\r\nPlease see https://hpo.jax.org/app/download/ontology.\r\n\r\nReleases, produced approximately every 2 months, can be found [here](https://github.com/obophenotype/human-phenotype-ontology/releases).",
      "oids" : ["2.16.840.1.113883.6.339"],
      "uses" : {
      },
      "ValueSet-condition-code-vs.html" : "Conditon Codes"
    },
    {
      "url" : "http://loinc.org",
      "version" : "3.1.0",
      "status" : "active",
      "name" : "LOINC",
      "title" : "Logical Observation Identifiers, Names and Codes (LOINC)",
      "description" : "LOINC provides a set of universal names and ID codes for identifying laboratory and clinical test results.1,2 LOINC facilitates the exchange and pooling of results, such as blood hemoglobin, serum potassium, or vital signs, for clinical care, outcomes management, and research. LOINC's universal identifiers (names and codes) can be used in the context of order and observation exchanges between information systems that use syntax standards such as HL73, CEN TC251, ISO TC215, ASTM4, and DICOM. Specifically, the identifier can be used as the coded value for an observation in any other standard that uses the observation/observation value paradigm, whether messages, documents, application programming interface (API), etc. For example, LOINC codes are used widely in the OBX segment Observation Identifier field (OBX-3) of an ORU HL7 (HL7 version 2.x or ASTM 1238-9410) message that may be sent between a Clinical Laboratory Information Management Systems (LIMS) and Electronic Health Record Systems (EHR).5, 6 In this way, LOINC codes provide universal identifiers that allow the exchange of clinical data between heterogeneous computing environments.",
      "oids" : ["2.16.840.1.113883.6.1"],
      "uses" : {
      },
      "http://hl7.org/fhir/R4B/valueset-observation-codes.html" : "LOINC Codes",
      "http://hl7.org/fhir/R4B/valueset-consent-category.html" : "Consent Category Codes",
      "http://hl7.org/fhir/R4B/valueset-consent-content-code.html" : "Consent Content Codes",
      "http://hl7.org/fhir/R4B/valueset-doc-classcodes.html" : "Document Class Value Set"
    },
    {
      "url" : "http://purl.obolibrary.org/obo/mondo.owl",
      "version" : "1.0.0",
      "status" : "active",
      "name" : "MONDO",
      "title" : "Mondo Disease Ontology",
      "description" : "The Mondo Disease Ontology is a semi-automatically constructed ontology that merges in multiple disease resources to yield a coherent merged ontology that contains cross-species disease terminology.\r\n\r\nNumerous sources for disease definitions and data models currently exist, which include HPO, OMIM, SNOMED CT, ICD, PhenoDB, MedDRA, MedGen, ORDO, DO, GARD, etc; however, these sources partially overlap and sometimes conflict, making it difficult to know definitively how they relate to each other. This has resulted in a proliferation of mappings between disease entries in different resources; however mappings are problematic: collectively, they are expensive to create and maintain. Most importantly, the mappings lack completeness, accuracy, and precision; as a result, mapping calls are often inconsistent between resources. The UMLS provides intermediate concepts through which other resources can be mapped, but these mappings suffer from the same challenges: they are not guaranteed to be one-to-one, especially in areas with evolving disease concepts such as rare disease.\r\n\r\nIn order to address the lack of a unified disease terminology that provides precise equivalences between disease concepts, we created Mondo, which provides a logic-based structure for unifying multiple disease resources.\r\n\r\nMondo’s development is coordinated with the Human Phenotype Ontology (HPO), which describes the individual phenotypic features that constitute a disease. Like the HPO, Mondo provides a hierarchical structure which can be used for classification or “rolling up” diseases to higher level groupings. It provides mappings to other disease resources, but in contrast to other mappings between ontologies, we precisely annotate each mapping using strict semantics, so that we know when two disease names or identifiers are equivalent or one-to-one, in contrast to simply being closely related.\r\n\r\nFor more information, see [https://mondo.monarchinitiative.org/](https://mondo.monarchinitiative.org/)",
      "oids" : ["2.16.840.1.113883.3.9216"],
      "uses" : {
      },
      "ValueSet-condition-code-vs.html" : "Conditon Codes"
    },
    {
      "url" : "http://snomed.info/sct",
      "version" : null,
      "status" : "active",
      "name" : "SNOMED_CT",
      "title" : "SNOMED CT (all versions)",
      "description" : "SNOMED CT is the most comprehensive and precise clinical health terminology product in the world, owned and distributed around the world by The International Health Terminology Standards Development Organisation (IHTSDO).",
      "oids" : ["2.16.840.1.113883.6.96"],
      "uses" : {
      },
      "ValueSet-consanguinity-assertion-vs.html" : "Consanguinity Value Codes",
      "http://hl7.org/fhir/R4B/valueset-body-site.html" : "SNOMED CT Body Structures",
      "http://hl7.org/fhir/R4B/valueset-specimen-container-type.html" : "SpecimenContainer",
      "http://hl7.org/fhir/R4B/valueset-observation-methods.html" : "Observation Methods",
      "http://hl7.org/fhir/R4B/valueset-c80-practice-codes.html" : "Practice Setting Code Value Set",
      "http://hl7.org/fhir/R4B/valueset-specimen-collection-method.html" : "FHIR Specimen Collection Method",
      "http://hl7.org/fhir/R4B/valueset-referencerange-appliesto.html" : "Observation Reference Range Applies To Codes",
      "http://hl7.org/fhir/R4B/valueset-c80-facilitycodes.html" : "Facility Type Code Value Set",
      "http://hl7.org/fhir/R4B/valueset-condition-code.html" : "Condition/Problem/Diagnosis Codes"
    },
    {
      "url" : "http://terminology.hl7.org/CodeSystem/consentaction",
      "version" : "1.0.1",
      "status" : "active",
      "name" : "ConsentActionCodes",
      "title" : "Consent Action Codes",
      "description" : "This value set includes sample Consent Action codes.",
      "oids" : ["2.16.840.1.113883.4.642.1.1227"],
      "uses" : {
      },
      "http://hl7.org/fhir/R4B/valueset-consent-action.html" : "Consent Action Codes"
    },
    {
      "url" : "http://terminology.hl7.org/CodeSystem/consentcategorycodes",
      "version" : "1.0.1",
      "status" : "active",
      "name" : "ConsentCategoryCodes",
      "title" : "Consent Category Codes",
      "description" : "This value set includes sample Consent Directive Type codes, including several consent directive related LOINC codes; HL7 VALUE SET: ActConsentType(2.16.840.1.113883.1.11.19897); examples of US realm consent directive legal descriptions and references to online and/or downloadable forms such as the SSA-827 Authorization to Disclose Information to the Social Security Administration; and other anticipated consent directives related to participation in a clinical trial, medical procedures, reproductive procedures; health care directive (Living Will); advance directive, do not resuscitate (DNR); Physician Orders for Life-Sustaining Treatment (POLST)",
      "oids" : ["2.16.840.1.113883.4.642.1.1226"],
      "uses" : {
      },
      "http://hl7.org/fhir/R4B/valueset-consent-category.html" : "Consent Category Codes"
    },
    {
      "url" : "http://terminology.hl7.org/CodeSystem/consentpolicycodes",
      "version" : "3.0.1",
      "status" : "active",
      "name" : "ConsentPolicyRuleCodes",
      "title" : "Consent PolicyRule Codes",
      "description" : "This value set includes sample Regulatory consent policy types from the US and other regions.",
      "oids" : ["2.16.840.1.113883.4.642.1.1229"],
      "uses" : {
      },
      "http://hl7.org/fhir/R4B/valueset-consent-policy.html" : "Consent PolicyRule Codes"
    },
    {
      "url" : "http://terminology.hl7.org/CodeSystem/consentscope",
      "version" : "2.0.1",
      "status" : "active",
      "name" : "ConsentScopeCodes",
      "title" : "Consent Scope Codes",
      "description" : "This value set includes the four Consent scope codes.",
      "oids" : ["2.16.840.1.113883.4.642.1.1228"],
      "uses" : {
      },
      "http://hl7.org/fhir/R4B/valueset-consent-scope.html" : "Consent Scope Codes"
    },
    {
      "url" : "http://terminology.hl7.org/CodeSystem/contractsignertypecodes",
      "version" : "1.0.1",
      "status" : "active",
      "name" : "ContractSignerTypeCodes",
      "title" : "Contract Signer Type Codes",
      "description" : "This value set includes sample Contract Signer Type codes.",
      "oids" : ["2.16.840.1.113883.4.642.1.1201"],
      "uses" : {
      },
      "http://hl7.org/fhir/R4B/valueset-security-role-type.html" : "SecurityRoleType"
    },
    {
      "url" : "http://terminology.hl7.org/CodeSystem/data-absent-reason",
      "version" : "1.0.0",
      "status" : "active",
      "name" : "DataAbsentReason",
      "title" : "DataAbsentReason",
      "description" : "Used to specify why the normally expected content of the data element is missing.",
      "oids" : ["2.16.840.1.113883.4.642.4.1048"],
      "uses" : {
      },
      "http://hl7.org/fhir/R4B/valueset-data-absent-reason.html" : "DataAbsentReason"
    },
    {
      "url" : "http://terminology.hl7.org/CodeSystem/extra-security-role-type",
      "version" : "1.0.1",
      "status" : "active",
      "name" : "SecurityRoleType",
      "title" : "Security Role Type",
      "description" : "This CodeSystem contains Additional FHIR-defined Security Role types not defined elsewhere",
      "uses" : {
      },
      "http://hl7.org/fhir/R4B/valueset-security-role-type.html" : "SecurityRoleType"
    },
    {
      "url" : "http://terminology.hl7.org/CodeSystem/list-empty-reason",
      "version" : "1.0.1",
      "status" : "active",
      "name" : "ListEmptyReasons",
      "title" : "List Empty Reasons",
      "description" : "General reasons for a list to be empty. Reasons are either related to a summary list (i.e. problem or medication list) or to a workflow related list (i.e. consultation list).",
      "oids" : ["2.16.840.1.113883.4.642.1.1106"],
      "uses" : {
      },
      "http://hl7.org/fhir/R4B/valueset-list-empty-reason.html" : "List Empty Reasons"
    },
    {
      "url" : "http://terminology.hl7.org/CodeSystem/list-example-use-codes",
      "version" : "1.0.1",
      "status" : "active",
      "name" : "ExampleUseCodesForList",
      "title" : "Example Use Codes for List",
      "description" : "Example use codes for the List resource - typical kinds of use.",
      "oids" : ["2.16.840.1.113883.4.642.1.1105"],
      "uses" : {
      },
      "http://hl7.org/fhir/R4B/valueset-list-example-codes.html" : "Example Use Codes for List"
    },
    {
      "url" : "http://terminology.hl7.org/CodeSystem/list-order",
      "version" : "1.0.1",
      "status" : "active",
      "name" : "ListOrderCodes",
      "title" : "List Order Codes",
      "description" : "Base values for the order of the items in a list resource.",
      "oids" : ["2.16.840.1.113883.4.642.1.1107"],
      "uses" : {
      },
      "http://hl7.org/fhir/R4B/valueset-list-order.html" : "List Order Codes"
    },
    {
      "url" : "http://terminology.hl7.org/CodeSystem/observation-category",
      "version" : "1.0.1",
      "status" : "active",
      "name" : "ObservationCategoryCodes",
      "title" : "Observation Category Codes",
      "description" : "Observation Category codes.",
      "oids" : ["2.16.840.1.113883.4.642.1.1125"],
      "uses" : {
      },
      "http://hl7.org/fhir/R4B/valueset-observation-category.html" : "Observation Category Codes"
    },
    {
      "url" : "http://terminology.hl7.org/CodeSystem/referencerange-meaning",
      "version" : "1.0.1",
      "status" : "active",
      "name" : "ObservationReferenceRangeMeaningCodes",
      "title" : "Observation Reference Range Meaning Codes",
      "description" : "This value set defines a set of codes that can be used to indicate the meaning/use of a reference range for a particular target population.",
      "oids" : ["2.16.840.1.113883.4.642.1.1124"],
      "uses" : {
      },
      "http://hl7.org/fhir/R4B/valueset-referencerange-meaning.html" : "Observation Reference Range Meaning Codes"
    },
    {
      "url" : "http://terminology.hl7.org/CodeSystem/research-study-objective-type",
      "version" : "1.0.0",
      "status" : "draft",
      "name" : "ResearchStudyObjectiveType",
      "title" : "ResearchStudyObjectiveType",
      "description" : "Codes for the kind of study objective.",
      "oids" : ["2.16.840.1.113883.4.642.1.1248"],
      "uses" : {
      },
      "http://hl7.org/fhir/R4B/valueset-research-study-objective-type.html" : "ResearchStudyObjectiveType"
    },
    {
      "url" : "http://terminology.hl7.org/CodeSystem/research-study-phase",
      "version" : "1.0.0",
      "status" : "draft",
      "name" : "ResearchStudyPhase",
      "title" : "ResearchStudyPhase",
      "description" : "Codes for the stage in the progression of a therapy from initial experimental use in humans in clinical trials to post-market evaluation.",
      "oids" : ["2.16.840.1.113883.4.642.1.1247"],
      "uses" : {
      },
      "http://hl7.org/fhir/R4B/valueset-research-study-phase.html" : "ResearchStudyPhase"
    },
    {
      "url" : "http://terminology.hl7.org/CodeSystem/research-study-prim-purp-type",
      "version" : "1.0.0",
      "status" : "draft",
      "name" : "ResearchStudyPrimaryPurposeType",
      "title" : "ResearchStudyPrimaryPurposeType",
      "description" : "Codes for the main intent of the study.",
      "oids" : ["2.16.840.1.113883.4.642.1.1250"],
      "uses" : {
      },
      "http://hl7.org/fhir/R4B/valueset-research-study-prim-purp-type.html" : "ResearchStudyPrimaryPurposeType"
    },
    {
      "url" : "http://terminology.hl7.org/CodeSystem/research-study-reason-stopped",
      "version" : "1.0.0",
      "status" : "draft",
      "name" : "ResearchStudyReasonStopped",
      "title" : "ResearchStudyReasonStopped",
      "description" : "Codes for why the study ended prematurely.",
      "oids" : ["2.16.840.1.113883.4.642.1.1249"],
      "uses" : {
      },
      "http://hl7.org/fhir/R4B/valueset-research-study-reason-stopped.html" : "ResearchStudyReasonStopped"
    },
    {
      "url" : "http://terminology.hl7.org/CodeSystem/title-type",
      "version" : "4.3.0",
      "status" : "draft",
      "name" : "TitleType",
      "title" : "TitleType",
      "description" : "Used to express the reason and specific aspect for the variant title, such as language and specific language.",
      "oids" : ["2.16.840.1.113883.4.642.1.1492"],
      "uses" : {
      },
      "http://hl7.org/fhir/R4B/valueset-title-type.html" : "TitleType",
      "ValueSet-research-data-date-of-birth-method-vs.html" : "Enumerations for how DOB was constructed"
    },
    {
      "url" : "http://terminology.hl7.org/CodeSystem/v2-0131",
      "version" : "2.0.0",
      "status" : "active",
      "name" : "ContactRole2",
      "title" : "contactRole2",
      "description" : "Code system of concepts which specify a relationship role that the next of kin/associated parties plays with regard to the patient. Also used in referrals, for example, it may be necessary to identify the contact representative at the clinic that sent a referral. Used in HL7 Version 2 messaging in the NK1 and CTD segments after 2.5, when it replace 2.16.840.1.113883.18.57.",
      "oids" : ["2.16.840.1.113883.18.58"],
      "uses" : {
      },
      "http://hl7.org/fhir/R4B/valueset-patient-contactrelationship.html" : "Patient Contact Relationship"
    },
    {
      "url" : "http://terminology.hl7.org/CodeSystem/v2-0371",
      "version" : "2.0.0",
      "status" : "active",
      "name" : "AdditivePreservative",
      "title" : "additivePreservative",
      "description" : "HL7-defined code system of concepts specifying any additive introduced to the specimen before or at the time of collection.  These additives may be introduced in order to preserve, maintain or enhance the particular nature or component of the specimen.  Used in HL7 Version 2.x messaging in the SPM and SAC segments.",
      "oids" : ["2.16.840.1.113883.18.229"],
      "uses" : {
      },
      "http://terminology.hl7.org/6.1.0/ValueSet-v2-0371.html" : "hl7VS-additivePreservative"
    },
    {
      "url" : "http://terminology.hl7.org/CodeSystem/v2-0373",
      "version" : "2.0.0",
      "status" : "active",
      "name" : "Treatment",
      "title" : "treatment",
      "description" : "Code system of concepts that identify the specimen treatment performed during lab processing.  Used in the Interaction Specimen Container Detail (SAC) segment in HL7 Version 2.x messaging.",
      "oids" : ["2.16.840.1.113883.18.231"],
      "uses" : {
      },
      "http://hl7.org/fhir/R4B/valueset-specimen-processing-procedure.html" : "SpecimenProcessingProcedure"
    },
    {
      "url" : "http://terminology.hl7.org/CodeSystem/v2-0487",
      "version" : "2.0.0",
      "status" : "active",
      "name" : "SpecimenType",
      "title" : "specimenType",
      "description" : "HL7-defined code system of concepts that describe the precise nature of an entity that may be used as the source material for an observation.  This is one of two code systems that are used instead of table 0070 (code system 2.16.840.1.113883.18.28) which conflated specimen types and specimen collection methods.   Used in HL7 Version 2.x messaging in the SPM segment.",
      "oids" : ["2.16.840.1.113883.18.311"],
      "uses" : {
      },
      "http://terminology.hl7.org/6.1.0/ValueSet-v2-0487.html" : "hl7VS-specimenType"
    },
    {
      "url" : "http://terminology.hl7.org/CodeSystem/v2-0493",
      "version" : "2.0.0",
      "status" : "active",
      "name" : "SpecimenCondition",
      "title" : "specimenCondition",
      "description" : "Code system of concepts specifying a mode or state of being that describes the nature of the specimen.  Used in HL7 Version 2.x messaging in the SPM segment.",
      "oids" : ["2.16.840.1.113883.18.317"],
      "uses" : {
      },
      "http://terminology.hl7.org/6.1.0/ValueSet-v2-0493.html" : "hl7VS-specimenCondition"
    },
    {
      "url" : "http://terminology.hl7.org/CodeSystem/v2-0916",
      "version" : "2.0.0",
      "status" : "active",
      "name" : "RelevantClincialInformation",
      "title" : "relevantClincialInformation",
      "description" : "Code system of concepts specifying additional clinical information about the patient or specimen to report the supporting and/or suspected diagnosis and clinical findings on requests for interpreted diagnostic studies. Used in HL7 Version 2.x messaging in the OBR segment.",
      "oids" : ["2.16.840.1.113883.18.422"],
      "uses" : {
      },
      "http://terminology.hl7.org/6.1.0/ValueSet-v2-0916.html" : "hl7VS-relevantClincialInformation"
    },
    {
      "url" : "http://terminology.hl7.org/CodeSystem/v3-ActCode",
      "version" : "9.0.0",
      "status" : "active",
      "name" : "ActCode",
      "title" : "ActCode",
      "description" : "A code specifying the particular kind of Act that the Act-instance represents within its class.\r\n\r\n*Constraints:* The kind of Act (e.g. physical examination, serum potassium, inpatient encounter, charge financial transaction, etc.) is specified with a code from one of several, typically external, coding systems. The coding system will depend on the class of Act, such as LOINC for observations, etc.\r\n\r\nConceptually, the Act.code must be a specialization of the Act.classCode. This is why the structure of ActClass domain should be reflected in the superstructure of the ActCode domain and then individual codes or externally referenced vocabularies subordinated under these domains that reflect the ActClass structure.\r\n\r\nAct.classCode and Act.code are not modifiers of each other but the Act.code concept should really imply the Act.classCode concept. For a negative example, it is not appropriate to use an Act.code \"potassium\" together with and Act.classCode for \"laboratory observation\" to somehow mean \"potassium laboratory observation\" and then use the same Act.code for \"potassium\" together with Act.classCode for \"medication\" to mean \"substitution of potassium\". This mutually modifying use of Act.code and Act.classCode is not permitted.",
      "oids" : ["2.16.840.1.113883.5.4"],
      "uses" : {
      },
      "http://terminology.hl7.org/6.1.0/ValueSet-v3-ActCode.html" : "v3 Code System ActCode"
    },
    {
      "url" : "http://terminology.hl7.org/CodeSystem/v3-MaritalStatus",
      "version" : "3.0.0",
      "status" : "active",
      "name" : "MaritalStatus",
      "title" : "MaritalStatus",
      "description" : "\\* \\* \\* No description supplied \\* \\* \\*\r\n\r\n*Open Issue:* The specific meanings of these codes can vary somewhat by jurisdiction and implementation so caution should be used when determining equivalency.\r\n\r\n*Open Issue:* fixing and completion of the hierarchy and proper good definitions of all the concepts is badly needed.",
      "oids" : ["2.16.840.1.113883.5.2"],
      "uses" : {
      },
      "http://hl7.org/fhir/R4B/valueset-marital-status.html" : "MaritalStatus"
    },
    {
      "url" : "http://terminology.hl7.org/CodeSystem/v3-NullFlavor",
      "version" : "3.0.0",
      "status" : "active",
      "name" : "NullFlavor",
      "title" : "NullFlavor",
      "description" : "A collection of codes specifying why a valid value is not present.",
      "oids" : ["2.16.840.1.113883.5.1008"],
      "uses" : {
      },
      "http://hl7.org/fhir/R4B/valueset-marital-status.html" : "MaritalStatus"
    },
    {
      "url" : "http://terminology.hl7.org/CodeSystem/v3-ObservationInterpretation",
      "version" : "3.0.0",
      "status" : "active",
      "name" : "ObservationInterpretation",
      "title" : "ObservationInterpretation",
      "description" : "One or more codes providing a rough qualitative interpretation of the observation, such as \"normal\" / \"abnormal\", \"low\" / \"high\", \"better\" / \"worse\", \"resistant\" / \"susceptible\", \"expected\" / \"not expected\". The value set is intended to be for ANY use where coded representation of an interpretation is needed.",
      "oids" : ["2.16.840.1.113883.5.83"],
      "uses" : {
      },
      "http://hl7.org/fhir/R4B/valueset-observation-interpretation.html" : "Observation Interpretation Codes"
    },
    {
      "url" : "http://terminology.hl7.org/CodeSystem/v3-ParticipationFunction",
      "version" : "3.0.0",
      "status" : "active",
      "name" : "ParticipationFunction",
      "title" : "ParticipationFunction",
      "description" : "This code is used to specify the exact function an actor had in a service in all necessary detail. This domain may include local extensions (CWE).",
      "oids" : ["2.16.840.1.113883.5.88"],
      "uses" : {
      },
      "http://hl7.org/fhir/R4B/valueset-security-role-type.html" : "SecurityRoleType"
    },
    {
      "url" : "http://terminology.hl7.org/CodeSystem/v3-ParticipationType",
      "version" : "5.0.0",
      "status" : "active",
      "name" : "ParticipationType",
      "title" : "ParticipationType",
      "description" : "A code specifying the meaning and purpose of every Participation instance. Each of its values implies specific constraints on the Roles undertaking the participation.",
      "oids" : ["2.16.840.1.113883.5.90"],
      "uses" : {
      },
      "http://hl7.org/fhir/R4B/valueset-security-role-type.html" : "SecurityRoleType"
    },
    {
      "url" : "http://terminology.hl7.org/CodeSystem/v3-RoleClass",
      "version" : "4.0.0",
      "status" : "active",
      "name" : "RoleClass",
      "title" : "RoleClass",
      "description" : "Codes for the Role class hierarchy. The values in this hierarchy, represent a Role which is an association or relationship between two entities - the entity that plays the role and the entity that scopes the role. Roles names are derived from the name of the playing entity in that role.\r\n\r\nThe role hierarchy stems from three core concepts, or abstract domains:\r\n\r\n *  **RoleClassOntological** is an abstract domain that collects roles in which the playing entity is defined or specified by the scoping entity.\r\n *  **RoleClassPartitive** collects roles in which the playing entity is in some sense a \"part\" of the scoping entity.\r\n *  **RoleClassAssociative** collects all of the remaining forms of association between the playing entity and the scoping entity. This set of roles is further partitioned between:\r\n    \r\n     *  **RoleClassPassive** which are roles in which the playing entity is used, known, treated, handled, built, or destroyed, etc. under the auspices of the scoping entity. The playing entity is passive in these roles in that the role exists without an agreement from the playing entity.\r\n     *  **RoleClassMutualRelationship** which are relationships based on mutual behavior of the two entities. The basis of these relationship may be formal agreements or they may be *de facto* behavior. Thus, this sub-domain is further divided into:\r\n        \r\n         *  **RoleClassRelationshipFormal** in which the relationship is formally defined, frequently by a contract or agreement.\r\n         *  **Personal relationship** which inks two people in a personal relationship.\r\n\r\nThe hierarchy discussed above is represented In the current vocabulary tables as a set of abstract domains, with the exception of the \"Personal relationship\" which is a leaf concept.\r\n\r\n*OpenIssue:* Description copied from Concept Domain of same name. Must be verified.",
      "oids" : ["2.16.840.1.113883.5.110"],
      "uses" : {
      },
      "http://hl7.org/fhir/R4B/valueset-security-role-type.html" : "SecurityRoleType"
    },
    {
      "url" : "http://terminology.hl7.org/CodeSystem/v3-RoleCode",
      "version" : "3.0.0",
      "status" : "active",
      "name" : "RoleCode",
      "title" : "RoleCode",
      "description" : "A set of codes further specifying the kind of Role; specific classification codes for further qualifying RoleClass codes.",
      "oids" : ["2.16.840.1.113883.5.111"],
      "uses" : {
      },
      "http://hl7.org/fhir/R4B/valueset-security-role-type.html" : "SecurityRoleType",
      "http://terminology.hl7.org/6.1.0/ValueSet-v3-FamilyMember.html" : "FamilyMember"
    },
    {
      "url" : "https://nih-ncpi.github.io/ncpi-fhir-ig-2/CodeSystem/collection-type",
      "version" : "0.1.0",
      "status" : "draft",
      "name" : "CollectionType",
      "title" : "Collection Type",
      "description" : "Enumerated list of collection types",
      "uses" : {
      },
      "ValueSet-collection-type-vs.html" : "Collection Type"
    },
    {
      "url" : "https://nih-ncpi.github.io/ncpi-fhir-ig-2/CodeSystem/condition-assertion",
      "version" : "0.1.0",
      "status" : "draft",
      "name" : "ConditionAssertion",
      "title" : "Assertion of Condition Codes",
      "description" : "Code System for assertion of condition presence",
      "uses" : {
      },
      "ValueSet-condition-assertion-vs.html" : "Assertion of Condition Codes"
    },
    {
      "url" : "https://nih-ncpi.github.io/ncpi-fhir-ig-2/CodeSystem/condition-type",
      "version" : "0.1.0",
      "status" : "draft",
      "name" : "ConditionType",
      "title" : "Type of Condition",
      "description" : "Code System for type of condition",
      "uses" : {
      },
      "ValueSet-condition-type-vs.html" : "Type of Condition"
    },
    {
      "url" : "https://nih-ncpi.github.io/ncpi-fhir-ig-2/CodeSystem/ncpi-family-types",
      "version" : "0.1.0",
      "status" : "active",
      "name" : "NcpiFamilyTypes",
      "title" : "NCPI Family Types CodeSystem",
      "description" : "CodeSystem for Types of Families",
      "uses" : {
      },
      "ValueSet-ncpi-family-types-vs.html" : "Family Types Codes"
    },
    {
      "url" : "https://nih-ncpi.github.io/ncpi-fhir-ig-2/CodeSystem/research-data-access-code",
      "version" : "0.1.0",
      "status" : "draft",
      "name" : "ResearchDataAccessCode",
      "title" : "Research Data Access Codes",
      "description" : "Enumerated list of access codes such as dbGaP consent codes among others.",
      "uses" : {
      },
      "ValueSet-research-data-access-code-vs.html" : "Research Data Access Codes"
    },
    {
      "url" : "https://nih-ncpi.github.io/ncpi-fhir-ig-2/CodeSystem/research-data-access-type",
      "version" : "0.1.0",
      "status" : "draft",
      "name" : "ResearchDataAccessType",
      "title" : "Research Data Access Type Codes",
      "description" : "Enumerated list of access type codes such as 'Open Access', 'Registered Access' and 'Controlled Access'",
      "uses" : {
      },
      "ValueSet-research-data-access-type-vs.html" : "Research Data Access Type Codes"
    },
    {
      "url" : "https://nih-ncpi.github.io/ncpi-fhir-ig-2/CodeSystem/study-name-type",
      "version" : "0.1.0",
      "status" : "draft",
      "name" : "StudyNameType",
      "title" : "Study Name Type",
      "description" : "Some common types of study 'names'.",
      "uses" : {
      },
      "ValueSet-study-name-type-vs.html" : "Study Name Type"
    },
    {
      "url" : "https://nih-ncpi.github.io/ncpi-fhir-ig-2/CodeSystem/study-personnel-role",
      "version" : "0.1.0",
      "status" : "draft",
      "name" : "StudyPersonnelRole",
      "title" : "Study Personnel Role",
      "description" : "Roles associated with study personnel.",
      "uses" : {
      },
      "ValueSet-study-personnel-role-vs.html" : "Study Personnel Role"
    },
    {
      "url" : "urn:ietf:bcp:47",
      "version" : "2.0.1",
      "status" : "active",
      "name" : "Ietf3066",
      "title" : "Tags for the Identification of Languages",
      "description" : "Older value from OID registry.  Superceded; see recommendations in BCP-47.",
      "oids" : ["2.16.840.1.113883.6.121"],
      "uses" : {
      },
      "http://hl7.org/fhir/R4B/valueset-languages.html" : "Common Languages"
    },
    {
      "url" : "urn:iso:std:iso:3166",
      "version" : "1.0.1",
      "status" : "active",
      "name" : "ISO3166Part1",
      "title" : "ISO 3166-1 Codes for the representation of names of countries and their subdivisions — Part 1: Country code",
      "description" : "ISO 3166-1 establishes codes that represent the current names of countries, dependencies, and other areas of particular geopolitical interest, on the basis of country names obtained from the United Nations.",
      "oids" : ["1.0.3166.1"],
      "uses" : {
      },
      "http://hl7.org/fhir/R4B/valueset-jurisdiction.html" : "Jurisdiction"
    },
    {
      "url" : "urn:iso:std:iso:3166:-2",
      "version" : "2013-11",
      "status" : "retired",
      "name" : "Iso3166_2",
      "title" : "ISO 3166 Part 2 Country Subdivision Codes",
      "description" : "Identifies the coding system published in the ISO 3166-2 Standard for Country Subdivision codes. This standard is released periodically, and a new OID will be assigned by ISO for new editions.",
      "oids" : ["1.0.3166.2"],
      "uses" : {
      },
      "http://hl7.org/fhir/R4B/valueset-jurisdiction.html" : "Jurisdiction"
    },
    {
      "url" : "urn:oid:1.2.36.1.2001.1001.101.104.16592",
      "version" : "4.3.0",
      "status" : "draft",
      "name" : "PatientMedicineChangeTypes",
      "title" : "Patient Medicine Change Types",
      "description" : "Example Item Flags for the List Resource. In this case, these are the kind of flags that would be used on a medication list at the end of a consultation.",
      "oids" : [
        "1.2.36.1.2001.1001.101.104.16592",
        "2.16.840.1.113883.4.642.1.321"
      ],
      "uses" : {
      },
      "http://hl7.org/fhir/R4B/valueset-list-item-flag.html" : "Patient Medicine Change Types"
    }
  ]
}
