<?xml version="1.0" encoding="UTF-8"?>

<CodeSystem xmlns="http://hl7.org/fhir">
  <id value="workflow-tool-cs"/>
  <text>
    <status value="generated"/><div xmlns="http://www.w3.org/1999/xhtml"><p class="res-header-id"><b>Generated Narrative: CodeSystem workflow-tool-cs</b></p><a name="workflow-tool-cs"> </a><a name="hcworkflow-tool-cs"> </a><p>This case-sensitive code system <code>https://nih-ncpi.github.io/ncpi-fhir-ig-2/CodeSystem/workflow-tool-cs</code> defines the following codes:</p><table class="codes"><tr><td style="white-space:nowrap"><b>Code</b></td><td><b>Display</b></td></tr><tr><td style="white-space:nowrap">bammem<a name="workflow-tool-cs-bammem"> </a></td><td>BAM-MEM</td></tr><tr><td style="white-space:nowrap">GATKHaplotypeCaller<a name="workflow-tool-cs-GATKHaplotypeCaller"> </a></td><td>GATK-Haplotype Caller</td></tr><tr><td style="white-space:nowrap">unknown<a name="workflow-tool-cs-unknown"> </a></td><td>Unknown</td></tr></table></div>
  </text>
  <url value="https://nih-ncpi.github.io/ncpi-fhir-ig-2/CodeSystem/workflow-tool-cs"/>
  <version value="0.2.0"/>
  <name value="WorkflowToolCS"/>
  <title value="Workflow tool options"/>
  <status value="active"/>
  <experimental value="false"/>
  <date value="2025-08-11T15:03:48+00:00"/>
  <publisher value="NCPI FHIR Working Group"/>
  <contact>
    <name value="NCPI FHIR Working Group"/>
    <telecom>
      <system value="url"/>
      <value value="http://example.org/example-publisher"/>
    </telecom>
    <telecom>
      <system value="email"/>
      <value value="ncpi-fhir-ig@googlegroups.com"/>
    </telecom>
  </contact>
  <description value="Workflow tool options"/>
  <caseSensitive value="true"/>
  <content value="complete"/>
  <count value="3"/>
  <concept>
    <code value="bammem"/>
    <display value="BAM-MEM"/>
  </concept>
  <concept>
    <code value="GATKHaplotypeCaller"/>
    <display value="GATK-Haplotype Caller"/>
  </concept>
  <concept>
    <code value="unknown"/>
    <display value="Unknown"/>
  </concept>
</CodeSystem>