{
  "resourceType" : "CodeSystem",
  "id" : "research-study-party-role",
  "meta" : {
    "profile" : ["http://hl7.org/fhir/StructureDefinition/shareablecodesystem"]
  },
  "text" : {
    "status" : "generated",
    "div" : "<div xmlns=\"http://www.w3.org/1999/xhtml\"><p class=\"res-header-id\"><b>Generated Narrative: CodeSystem research-study-party-role</b></p><a name=\"research-study-party-role\"> </a><a name=\"hcresearch-study-party-role\"> </a><div style=\"display: inline-block; background-color: #d9e0e7; padding: 6px; margin: 4px; border: 1px solid #8da1b4; border-radius: 5px; line-height: 60%\"><p style=\"margin-bottom: 0px\"/><p style=\"margin-bottom: 0px\">Profile: <a href=\"http://hl7.org/fhir/R4/shareablecodesystem.html\">Shareable CodeSystem</a></p></div><p>This case-sensitive code system <code>http://hl7.org/fhir/research-study-party-role</code> defines the following codes:</p><table class=\"codes\"><tr><td style=\"white-space:nowrap\"><b>Code</b></td><td><b>Display</b></td><td><b>Definition</b></td></tr><tr><td style=\"white-space:nowrap\">sponsor<a name=\"research-study-party-role-sponsor\"> </a></td><td>sponsor</td><td>sponsor</td></tr><tr><td style=\"white-space:nowrap\">lead-sponsor<a name=\"research-study-party-role-lead-sponsor\"> </a></td><td>lead-sponsor</td><td>lead-sponsor</td></tr><tr><td style=\"white-space:nowrap\">sponsor-investigator<a name=\"research-study-party-role-sponsor-investigator\"> </a></td><td>sponsor-investigator</td><td>sponsor-investigator</td></tr><tr><td style=\"white-space:nowrap\">primary-investigator<a name=\"research-study-party-role-primary-investigator\"> </a></td><td>primary-investigator</td><td>primary-investigator</td></tr><tr><td style=\"white-space:nowrap\">collaborator<a name=\"research-study-party-role-collaborator\"> </a></td><td>collaborator</td><td>collaborator</td></tr><tr><td style=\"white-space:nowrap\">funding-source<a name=\"research-study-party-role-funding-source\"> </a></td><td>funding-source</td><td>funding-source</td></tr><tr><td style=\"white-space:nowrap\">general-contact<a name=\"research-study-party-role-general-contact\"> </a></td><td>general-contact</td><td>general-contact</td></tr><tr><td style=\"white-space:nowrap\">recruitment-contact<a name=\"research-study-party-role-recruitment-contact\"> </a></td><td>recruitment-contact</td><td>recruitment-contact</td></tr><tr><td style=\"white-space:nowrap\">sub-investigator<a name=\"research-study-party-role-sub-investigator\"> </a></td><td>sub-investigator</td><td>sub-investigator</td></tr><tr><td style=\"white-space:nowrap\">study-director<a name=\"research-study-party-role-study-director\"> </a></td><td>study-director</td><td>study-director</td></tr><tr><td style=\"white-space:nowrap\">study-chair<a name=\"research-study-party-role-study-chair\"> </a></td><td>study-chair</td><td>study-chair</td></tr><tr><td style=\"white-space:nowrap\">irb<a name=\"research-study-party-role-irb\"> </a></td><td>Institutional Review Board</td><td/></tr></table></div>"
  },
  "extension" : [{
    "url" : "http://hl7.org/fhir/StructureDefinition/structuredefinition-standards-status",
    "valueCode" : "trial-use"
  },
  {
    "url" : "http://hl7.org/fhir/StructureDefinition/structuredefinition-fmm",
    "valueInteger" : 0
  }],
  "url" : "http://hl7.org/fhir/research-study-party-role",
  "identifier" : [{
    "system" : "urn:ietf:rfc:3986",
    "value" : "urn:oid:2.16.840.1.113883.4.642.4.1968"
  }],
  "version" : "0.2.0",
  "name" : "ResearchStudyPartyRole",
  "title" : "Research Study Party Role",
  "status" : "active",
  "experimental" : false,
  "date" : "2025-07-21T16:00:02+00:00",
  "publisher" : "NCPI FHIR Working Group",
  "contact" : [{
    "name" : "NCPI FHIR Working Group",
    "telecom" : [{
      "system" : "url",
      "value" : "http://example.org/example-publisher"
    },
    {
      "system" : "email",
      "value" : "ncpi-fhir-ig@googlegroups.com"
    }]
  }],
  "description" : "This is a ResearchStudy's party role.",
  "caseSensitive" : true,
  "content" : "complete",
  "count" : 12,
  "concept" : [{
    "code" : "sponsor",
    "display" : "sponsor",
    "definition" : "sponsor"
  },
  {
    "code" : "lead-sponsor",
    "display" : "lead-sponsor",
    "definition" : "lead-sponsor"
  },
  {
    "code" : "sponsor-investigator",
    "display" : "sponsor-investigator",
    "definition" : "sponsor-investigator"
  },
  {
    "code" : "primary-investigator",
    "display" : "primary-investigator",
    "definition" : "primary-investigator"
  },
  {
    "code" : "collaborator",
    "display" : "collaborator",
    "definition" : "collaborator"
  },
  {
    "code" : "funding-source",
    "display" : "funding-source",
    "definition" : "funding-source"
  },
  {
    "code" : "general-contact",
    "display" : "general-contact",
    "definition" : "general-contact"
  },
  {
    "code" : "recruitment-contact",
    "display" : "recruitment-contact",
    "definition" : "recruitment-contact"
  },
  {
    "code" : "sub-investigator",
    "display" : "sub-investigator",
    "definition" : "sub-investigator"
  },
  {
    "code" : "study-director",
    "display" : "study-director",
    "definition" : "study-director"
  },
  {
    "code" : "study-chair",
    "display" : "study-chair",
    "definition" : "study-chair"
  },
  {
    "code" : "irb",
    "display" : "Institutional Review Board"
  }]
}