<?xml version="1.0" encoding="UTF-8"?>

<CodeSystem xmlns="http://hl7.org/fhir">
  <id value="research-data-access-code"/>
  <text>
    <status value="generated"/><div xmlns="http://www.w3.org/1999/xhtml"><p class="res-header-id"><b>Generated Narrative: CodeSystem research-data-access-code</b></p><a name="research-data-access-code"> </a><a name="hcresearch-data-access-code"> </a><p>This case-sensitive code system <code>https://nih-ncpi.github.io/ncpi-fhir-ig-2/CodeSystem/research-data-access-code</code> defines the following codes:</p><table class="codes"><tr><td style="white-space:nowrap"><b>Code</b></td><td><b>Display</b></td></tr><tr><td style="white-space:nowrap">GRU<a name="research-data-access-code-GRU"> </a></td><td>General Research Use</td></tr><tr><td style="white-space:nowrap">HMB<a name="research-data-access-code-HMB"> </a></td><td>Health/Medical/Biomedical</td></tr><tr><td style="white-space:nowrap">DS<a name="research-data-access-code-DS"> </a></td><td>Disease-Specific (Disease/Trait/Exposure)</td></tr><tr><td style="white-space:nowrap">IRB<a name="research-data-access-code-IRB"> </a></td><td>IRB approval required</td></tr><tr><td style="white-space:nowrap">PUB<a name="research-data-access-code-PUB"> </a></td><td>Publication required</td></tr><tr><td style="white-space:nowrap">COL<a name="research-data-access-code-COL"> </a></td><td>Collaboration Required</td></tr><tr><td style="white-space:nowrap">NPU<a name="research-data-access-code-NPU"> </a></td><td>Not-for-profit use only</td></tr><tr><td style="white-space:nowrap">MDS<a name="research-data-access-code-MDS"> </a></td><td>Methods</td></tr><tr><td style="white-space:nowrap">GSO<a name="research-data-access-code-GSO"> </a></td><td>Genetic studies only</td></tr><tr><td style="white-space:nowrap">GSR<a name="research-data-access-code-GSR"> </a></td><td>Genomic Summary Results</td></tr></table></div>
  </text>
  <url value="https://nih-ncpi.github.io/ncpi-fhir-ig-2/CodeSystem/research-data-access-code"/>
  <version value="0.2.0"/>
  <name value="ResearchDataAccessCode"/>
  <title value="Research Data Access Codes"/>
  <status value="active"/>
  <experimental value="false"/>
  <date value="2025-07-21T16:06:27+00:00"/>
  <publisher value="NCPI FHIR Working Group"/>
  <contact>
    <name value="NCPI FHIR Working Group"/>
    <telecom>
      <system value="url"/>
      <value value="http://example.org/example-publisher"/>
    </telecom>
    <telecom>
      <system value="email"/>
      <value value="ncpi-fhir-ig@googlegroups.com"/>
    </telecom>
  </contact>
  <description value="Enumerated list of access codes such as dbGaP consent codes among others."/>
  <caseSensitive value="true"/>
  <content value="complete"/>
  <count value="10"/>
  <concept>
    <code value="GRU"/>
    <display value="General Research Use"/>
  </concept>
  <concept>
    <code value="HMB"/>
    <display value="Health/Medical/Biomedical"/>
  </concept>
  <concept>
    <code value="DS"/>
    <display value="Disease-Specific (Disease/Trait/Exposure)"/>
  </concept>
  <concept>
    <code value="IRB"/>
    <display value="IRB approval required"/>
  </concept>
  <concept>
    <code value="PUB"/>
    <display value="Publication required"/>
  </concept>
  <concept>
    <code value="COL"/>
    <display value="Collaboration Required"/>
  </concept>
  <concept>
    <code value="NPU"/>
    <display value="Not-for-profit use only"/>
  </concept>
  <concept>
    <code value="MDS"/>
    <display value="Methods"/>
  </concept>
  <concept>
    <code value="GSO"/>
    <display value="Genetic studies only"/>
  </concept>
  <concept>
    <code value="GSR"/>
    <display value="Genomic Summary Results"/>
  </concept>
</CodeSystem>