{
  "resourceType" : "CodeSystem",
  "id" : "ncpi-family-types",
  "text" : {
    "status" : "generated",
    "div" : "<div xmlns=\"http://www.w3.org/1999/xhtml\"><p class=\"res-header-id\"><b>Generated Narrative: CodeSystem ncpi-family-types</b></p><a name=\"ncpi-family-types\"> </a><a name=\"hcncpi-family-types\"> </a><a name=\"ncpi-family-types-en-US\"> </a><p>This  code system <code>https://nih-ncpi.github.io/ncpi-fhir-ig-2/CodeSystem/ncpi-family-types</code> provides <b>a fragment</b> that includes following codes:</p><table class=\"codes\"><tr><td style=\"white-space:nowrap\"><b>Code</b></td><td><b>Display</b></td></tr><tr><td style=\"white-space:nowrap\">Control-only<a name=\"ncpi-family-types-Control-only\"> </a></td><td>Control Only</td></tr><tr><td style=\"white-space:nowrap\">Duo<a name=\"ncpi-family-types-Duo\"> </a></td><td>Duo</td></tr><tr><td style=\"white-space:nowrap\">Other<a name=\"ncpi-family-types-Other\"> </a></td><td>Other</td></tr><tr><td style=\"white-space:nowrap\">Proband-only<a name=\"ncpi-family-types-Proband-only\"> </a></td><td>Proband Only</td></tr><tr><td style=\"white-space:nowrap\">Trio<a name=\"ncpi-family-types-Trio\"> </a></td><td>Trio</td></tr><tr><td style=\"white-space:nowrap\">Trio+<a name=\"ncpi-family-types-Trio.43\"> </a></td><td>Trio+</td></tr></table></div>"
  },
  "url" : "https://nih-ncpi.github.io/ncpi-fhir-ig-2/CodeSystem/ncpi-family-types",
  "version" : "0.1.0",
  "name" : "NcpiFamilyTypes",
  "title" : "NCPI Family Types CodeSystem",
  "status" : "active",
  "experimental" : false,
  "date" : "2025-03-24T15:08:47+00:00",
  "publisher" : "NCPI FHIR Working Group",
  "contact" : [{
    "name" : "NCPI FHIR Working Group",
    "telecom" : [{
      "system" : "url",
      "value" : "http://example.org/example-publisher"
    },
    {
      "system" : "email",
      "value" : "ncpi-fhir-ig@googlegroups.com"
    }]
  }],
  "description" : "CodeSystem for Types of Families",
  "content" : "fragment",
  "concept" : [{
    "code" : "Control-only",
    "display" : "Control Only"
  },
  {
    "code" : "Duo",
    "display" : "Duo"
  },
  {
    "code" : "Other",
    "display" : "Other"
  },
  {
    "code" : "Proband-only",
    "display" : "Proband Only"
  },
  {
    "code" : "Trio",
    "display" : "Trio"
  },
  {
    "code" : "Trio+",
    "display" : "Trio+"
  }]
}