<?xml version="1.0" encoding="UTF-8"?>

<CodeSystem xmlns="http://hl7.org/fhir">
  <id value="ncpi-family-types"/>
  <text>
    <status value="generated"/><div xmlns="http://www.w3.org/1999/xhtml"><p class="res-header-id"><b>Generated Narrative: CodeSystem ncpi-family-types</b></p><a name="ncpi-family-types"> </a><a name="hcncpi-family-types"> </a><a name="ncpi-family-types-en-US"> </a><p>This  code system <code>https://nih-ncpi.github.io/ncpi-fhir-ig-2/CodeSystem/ncpi-family-types</code> provides <b>a fragment</b> that includes following codes:</p><table class="codes"><tr><td style="white-space:nowrap"><b>Code</b></td><td><b>Display</b></td></tr><tr><td style="white-space:nowrap">Control-only<a name="ncpi-family-types-Control-only"> </a></td><td>Control Only</td></tr><tr><td style="white-space:nowrap">Duo<a name="ncpi-family-types-Duo"> </a></td><td>Duo</td></tr><tr><td style="white-space:nowrap">Other<a name="ncpi-family-types-Other"> </a></td><td>Other</td></tr><tr><td style="white-space:nowrap">Proband-only<a name="ncpi-family-types-Proband-only"> </a></td><td>Proband Only</td></tr><tr><td style="white-space:nowrap">Trio<a name="ncpi-family-types-Trio"> </a></td><td>Trio</td></tr><tr><td style="white-space:nowrap">Trio+<a name="ncpi-family-types-Trio.43"> </a></td><td>Trio+</td></tr></table></div>
  </text>
  <url value="https://nih-ncpi.github.io/ncpi-fhir-ig-2/CodeSystem/ncpi-family-types"/>
  <version value="0.1.0"/>
  <name value="NcpiFamilyTypes"/>
  <title value="NCPI Family Types CodeSystem"/>
  <status value="active"/>
  <experimental value="false"/>
  <date value="2024-10-07T20:39:38+00:00"/>
  <publisher value="NCPI FHIR Working Group"/>
  <contact>
    <name value="NCPI FHIR Working Group"/>
    <telecom>
      <system value="url"/>
      <value value="http://example.org/example-publisher"/>
    </telecom>
    <telecom>
      <system value="email"/>
      <value value="ncpi-fhir-ig@googlegroups.com"/>
    </telecom>
  </contact>
  <description value="CodeSystem for Types of Families"/>
  <content value="fragment"/>
  <concept>
    <code value="Control-only"/>
    <display value="Control Only"/>
  </concept>
  <concept>
    <code value="Duo"/>
    <display value="Duo"/>
  </concept>
  <concept>
    <code value="Other"/>
    <display value="Other"/>
  </concept>
  <concept>
    <code value="Proband-only"/>
    <display value="Proband Only"/>
  </concept>
  <concept>
    <code value="Trio"/>
    <display value="Trio"/>
  </concept>
  <concept>
    <code value="Trio+"/>
    <display value="Trio+"/>
  </concept>
</CodeSystem>