<?xml version="1.0" encoding="UTF-8"?>

<CodeSystem xmlns="http://hl7.org/fhir">
  <id value="biospecimen-availability"/>
  <text>
    <status value="generated"/><div xmlns="http://www.w3.org/1999/xhtml"><p class="res-header-id"><b>Generated Narrative: CodeSystem biospecimen-availability</b></p><a name="biospecimen-availability"> </a><a name="hcbiospecimen-availability"> </a><a name="biospecimen-availability-en-US"> </a><p>This  code system <code>https://nih-ncpi.github.io/ncpi-fhir-ig-2/CodeSystem/biospecimen-availability</code> defines the following codes:</p><table class="codes"><tr><td style="white-space:nowrap"><b>Code</b></td><td><b>Display</b></td></tr><tr><td style="white-space:nowrap">available<a name="biospecimen-availability-available"> </a></td><td>Available</td></tr><tr><td style="white-space:nowrap">unavailable<a name="biospecimen-availability-unavailable"> </a></td><td>Unavailable</td></tr></table></div>
  </text>
  <url value="https://nih-ncpi.github.io/ncpi-fhir-ig-2/CodeSystem/biospecimen-availability"/>
  <version value="0.2.0"/>
  <name value="BiospecimenAvailability"/>
  <title value="Sample availability for Sample and Aliquot modules"/>
  <status value="draft"/>
  <date value="2025-05-21T14:22:51+00:00"/>
  <publisher value="NCPI FHIR Working Group"/>
  <contact>
    <name value="NCPI FHIR Working Group"/>
    <telecom>
      <system value="url"/>
      <value value="http://example.org/example-publisher"/>
    </telecom>
    <telecom>
      <system value="email"/>
      <value value="ncpi-fhir-ig@googlegroups.com"/>
    </telecom>
  </contact>
  <description value="Sample availability for Sample and Aliquot modules"/>
  <content value="complete"/>
  <count value="2"/>
  <concept>
    <code value="available"/>
    <display value="Available"/>
  </concept>
  <concept>
    <code value="unavailable"/>
    <display value="Unavailable"/>
  </concept>
</CodeSystem>