{
  "resourceType" : "Consent",
  "id" : "hmb-irb-npu-consent",
  "meta" : {
    "profile" : ["https://nih-ncpi.github.io/ncpi-fhir-ig-2/StructureDefinition/ncpi-research-access-policy"]
  },
  "text" : {
    "status" : "generated",
    "div" : "<div xmlns=\"http://www.w3.org/1999/xhtml\"><p class=\"res-header-id\"><b>Generated Narrative: Consent hmb-irb-npu-consent</b></p><a name=\"hmb-irb-npu-consent\"> </a><a name=\"hchmb-irb-npu-consent\"> </a><a name=\"hchmb-irb-npu-consent-en-US\"> </a><p><b>status</b>: Pending</p><p><b>scope</b>: <span title=\"Codes:{http://terminology.hl7.org/CodeSystem/consentscope research}\">Research</span></p><p><b>category</b>: <span title=\"Codes:{http://terminology.hl7.org/CodeSystem/consentcategorycodes research}\">Research Information Access</span></p><p><b>policyRule</b>: <span title=\"Codes:{http://terminology.hl7.org/CodeSystem/consentpolicycodes cric}\">Common Rule Informed Consent</span></p><blockquote><p><b>provision</b></p><p><b>type</b>: Opt In</p><p><b>purpose</b>: <a href=\"CodeSystem-research-data-access-code.html#research-data-access-code-HMB\">Research Data Access Codes</a> HMB: Health/Medical/Biomedical, <a href=\"CodeSystem-research-data-access-code.html#research-data-access-code-IRB\">Research Data Access Codes</a> IRB: IRB approval required, <a href=\"CodeSystem-research-data-access-code.html#research-data-access-code-NPU\">Research Data Access Codes</a> NPU: Not-for-profit use only</p></blockquote></div>"
  },
  "extension" : [{
    "url" : "https://nih-ncpi.github.io/ncpi-fhir-ig-2/StructureDefinition/access-type",
    "valueCodeableConcept" : {
      "coding" : [{
        "system" : "https://nih-ncpi.github.io/ncpi-fhir-ig-2/CodeSystem/research-data-access-type",
        "code" : "controlled"
      }]
    }
  },
  {
    "url" : "https://nih-ncpi.github.io/ncpi-fhir-ig-2/StructureDefinition/access-policy-description",
    "valueMarkdown" : "Health/Medical/Biomedical, IRB Approval Required, Not for profit use"
  },
  {
    "url" : "https://nih-ncpi.github.io/ncpi-fhir-ig-2/StructureDefinition/research-web-Link",
    "valueUrl" : "https://dbgap.ncbi.nlm.nih.gov/aa/wga.cgi?page=DUC&view_pdf&stacc=phs000711.v7.p2"
  }],
  "status" : "draft",
  "scope" : {
    "coding" : [{
      "system" : "http://terminology.hl7.org/CodeSystem/consentscope",
      "code" : "research"
    }]
  },
  "category" : [{
    "coding" : [{
      "system" : "http://terminology.hl7.org/CodeSystem/consentcategorycodes",
      "code" : "research",
      "display" : "Research Information Access"
    }]
  }],
  "policyRule" : {
    "coding" : [{
      "system" : "http://terminology.hl7.org/CodeSystem/consentpolicycodes",
      "code" : "cric"
    }]
  },
  "provision" : {
    "type" : "permit",
    "purpose" : [{
      "system" : "https://nih-ncpi.github.io/ncpi-fhir-ig-2/CodeSystem/research-data-access-code",
      "code" : "HMB",
      "display" : "Health/Medical/Biomedical"
    },
    {
      "system" : "https://nih-ncpi.github.io/ncpi-fhir-ig-2/CodeSystem/research-data-access-code",
      "code" : "IRB",
      "display" : "IRB approval required"
    },
    {
      "system" : "https://nih-ncpi.github.io/ncpi-fhir-ig-2/CodeSystem/research-data-access-code",
      "code" : "NPU",
      "display" : "Not-for-profit use only"
    }]
  }
}