{
  "resourceType" : "Consent",
  "id" : "kf-gru-dac-consent",
  "meta" : {
    "profile" : ["https://nih-ncpi.github.io/ncpi-fhir-ig-2/StructureDefinition/ncpi-research-access-policy"]
  },
  "text" : {
    "status" : "extensions",
    "div" : "<div xmlns=\"http://www.w3.org/1999/xhtml\"><p class=\"res-header-id\"><b>Generated Narrative: Consent kf-gru-dac-consent</b></p><a name=\"kf-gru-dac-consent\"> </a><a name=\"hckf-gru-dac-consent\"> </a><a name=\"kf-gru-dac-consent-en-US\"> </a><p><b>Access Policy Description</b>: </p><div><p>Use of the data is limited only by the terms of the model Data Use Certification.</p>\n</div><p><b>Research Web Link</b>: <a href=\"https://redcap.chop.edu/surveys/?s=A7M873HMN8\">https://redcap.chop.edu/surveys/?s=A7M873HMN8</a></p><p><b>Access Type</b>: <span title=\"Codes:{https://nih-ncpi.github.io/ncpi-fhir-ig-2/CodeSystem/research-data-access-type controlled}\">Controlled</span></p><p><b>status</b>: Pending</p><p><b>scope</b>: <span title=\"Codes:{http://terminology.hl7.org/CodeSystem/consentscope research}\">Research</span></p><p><b>category</b>: <span title=\"Codes:{http://terminology.hl7.org/CodeSystem/consentcategorycodes research}\">Research Information Access</span></p><p><b>policyRule</b>: <span title=\"Codes:{http://terminology.hl7.org/CodeSystem/consentpolicycodes cric}\">Common Rule Informed Consent</span></p><h3>Provisions</h3><table class=\"grid\"><tr><td style=\"display: none\">-</td><td><b>Type</b></td><td><b>Purpose</b></td></tr><tr><td style=\"display: none\">*</td><td>Opt In</td><td><a href=\"CodeSystem-research-data-access-code.html#research-data-access-code-GRU\">Research Data Access Codes GRU</a>: General Research Use</td></tr></table></div>"
  },
  "extension" : [{
    "url" : "https://nih-ncpi.github.io/ncpi-fhir-ig-2/StructureDefinition/access-policy-description",
    "valueMarkdown" : "Use of the data is limited only by the terms of the model Data Use Certification."
  },
  {
    "url" : "https://nih-ncpi.github.io/ncpi-fhir-ig-2/StructureDefinition/research-web-Link",
    "valueUrl" : "https://redcap.chop.edu/surveys/?s=A7M873HMN8"
  },
  {
    "url" : "https://nih-ncpi.github.io/ncpi-fhir-ig-2/StructureDefinition/access-type",
    "valueCodeableConcept" : {
      "coding" : [{
        "system" : "https://nih-ncpi.github.io/ncpi-fhir-ig-2/CodeSystem/research-data-access-type",
        "code" : "controlled"
      }]
    }
  }],
  "status" : "draft",
  "scope" : {
    "coding" : [{
      "system" : "http://terminology.hl7.org/CodeSystem/consentscope",
      "code" : "research"
    }]
  },
  "category" : [{
    "coding" : [{
      "system" : "http://terminology.hl7.org/CodeSystem/consentcategorycodes",
      "code" : "research",
      "display" : "Research Information Access"
    }]
  }],
  "policyRule" : {
    "coding" : [{
      "system" : "http://terminology.hl7.org/CodeSystem/consentpolicycodes",
      "code" : "cric"
    }]
  },
  "provision" : {
    "type" : "permit",
    "purpose" : [{
      "system" : "https://nih-ncpi.github.io/ncpi-fhir-ig-2/CodeSystem/research-data-access-code",
      "code" : "GRU",
      "display" : "General Research Use"
    }]
  }
}