<?xml version="1.0" encoding="UTF-8"?>

<Group xmlns="http://hl7.org/fhir">
  <id value="cbtn-family-role-mother"/>
  <meta>
    <profile value="https://nih-ncpi.github.io/ncpi-fhir-ig-2/StructureDefinition/ncpi-family-role"/>
  </meta>
  <text>
    <status value="generated"/><div xmlns="http://www.w3.org/1999/xhtml"><p class="res-header-id"><b>Generated Narrative: Group cbtn-family-role-mother</b></p><a name="cbtn-family-role-mother"> </a><a name="hccbtn-family-role-mother"> </a><a name="cbtn-family-role-mother-en-US"> </a><p><b>type</b>: Person</p><p><b>actual</b>: true</p><h3>Members</h3><table class="grid"><tr><td style="display: none">-</td><td><b>Entity</b></td></tr><tr><td style="display: none">*</td><td><a href="Patient-PT-KZG2CZ95.html">Anonymous Patient (no stated gender), DoB:  ( https://cbtn.org/#C21156)</a></td></tr></table></div>
  </text>
  <extension url="https://nih-ncpi.github.io/ncpi-fhir-ig-2/StructureDefinition/study-family">
    <valueReference>
      <reference value="Group/cbtn-study-family"/>
    </valueReference>
  </extension>
  <extension url="https://nih-ncpi.github.io/ncpi-fhir-ig-2/StructureDefinition/family-role">
    <valueCodeableConcept>
      <coding>
        <system value="http://terminology.hl7.org/CodeSystem/v3-RoleCode"/>
        <code value="MTH"/>
        <display value="mother"/>
      </coding>
    </valueCodeableConcept>
  </extension>
  <type value="person"/>
  <actual value="true"/>
  <member>
    <entity>
      <reference value="Patient/PT-KZG2CZ95"/>
    </entity>
  </member>
</Group>