{
  "resourceType" : "Group",
  "id" : "cmg-research-study-bhcmg-consent-group-hmb-npu",
  "meta" : {
    "profile" : ["https://nih-ncpi.github.io/ncpi-fhir-ig-2/StructureDefinition/research-study-group"]
  },
  "text" : {
    "status" : "generated",
    "div" : "<div xmlns=\"http://www.w3.org/1999/xhtml\"><p class=\"res-header-id\"><b>Generated Narrative: Group cmg-research-study-bhcmg-consent-group-hmb-npu</b></p><a name=\"cmg-research-study-bhcmg-consent-group-hmb-npu\"> </a><a name=\"hccmg-research-study-bhcmg-consent-group-hmb-npu\"> </a><a name=\"hccmg-research-study-bhcmg-consent-group-hmb-npu-en-US\"> </a><p><b>identifier</b>: <code>http://mendelian.org/fhir/Group</code>/HMB-NPU-Participants</p><p><b>type</b>: Person</p><p><b>actual</b>: true</p><p><b>name</b>: BM-CMG Study HMB-NPU Participants</p><p><b>quantity</b>: 1665</p></div>"
  },
  "identifier" : [{
    "system" : "http://mendelian.org/fhir/Group",
    "value" : "HMB-NPU-Participants"
  }],
  "type" : "person",
  "actual" : true,
  "name" : "BM-CMG Study HMB-NPU Participants",
  "quantity" : 1665
}