<?xml version="1.0" encoding="UTF-8"?>

<Observation xmlns="http://hl7.org/fhir">
  <id value="FASTQ-example"/>
  <meta>
    <profile value="https://nih-ncpi.github.io/ncpi-fhir-ig-2/StructureDefinition/ncpi-fastq"/>
  </meta>
  <text>
    <status value="generated"/><div xmlns="http://www.w3.org/1999/xhtml"><p class="res-header-id"><b>Generated Narrative: Observation FASTQ-example</b></p><a name="FASTQ-example"> </a><a name="hcFASTQ-example"> </a><div style="display: inline-block; background-color: #d9e0e7; padding: 6px; margin: 4px; border: 1px solid #8da1b4; border-radius: 5px; line-height: 60%"><p style="margin-bottom: 0px"/><p style="margin-bottom: 0px">Profile: <a href="StructureDefinition-ncpi-fastq.html">NCPI FASTQ File</a></p></div><p><b>status</b>: Final</p><p><b>code</b>: <span title="Codes:{http://edamontology.org format_1930}">format_1930</span></p><p><b>focus</b>: <a href="DocumentReference-GF-6BAD9S7D.html">DocumentReference: extension = V1,VCF,1044770380 bytes,; identifier = GF-6BAD9S7D; status = current; type = Variant calling; description = Annotated Variant Call</a></p><p><b>specimen</b>: <a href="Specimen-SA-000.html">Specimen: identifier = SA_RV52EY7S; type = </a></p><blockquote><p><b>component</b></p><p><b>code</b>: <span title="Codes:{https://nih-ncpi.github.io/ncpi-fhir-ig-2/CodeSystem/metadata-elements AssayStrategy}">Assay strategy</span></p><p><b>value</b>: <span title="Codes:{http://purl.obolibrary.org/obo/obi.owl 0002117}">whole genome sequencing assay</span></p></blockquote><blockquote><p><b>component</b></p><p><b>code</b>: <span title="Codes:{https://nih-ncpi.github.io/ncpi-fhir-ig-2/CodeSystem/metadata-elements PlatformInstrument}">Platform instrument</span></p><p><b>value</b>: <span title="Codes:{http://purl.obolibrary.org/obo/obi.owl 0002001}">Illumina HiSeq 2000</span></p></blockquote><blockquote><p><b>component</b></p><p><b>code</b>: <span title="Codes:{https://nih-ncpi.github.io/ncpi-fhir-ig-2/CodeSystem/metadata-elements LibraryPrep}">Library preparation</span></p><p><b>value</b>: <span title="Codes:">polyA</span></p></blockquote><blockquote><p><b>component</b></p><p><b>code</b>: <span title="Codes:{https://nih-ncpi.github.io/ncpi-fhir-ig-2/CodeSystem/metadata-elements LibrarySelection}">Library selection</span></p><p><b>value</b>: <span title="Codes:">PolyTEnrichment</span></p></blockquote><blockquote><p><b>component</b></p><p><b>code</b>: <span title="Codes:{https://nih-ncpi.github.io/ncpi-fhir-ig-2/CodeSystem/metadata-elements Strandedness}">Strandedness</span></p><p><b>value</b>: <span title="Codes:">unstranded</span></p></blockquote><blockquote><p><b>component</b></p><p><b>code</b>: <span title="Codes:{https://nih-ncpi.github.io/ncpi-fhir-ig-2/CodeSystem/metadata-elements IsPairedEnd}">Is paired end</span></p><p><b>value</b>: false</p></blockquote><blockquote><p><b>component</b></p><p><b>code</b>: <span title="Codes:{https://nih-ncpi.github.io/ncpi-fhir-ig-2/CodeSystem/metadata-elements AdaptorTrimmed}">Adaptor trimmed</span></p><p><b>value</b>: true</p></blockquote></div>
  </text>
  <status value="final"/>
  <code>
    <coding>
      <system value="http://edamontology.org"/>
      <code value="format_1930"/>
    </coding>
  </code>
  <focus>
    <reference value="DocumentReference/GF-6BAD9S7D"/>
  </focus>
  <specimen>
    <reference value="Specimen/SA-000"/>
  </specimen>
  <component>
    <code>
      <coding>
        <system value="https://nih-ncpi.github.io/ncpi-fhir-ig-2/CodeSystem/metadata-elements"/>
        <code value="AssayStrategy"/>
      </coding>
    </code>
    <valueCodeableConcept>
      <coding>
        <system value="http://purl.obolibrary.org/obo/obi.owl"/>
        <code value="0002117"/>
        <display value="whole genome sequencing assay"/>
      </coding>
    </valueCodeableConcept>
  </component>
  <component>
    <code>
      <coding>
        <system value="https://nih-ncpi.github.io/ncpi-fhir-ig-2/CodeSystem/metadata-elements"/>
        <code value="PlatformInstrument"/>
      </coding>
    </code>
    <valueCodeableConcept>
      <coding>
        <system value="http://purl.obolibrary.org/obo/obi.owl"/>
        <code value="0002001"/>
        <display value="Illumina HiSeq 2000"/>
      </coding>
    </valueCodeableConcept>
  </component>
  <component>
    <code>
      <coding>
        <system value="https://nih-ncpi.github.io/ncpi-fhir-ig-2/CodeSystem/metadata-elements"/>
        <code value="LibraryPrep"/>
      </coding>
    </code>
    <valueCodeableConcept>
      <coding>
        <code value="polyA"/>
      </coding>
    </valueCodeableConcept>
  </component>
  <component>
    <code>
      <coding>
        <system value="https://nih-ncpi.github.io/ncpi-fhir-ig-2/CodeSystem/metadata-elements"/>
        <code value="LibrarySelection"/>
      </coding>
    </code>
    <valueCodeableConcept>
      <coding>
        <code value="PolyTEnrichment"/>
      </coding>
    </valueCodeableConcept>
  </component>
  <component>
    <code>
      <coding>
        <system value="https://nih-ncpi.github.io/ncpi-fhir-ig-2/CodeSystem/metadata-elements"/>
        <code value="Strandedness"/>
      </coding>
    </code>
    <valueCodeableConcept>
      <coding>
        <code value="unstranded"/>
      </coding>
    </valueCodeableConcept>
  </component>
  <component>
    <code>
      <coding>
        <system value="https://nih-ncpi.github.io/ncpi-fhir-ig-2/CodeSystem/metadata-elements"/>
        <code value="IsPairedEnd"/>
      </coding>
    </code>
    <valueBoolean value="false"/>
  </component>
  <component>
    <code>
      <coding>
        <system value="https://nih-ncpi.github.io/ncpi-fhir-ig-2/CodeSystem/metadata-elements"/>
        <code value="AdaptorTrimmed"/>
      </coding>
    </code>
    <valueBoolean value="true"/>
  </component>
</Observation>