{
  "resourceType" : "Observation",
  "id" : "cbtn-family-relationship-mother",
  "meta" : {
    "profile" : ["https://nih-ncpi.github.io/ncpi-fhir-ig-2/StructureDefinition/ncpi-family-relationship"]
  },
  "text" : {
    "status" : "generated",
    "div" : "<div xmlns=\"http://www.w3.org/1999/xhtml\"><p class=\"res-header-id\"><b>Generated Narrative: Observation cbtn-family-relationship-mother</b></p><a name=\"cbtn-family-relationship-mother\"> </a><a name=\"hccbtn-family-relationship-mother\"> </a><a name=\"cbtn-family-relationship-mother-en-US\"> </a><p><b>status</b>: Registered</p><p><b>code</b>: <span title=\"Codes:{http://terminology.hl7.org/CodeSystem/v3-RoleCode MTH}\">mother</span></p><p><b>subject</b>: <a href=\"PT-KZG2CZ95\">PT-KZG2CZ95</a></p><p><b>focus</b>: <a href=\"PT-005B7CZ4\">PT-005B7CZ4</a></p></div>"
  },
  "status" : "registered",
  "code" : {
    "coding" : [{
      "system" : "http://terminology.hl7.org/CodeSystem/v3-RoleCode",
      "code" : "MTH",
      "display" : "mother"
    }]
  },
  "subject" : {
    "reference" : "PT-KZG2CZ95"
  },
  "focus" : [{
    "reference" : "PT-005B7CZ4"
  }]
}