{
  "resourceType" : "Observation",
  "id" : "gregor-family-relationship-mother",
  "meta" : {
    "profile" : ["https://nih-ncpi.github.io/ncpi-fhir-ig-2/StructureDefinition/ncpi-family-relationship"]
  },
  "text" : {
    "status" : "generated",
    "div" : "<div xmlns=\"http://www.w3.org/1999/xhtml\"><p class=\"res-header-id\"><b>Generated Narrative: Observation gregor-family-relationship-mother</b></p><a name=\"gregor-family-relationship-mother\"> </a><a name=\"hcgregor-family-relationship-mother\"> </a><a name=\"gregor-family-relationship-mother-en-US\"> </a><p><b>status</b>: Registered</p><p><b>code</b>: <span title=\"Codes:{http://terminology.hl7.org/CodeSystem/v3-RoleCode CHILD}\">child</span></p><p><b>subject</b>: <a href=\"Patient-GSS123456.html\">Anonymous Patient (no stated gender), DoB Unknown ( https://anvil.terra.bio/#GSS123456)</a></p><p><b>focus</b>: <a href=\"Patient-GSS654321.html\">Anonymous Patient (no stated gender), DoB Unknown ( https://anvil.terra.bio/#GSS654321)</a></p></div>"
  },
  "status" : "registered",
  "code" : {
    "coding" : [{
      "system" : "http://terminology.hl7.org/CodeSystem/v3-RoleCode",
      "code" : "CHILD",
      "display" : "child"
    }]
  },
  "subject" : {
    "reference" : "Patient/GSS123456"
  },
  "focus" : [{
    "reference" : "Patient/GSS654321"
  }]
}