<?xml version="1.0" encoding="UTF-8"?>

<Patient xmlns="http://hl7.org/fhir">
  <id value="p1"/>
  <meta>
    <profile value="https://nih-ncpi.github.io/ncpi-fhir-ig-2/StructureDefinition/ncpi-participant"/>
  </meta>
  <text>
    <status value="generated"/><div xmlns="http://www.w3.org/1999/xhtml"><p class="res-header-id"><b>Generated Narrative: Patient p1</b></p><a name="p1"> </a><a name="hcp1"> </a><div style="display: inline-block; background-color: #d9e0e7; padding: 6px; margin: 4px; border: 1px solid #8da1b4; border-radius: 5px; line-height: 60%"><p style="margin-bottom: 0px"/><p style="margin-bottom: 0px">Profile: <a href="StructureDefinition-ncpi-participant.html">NCPI Participant</a></p></div><p style="border: 1px #661aff solid; background-color: #e6e6ff; padding: 10px;">Anonymous Patient (no stated gender), DoB Unknown ( https://example.org/#patient-001)</p><hr/></div>
  </text>
  <identifier>
    <system value="https://example.org/"/>
    <value value="patient-001"/>
  </identifier>
</Patient>