<?xml version="1.0" encoding="UTF-8"?>

<PractitionerRole xmlns="http://hl7.org/fhir">
  <id value="kf-research-study-personnel-role-op-lead"/>
  <text>
    <status value="generated"/><div xmlns="http://www.w3.org/1999/xhtml"><p class="res-header-id"><b>Generated Narrative: PractitionerRole kf-research-study-personnel-role-op-lead</b></p><a name="kf-research-study-personnel-role-op-lead"> </a><a name="hckf-research-study-personnel-role-op-lead"> </a><a name="hckf-research-study-personnel-role-op-lead-en-US"> </a><p><b>organization</b>: <a href="Organization-kf-research-study-organization-chop.html">Organization Children's Hospital of Philadelphia</a></p><p><b>code</b>: <span title="Codes:{http://terminology.hl7.org/CodeSystem/practitioner-role ict}">ICT professional</span></p></div>
  </text>
  <organization>
    <reference value="Organization/kf-research-study-organization-chop"/>
  </organization>
  <code>
    <coding>
      <system value="http://terminology.hl7.org/CodeSystem/practitioner-role"/>
      <code value="ict"/>
    </coding>
  </code>
</PractitionerRole>