{
  "resourceType" : "PractitionerRole",
  "id" : "kf-research-study-personnel-role-pi-x01",
  "text" : {
    "status" : "generated",
    "div" : "<div xmlns=\"http://www.w3.org/1999/xhtml\"><p class=\"res-header-id\"><b>Generated Narrative: PractitionerRole kf-research-study-personnel-role-pi-x01</b></p><a name=\"kf-research-study-personnel-role-pi-x01\"> </a><a name=\"hckf-research-study-personnel-role-pi-x01\"> </a><p><b>organization</b>: <a href=\"Organization-kf-research-study-organization-chop.html\">Organization Children's Hospital of Philadelphia</a></p><p><b>code</b>: <span title=\"Codes:{http://terminology.hl7.org/CodeSystem/practitioner-role researcher}\">Researcher</span></p></div>"
  },
  "organization" : {
    "reference" : "Organization/kf-research-study-organization-chop"
  },
  "code" : [{
    "coding" : [{
      "system" : "http://terminology.hl7.org/CodeSystem/practitioner-role",
      "code" : "researcher"
    }]
  }]
}