{
  "resourceType" : "ResearchStudy",
  "id" : "kf-research-study-subject-gru-dbgap",
  "meta" : {
    "profile" : ["https://nih-ncpi.github.io/ncpi-fhir-ig-2/StructureDefinition/research-study-subject"]
  },
  "text" : {
    "status" : "extensions",
    "div" : "<div xmlns=\"http://www.w3.org/1999/xhtml\"><p class=\"res-header-id\"><b>Generated Narrative: ResearchStudy kf-research-study-subject-gru-dbgap</b></p><a name=\"kf-research-study-subject-gru-dbgap\"> </a><a name=\"hckf-research-study-subject-gru-dbgap\"> </a><a name=\"kf-research-study-subject-gru-dbgap-en-US\"> </a><p><b>Research Study Subject Consent</b>: <a href=\"Consent-kf-gru-dbgap-consent.html\">Consent: extension = Use of the data is limited only by the terms of the model Data Use Certification.,https://www.ncbi.nlm.nih.gov/projects/gap/cgi-bin/study.cgi?study_id=phs002517,Controlled; status = draft; scope = Research; category = Research Information Access; policyRule = Common Rule Informed Consent</a></p><p><b>identifier</b>: <code>https://cbtn.org/</code>/GRU-dbGaP</p><p><b>title</b>: GRU-dbGaP Study Subject</p><p><b>partOf</b>: <a href=\"ResearchStudy-kf-research-study-cbtn.html\">ResearchStudy Children's Brain Tumor Network (CBTN)</a></p><p><b>status</b>: Completed</p><p><b>description</b>: </p><div><p>General Research Use data access via dbGaP</p>\n</div><p><b>enrollment</b>: <a href=\"Group-kf-research-study-cbtn-participants.html\">Group Participants from the CBTN research study</a></p></div>"
  },
  "extension" : [{
    "url" : "https://nih-ncpi.github.io/ncpi-fhir-ig-2/StructureDefinition/research-study-subject-consent",
    "valueReference" : {
      "reference" : "Consent/kf-gru-dbgap-consent"
    }
  }],
  "identifier" : [{
    "system" : "https://cbtn.org/",
    "value" : "GRU-dbGaP"
  }],
  "title" : "GRU-dbGaP Study Subject",
  "partOf" : [{
    "reference" : "ResearchStudy/kf-research-study-cbtn"
  }],
  "status" : "completed",
  "description" : "General Research Use data access via dbGaP",
  "enrollment" : [{
    "reference" : "Group/kf-research-study-cbtn-participants"
  }]
}