<?xml version="1.0" encoding="UTF-8"?>

<ResearchStudy xmlns="http://hl7.org/fhir">
  <id value="kf-research-study-cbtn"/>
  <meta>
    <profile value="https://nih-ncpi.github.io/ncpi-fhir-ig-2/StructureDefinition/ncpi-research-study"/>
  </meta>
  <text>
    <status value="generated"/><div xmlns="http://www.w3.org/1999/xhtml"><p class="res-header-id"><b>Generated Narrative: ResearchStudy kf-research-study-cbtn</b></p><a name="kf-research-study-cbtn"> </a><a name="hckf-research-study-cbtn"> </a><a name="kf-research-study-cbtn-en-US"> </a><p><b>identifier</b>: SD_BHJXBDQK, <code>https://www.ncbi.nlm.nih.gov/projects/gap/cgi-bin/study.cgi?study_id=</code>/phs002517.v2.p2, CBTN, PBTA-CBTN</p><p><b>title</b>: Children's Brain Tumor Network (CBTN)</p><p><b>status</b>: Completed</p><p><b>focus</b>: <span title="Codes:{urn:oid:2.16.840.1.113883.6.177 D001932}, {urn:oid:2.16.840.1.113883.6.177 D010372}">Brain Neoplasms</span></p><h3>RelatedArtifacts</h3><table class="grid"><tr><td style="display: none">-</td><td><b>Type</b></td><td><b>Label</b></td><td><b>Display</b></td><td><b>Url</b></td></tr><tr><td style="display: none">*</td><td>Documentation</td><td>dbGaP Study Name</td><td>Childhood Cancer Data Initiative (CCDI): Molecular Characterization across Pediatric Brain Tumors and Other Solid and Hematologic Malignancies for Research, Diagnostic, and Precision Medicine</td><td> </td></tr><tr><td style="display: none">*</td><td>Documentation</td><td>Legacy Study Name</td><td>Pediatric Brain Tumor Atlas: CBTTC</td><td> </td></tr><tr><td style="display: none">*</td><td>Documentation</td><td>Website</td><td> </td><td><a href="https://cbtn.org/">https://cbtn.org/</a></td></tr><tr><td style="display: none">*</td><td>Documentation</td><td>enrollmentCriteria</td><td>Pediatric and AYA patients diagnosed with a central nervous system tumor, solid tumor, or hematologic malignancy.</td><td> </td></tr><tr><td style="display: none">*</td><td>Citation</td><td>Publication</td><td> </td><td><a href="https://cbtn.org/publications">https://cbtn.org/publications</a></td></tr></table><p><b>description</b>: </p><div><p>Brain tumors are the most common form of cancer in children aged 0-19 in the United States, and are the largest cause of cancer-related deaths. The estimated number of new cases in 2019 is nearly 3,800 and thus brain tumors are a rare disease. Despite their relative rarity, the years of potential life lost due to brain tumors in 2009 was estimated at 47,631 years for children and adolescents aged 0-19 in the United States; this is a disproportionate amount of life lost compared to adult cancers and represents an unrecognized societal threat. There is an urgent need to improve therapies for these children. Most of the high-grade glial and embryonal brain cancers still remain largely incurable despite decades of clinical and laboratory research. Existing non-targeted chemotherapies and radiation, while at times effective, often represent pyrrhic victories, leaving behind life-long health burdens and causing a significant risk of secondary malignancies. NIH funded pediatric brain tumor cohort-based genomic dataset generation efforts have lagged behind other histologies and have yet to be included as part of large-scale sequencing efforts. However, consortia-based initiatives like those supported by the Children's Brain Tumor Network (CBTN) have demonstrated the early potential for clinically annotated genomic cohorts and their utility and interest by both the pediatric cancer and structural birth defect community with more than 130 data access requests for a non-embargoed cohort of tumor/normal whole genomes and paired tumor RNAseq. Indeed more than one quarter of this 800-subject initial sequencing cohort were identified to have birth-defect-associated clinical annotations in their clinical records, however, to our knowledge limited to no trio-based genomics cohort studies exist for any one pediatric brain tumor histology. The project's proposed sequencing cohort defines the largest, clinically annotated pediatric brain tumor cohort study to date and seeks to define the intersection of germline and somatic underpinnings of pediatric brain tumors across a shared developmental context of cancer and structural birth defects.</p>
</div></div>
  </text>
  <extension url="https://nih-ncpi.github.io/ncpi-fhir-ig-2/StructureDefinition/research-study-acknowledgement">
    <valueMarkdown value="Please cite/reference the use of dbGaP data by including the dbGaP accession phs002517.v2.p2. Additionally, use the following statement to acknowledge the submitter(s) of this study:&#xA;&#xA;&#xA;The data from this study phs002517 was made available pre-publication without embargo to support rapid and collaborative research in pediatric cancer via the NCI's Cancer Research Data Commons (https://datacommons.cancer.gov). This availability is made possible with the support of NCI's Childhood Cancer Data Initiative (grant No. 3P30CA082103-21S9) and Gabriella Miller Kids First Pediatric Research Program (X01 CA267587). Initial data generation efforts and coordination costs were supported by a number of philanthropic and industry partners with further details at cbtn.org.&#xA;&#xA;&#xA;&#xA;Suggested Acknowledgement Statement for secondary users: The results analyzed and &lt;published or shown&gt; here are based in whole or in part analyzing the study phs002517 and were accessed from the NCI's Cancer Research Data Commons (https://datacommons.cancer.gov)."/>
  </extension>
  <extension url="https://nih-ncpi.github.io/ncpi-fhir-ig-2/StructureDefinition/research-study-associated-party">
    <extension url="name">
      <valueString value="Adam C. Resnick"/>
    </extension>
    <extension url="role">
      <valueCodeableConcept>
        <coding>
          <system value="http://hl7.org/fhir/research-study-party-role"/>
          <code value="primary-investigator"/>
        </coding>
      </valueCodeableConcept>
    </extension>
    <extension url="party">
      <valueReference>
        <reference value="PractitionerRole/kf-research-study-personnel-role-pi-x01"/>
      </valueReference>
    </extension>
  </extension>
  <extension url="https://nih-ncpi.github.io/ncpi-fhir-ig-2/StructureDefinition/research-study-associated-party">
    <extension url="name">
      <valueString value="Allison P. Heath"/>
    </extension>
    <extension url="role">
      <valueCodeableConcept>
        <coding>
          <system value="http://hl7.org/fhir/research-study-party-role"/>
          <code value="primary-investigator"/>
        </coding>
      </valueCodeableConcept>
    </extension>
    <extension url="party">
      <valueReference>
        <reference value="PractitionerRole/kf-research-study-personnel-role-pi"/>
      </valueReference>
    </extension>
  </extension>
  <extension url="https://nih-ncpi.github.io/ncpi-fhir-ig-2/StructureDefinition/research-study-associated-party">
    <extension url="name">
      <valueString value="Jennifer Mason"/>
    </extension>
  </extension>
  <extension url="https://nih-ncpi.github.io/ncpi-fhir-ig-2/StructureDefinition/research-study-associated-party">
    <extension url="role">
      <valueCodeableConcept>
        <coding>
          <system value="http://hl7.org/fhir/research-study-party-role"/>
          <code value="study-director"/>
        </coding>
      </valueCodeableConcept>
    </extension>
    <extension url="party">
      <valueReference>
        <reference value="PractitionerRole/kf-research-study-personnel-role-op-lead"/>
      </valueReference>
    </extension>
    <extension url="name"/>
  </extension>
  <identifier>
    <value value="SD_BHJXBDQK"/>
  </identifier>
  <identifier>
    <system value="https://www.ncbi.nlm.nih.gov/projects/gap/cgi-bin/study.cgi?study_id="/>
    <value value="phs002517.v2.p2"/>
  </identifier>
  <identifier>
    <value value="CBTN"/>
  </identifier>
  <identifier>
    <value value="PBTA-CBTN"/>
  </identifier>
  <title value="Children's Brain Tumor Network (CBTN)"/>
  <status value="completed"/>
  <focus>
    <coding>
      <system value="urn:oid:2.16.840.1.113883.6.177"/>
      <code value="D001932"/>
      <display value="Brain Neoplasms"/>
    </coding>
    <coding>
      <system value="urn:oid:2.16.840.1.113883.6.177"/>
      <code value="D010372"/>
      <display value="Pediatrics"/>
    </coding>
  </focus>
  <relatedArtifact>
    <type value="documentation"/>
    <label value="dbGaP Study Name"/>
    <display value="Childhood Cancer Data Initiative (CCDI): Molecular Characterization across Pediatric Brain Tumors and Other Solid and Hematologic Malignancies for Research, Diagnostic, and Precision Medicine"/>
  </relatedArtifact>
  <relatedArtifact>
    <type value="documentation"/>
    <label value="Legacy Study Name"/>
    <display value="Pediatric Brain Tumor Atlas: CBTTC"/>
  </relatedArtifact>
  <relatedArtifact>
    <type value="documentation"/>
    <label value="Website"/>
    <url value="https://cbtn.org/"/>
  </relatedArtifact>
  <relatedArtifact>
    <type value="documentation"/>
    <label value="enrollmentCriteria"/>
    <display value="Pediatric and AYA patients diagnosed with a central nervous system tumor, solid tumor, or hematologic malignancy."/>
  </relatedArtifact>
  <relatedArtifact>
    <type value="citation"/>
    <label value="Publication"/>
    <url value="https://cbtn.org/publications"/>
  </relatedArtifact>
  <description value="Brain tumors are the most common form of cancer in children aged 0-19 in the United States, and are the largest cause of cancer-related deaths. The estimated number of new cases in 2019 is nearly 3,800 and thus brain tumors are a rare disease. Despite their relative rarity, the years of potential life lost due to brain tumors in 2009 was estimated at 47,631 years for children and adolescents aged 0-19 in the United States; this is a disproportionate amount of life lost compared to adult cancers and represents an unrecognized societal threat. There is an urgent need to improve therapies for these children. Most of the high-grade glial and embryonal brain cancers still remain largely incurable despite decades of clinical and laboratory research. Existing non-targeted chemotherapies and radiation, while at times effective, often represent pyrrhic victories, leaving behind life-long health burdens and causing a significant risk of secondary malignancies. NIH funded pediatric brain tumor cohort-based genomic dataset generation efforts have lagged behind other histologies and have yet to be included as part of large-scale sequencing efforts. However, consortia-based initiatives like those supported by the Children's Brain Tumor Network (CBTN) have demonstrated the early potential for clinically annotated genomic cohorts and their utility and interest by both the pediatric cancer and structural birth defect community with more than 130 data access requests for a non-embargoed cohort of tumor/normal whole genomes and paired tumor RNAseq. Indeed more than one quarter of this 800-subject initial sequencing cohort were identified to have birth-defect-associated clinical annotations in their clinical records, however, to our knowledge limited to no trio-based genomics cohort studies exist for any one pediatric brain tumor histology. The project's proposed sequencing cohort defines the largest, clinically annotated pediatric brain tumor cohort study to date and seeks to define the intersection of germline and somatic underpinnings of pediatric brain tumors across a shared developmental context of cancer and structural birth defects."/>
</ResearchStudy>