{
  "resourceType" : "ResearchStudy",
  "id" : "kf-research-study-subject-gru-dac",
  "meta" : {
    "profile" : ["https://nih-ncpi.github.io/ncpi-fhir-ig-2/StructureDefinition/research-study-subject"]
  },
  "text" : {
    "status" : "generated",
    "div" : "<div xmlns=\"http://www.w3.org/1999/xhtml\"><p class=\"res-header-id\"><b>Generated Narrative: ResearchStudy kf-research-study-subject-gru-dac</b></p><a name=\"kf-research-study-subject-gru-dac\"> </a><a name=\"hckf-research-study-subject-gru-dac\"> </a><a name=\"hckf-research-study-subject-gru-dac-en-US\"> </a><p><b>identifier</b>: <code>https://cbtn.org/</code>/GRU-DAC</p><p><b>title</b>: GRU-DAC Study Subject</p><p><b>partOf</b>: <a href=\"ResearchStudy-kf-research-study-cbtn.html\">ResearchStudy Children's Brain Tumor Network (CBTN)</a></p><p><b>status</b>: Completed</p><p><b>description</b>: </p><div><p>General Research Use data access via DAC</p>\n</div><p><b>enrollment</b>: <a href=\"Group-kf-research-study-cbtn-participants.html\">Group Participants from the CBTN research study</a></p></div>"
  },
  "extension" : [{
    "url" : "https://nih-ncpi.github.io/ncpi-fhir-ig-2/StructureDefinition/research-study-subject-consent",
    "valueReference" : {
      "reference" : "Consent/kf-gru-dac-consent"
    }
  }],
  "identifier" : [{
    "system" : "https://cbtn.org/",
    "value" : "GRU-DAC"
  }],
  "title" : "GRU-DAC Study Subject",
  "partOf" : [{
    "reference" : "ResearchStudy/kf-research-study-cbtn"
  }],
  "status" : "completed",
  "description" : "General Research Use data access via DAC",
  "enrollment" : [{
    "reference" : "Group/kf-research-study-cbtn-participants"
  }]
}