<?xml version="1.0" encoding="UTF-8"?>

<ResearchStudy xmlns="http://hl7.org/fhir">
  <id value="cmg-research-study-subject-cmg-hmb-npu"/>
  <meta>
    <profile value="https://nih-ncpi.github.io/ncpi-fhir-ig-2/StructureDefinition/research-study-subject"/>
  </meta>
  <text>
    <status value="generated"/><div xmlns="http://www.w3.org/1999/xhtml"><p class="res-header-id"><b>Generated Narrative: ResearchStudy cmg-research-study-subject-cmg-hmb-npu</b></p><a name="cmg-research-study-subject-cmg-hmb-npu"> </a><a name="hccmg-research-study-subject-cmg-hmb-npu"> </a><a name="hccmg-research-study-subject-cmg-hmb-npu-en-US"> </a><p><b>identifier</b>: <code>http://mendelian.org/fhir</code>/BH-CMG-HMB-NPU</p><p><b>title</b>: BH-CMG HMB-NPU Consent Study Subject</p><p><b>partOf</b>: <a href="ResearchStudy-cmg-research-study-bhcmg.html">ResearchStudy Baylor Hopkins Center for Mendelian Genomics (BH CMG)</a></p><p><b>status</b>: Completed</p><p><b>description</b>: </p><div><p>CMG Consent Group, Health/Medical/Biomedical + Not for profit use</p>
</div><p><b>enrollment</b>: <a href="Group-cmg-research-study-bhcmg-consent-group-hmb-npu.html">Group BM-CMG Study HMB-NPU Participants</a></p></div>
  </text>
  <extension url="https://nih-ncpi.github.io/ncpi-fhir-ig-2/StructureDefinition/research-study-subject-consent">
    <valueReference>
      <reference value="Consent/hmb-npu-consent"/>
    </valueReference>
  </extension>
  <identifier>
    <system value="http://mendelian.org/fhir"/>
    <value value="BH-CMG-HMB-NPU"/>
  </identifier>
  <title value="BH-CMG HMB-NPU Consent Study Subject"/>
  <partOf>
    <reference value="ResearchStudy/cmg-research-study-bhcmg"/>
  </partOf>
  <status value="completed"/>
  <description value="CMG Consent Group, Health/Medical/Biomedical + Not for profit use"/>
  <enrollment>
    <reference value="Group/cmg-research-study-bhcmg-consent-group-hmb-npu"/>
  </enrollment>
</ResearchStudy>