"Id","Path","Slice Name","Alias(s)","Label","Min","Max","Must Support?","Is Modifier?","Is Summary?","Type(s)","Short","Definition","Comments","Requirements","Default Value","Meaning When Missing","Fixed Value","Pattern","Example","Minimum Value","Maximum Value","Maximum Length","Binding Strength","Binding Description","Binding Value Set","Code","Slicing Discriminator","Slicing Description","Slicing Ordered","Slicing Rules","Base Path","Base Min","Base Max","Condition(s)","Constraint(s)"
"SharedDataModelBiospecimenCollection","SharedDataModelBiospecimenCollection","","","",0,*,"","","","null {[]} {[]}
","Shared Data Model for Biospecimen Collection","Shared Data Model for Biospecimen Collection","","","","","","","","","",,,,,"",,,,"Base",0,*,"",""
"SharedDataModelBiospecimenCollection.sampleGenerated","SharedDataModelBiospecimenCollection.sampleGenerated","","","",1,1,"","","","Extension {[CanonicalType[http://hl7.org/fhir/StructureDefinition/valueset-reference]]} {[]}
","Sample that was generated from this collection event","Sample that was generated from this collection event","","","","","","","","","",,,,,"",,,,"SharedDataModelBiospecimenCollection.sampleGenerated",1,1,"",""
"SharedDataModelBiospecimenCollection.participant","SharedDataModelBiospecimenCollection.participant","","","",1,1,"","","","Extension {[CanonicalType[http://hl7.org/fhir/StructureDefinition/valueset-reference]]} {[]}
","The participant from whom the biospecimen was taken","The participant from whom the biospecimen was taken","","","","","","","","","",,,,,"",,,,"SharedDataModelBiospecimenCollection.participant",1,1,"",""
"SharedDataModelBiospecimenCollection.ageAtCondition","SharedDataModelBiospecimenCollection.ageAtCondition","","","",0,1,"","","","Quantity {[]} {[]}
","The age at which this biospecimen was collected. Could be expressed with a term, an age, or an age range.","The age at which this biospecimen was collected. Could be expressed with a term, an age, or an age range.","","","","","","","","","",,,,,"",,,,"SharedDataModelBiospecimenCollection.ageAtCondition",0,1,"",""
"SharedDataModelBiospecimenCollection.method","SharedDataModelBiospecimenCollection.method","","","",0,1,"","","","code {[]} {[]}
","The approach used to collect the biospecimen","The approach used to collect the biospecimen","","","","","","","","","",,,,,"",,,,"SharedDataModelBiospecimenCollection.method",0,1,"",""
"SharedDataModelBiospecimenCollection.site","SharedDataModelBiospecimenCollection.site","","","",0,1,"","","","code {[]} {[]}
","The location of the specimen collection","The location of the specimen collection","","","","","","","","","",,,,,"",,,,"SharedDataModelBiospecimenCollection.site",0,1,"",""
"SharedDataModelBiospecimenCollection.spatial","SharedDataModelBiospecimenCollection.spatial","","","",0,1,"","","","code {[]} {[]}
","Any spatial/location qualifiers","Any spatial/location qualifiers","","","","","","","","","",,,,,"",,,,"SharedDataModelBiospecimenCollection.spatial",0,1,"",""
"SharedDataModelBiospecimenCollection.laterality","SharedDataModelBiospecimenCollection.laterality","","","",0,1,"","","","code {[]} {[]}
","Any spatial/location qualifiers","Any spatial/location qualifiers","","","","","","","","","",,,,,"",,,,"SharedDataModelBiospecimenCollection.laterality",0,1,"",""
