"Id","Path","Slice Name","Alias(s)","Label","Min","Max","Must Support?","Is Modifier?","Is Summary?","Type(s)","Short","Definition","Comments","Requirements","Default Value","Meaning When Missing","Fixed Value","Pattern","Example","Minimum Value","Maximum Value","Maximum Length","Binding Strength","Binding Description","Binding Value Set","Code","Slicing Discriminator","Slicing Description","Slicing Ordered","Slicing Rules","Base Path","Base Min","Base Max","Condition(s)","Constraint(s)"
"SharedDataModelFamilyRelationship","SharedDataModelFamilyRelationship","","","",0,*,"","","","null {[]} {[]}
","Shared Data Model for Family Relationship","The **Shared Data Model for Family Relationship**","","","","","","","","","",,,,,"",,,,"Base",0,*,"",""
"SharedDataModelFamilyRelationship.subject","SharedDataModelFamilyRelationship.subject","","","",1,1,"","","","Reference {[]} {[]}
","The participant we are describing","The participant we are describing","","","","","","","","","",,,,,"",,,,"SharedDataModelFamilyRelationship.subject",1,1,"",""
"SharedDataModelFamilyRelationship.target","SharedDataModelFamilyRelationship.target","","","",1,1,"","","","Reference {[]} {[]}
","The participant the subject has a relationship to, eg, 'Subject is Relationship to Target' or 'Subject is Mother of Target'","The participant the subject has a relationship to, eg, 'Subject is Relationship to Target' or 'Subject is Mother of Target'","","","","","","","","","",,,,,"",,,,"SharedDataModelFamilyRelationship.target",1,1,"",""
"SharedDataModelFamilyRelationship.relationship","SharedDataModelFamilyRelationship.relationship","","","",1,1,"","","","code {[]} {[]}
","The relationship between the subject and the target.","The relationship between the subject and the target.","","","","","","","","","",,,,,"",,,,"SharedDataModelFamilyRelationship.relationship",1,1,"",""
