<?xml version="1.0" encoding="UTF-8"?>

<ValueSet xmlns="http://hl7.org/fhir">
  <id value="research-data-date-of-birth-method-vs"/>
  <text>
    <status value="generated"/><div xmlns="http://www.w3.org/1999/xhtml"><p class="res-header-id"><b>Generated Narrative: ValueSet research-data-date-of-birth-method-vs</b></p><a name="research-data-date-of-birth-method-vs"> </a><a name="hcresearch-data-date-of-birth-method-vs"> </a><a name="research-data-date-of-birth-method-vs-en-US"> </a><ul><li>Include all codes defined in <a href="http://hl7.org/fhir/R4B/codesystem-title-type.html"><code>http://terminology.hl7.org/CodeSystem/title-type</code></a></li></ul></div>
  </text>
  <url value="https://nih-ncpi.github.io/ncpi-fhir-ig-2/ValueSet/research-data-date-of-birth-method-vs"/>
  <version value="0.1.0"/>
  <name value="ResearchDataDateOfBirthMethodVS"/>
  <title value="Enumerations for how DOB was constructed"/>
  <status value="draft"/>
  <date value="2024-10-08T12:54:01+00:00"/>
  <publisher value="NCPI FHIR Working Group"/>
  <contact>
    <name value="NCPI FHIR Working Group"/>
    <telecom>
      <system value="url"/>
      <value value="http://example.org/example-publisher"/>
    </telecom>
    <telecom>
      <system value="email"/>
      <value value="ncpi-fhir-ig@googlegroups.com"/>
    </telecom>
  </contact>
  <description value="Enumerations for how DOB was constructed"/>
  <compose>
    <include>
      <system value="http://terminology.hl7.org/CodeSystem/title-type"/>
    </include>
  </compose>
</ValueSet>