{
  "codeSystems" : [
    {
      "url" : "https://nih-ncpi.github.io/ncpi-fhir-ig-2/ValueSet/collection-type-vs",
      "version" : "0.1.0",
      "status" : "draft",
      "name" : "CollectionTypeVS",
      "title" : "Collection Type",
      "description" : "Enumerated list of Collection types",
      "systems" : [
        "https://nih-ncpi.github.io/ncpi-fhir-ig-2/CodeSystem/collection-type"
      ]
    },
    {
      "url" : "https://nih-ncpi.github.io/ncpi-fhir-ig-2/ValueSet/edam-ontology-terms",
      "version" : "0.1.0",
      "status" : "draft",
      "name" : "EDAMOntologyTerms",
      "title" : "Enumerations for the EDAM ontology",
      "description" : "Enumerations for the EDAM ontology",
      "systems" : ["http://edamontology.org"]
    },
    {
      "url" : "https://nih-ncpi.github.io/ncpi-fhir-ig-2/ValueSet/mesh-terms",
      "version" : "0.1.0",
      "status" : "draft",
      "name" : "MeshTerms",
      "title" : "MeSH Terms",
      "description" : "Example terms from Medical Subject Headings (MeSH) Ontology",
      "systems" : ["urn:oid:2.16.840.1.113883.6.177"]
    },
    {
      "url" : "https://nih-ncpi.github.io/ncpi-fhir-ig-2/ValueSet/research-data-access-code-vs",
      "version" : "0.1.0",
      "status" : "draft",
      "name" : "ResearchDataAccessCodeVS",
      "title" : "Research Data Access Codes",
      "description" : "Enumerated list of access codes such as dbGaP consent codes among others.",
      "systems" : [
        "https://nih-ncpi.github.io/ncpi-fhir-ig-2/CodeSystem/research-data-access-code"
      ]
    },
    {
      "url" : "https://nih-ncpi.github.io/ncpi-fhir-ig-2/ValueSet/research-data-access-type-vs",
      "version" : "0.1.0",
      "status" : "draft",
      "name" : "ResearchDataAccessTypeVS",
      "title" : "Research Data Access Type Codes",
      "description" : "Enumerated list of access type codes such as 'Open Access', 'Registered Access' and 'Controlled Access'",
      "systems" : [
        "https://nih-ncpi.github.io/ncpi-fhir-ig-2/CodeSystem/research-data-access-type"
      ]
    },
    {
      "url" : "https://nih-ncpi.github.io/ncpi-fhir-ig-2/ValueSet/research-data-date-of-birth-method-vs",
      "version" : "0.1.0",
      "status" : "draft",
      "name" : "ResearchDataDateOfBirthMethodVS",
      "title" : "Enumerations for how DOB was constructed",
      "description" : "Enumerations for how DOB was constructed",
      "systems" : ["http://terminology.hl7.org/CodeSystem/title-type"]
    },
    {
      "url" : "https://nih-ncpi.github.io/ncpi-fhir-ig-2/ValueSet/study-name-type-vs",
      "version" : "0.1.0",
      "status" : "draft",
      "name" : "StudyNameTypeVS",
      "title" : "Study Name Type",
      "description" : "Some common types of study 'names'.",
      "systems" : [
        "https://nih-ncpi.github.io/ncpi-fhir-ig-2/CodeSystem/study-name-type"
      ]
    },
    {
      "url" : "https://nih-ncpi.github.io/ncpi-fhir-ig-2/ValueSet/study-personnel-role-vs",
      "version" : "0.1.0",
      "status" : "draft",
      "name" : "StudyPersonnelRoleVS",
      "title" : "Study Personnel Role",
      "description" : "Roles associated with study personnel.",
      "systems" : [
        "https://nih-ncpi.github.io/ncpi-fhir-ig-2/CodeSystem/study-personnel-role"
      ]
    }
  ]
}
