<?xml version="1.0" encoding="UTF-8"?>

<ValueSet xmlns="http://hl7.org/fhir">
  <id value="mesh-terms"/>
  <text>
    <status value="generated"/><div xmlns="http://www.w3.org/1999/xhtml"><p class="res-header-id"><b>Generated Narrative: ValueSet mesh-terms</b></p><a name="mesh-terms"> </a><a name="hcmesh-terms"> </a><ul><li>Include all codes defined in <code>http://terminology.hl7.org/CodeSystem/MSH</code></li></ul></div>
  </text>
  <url value="https://nih-ncpi.github.io/ncpi-fhir-ig-2/ValueSet/mesh-terms"/>
  <version value="0.2.0"/>
  <name value="MeshTerms"/>
  <title value="MeSH Terms"/>
  <status value="draft"/>
  <experimental value="false"/>
  <date value="2025-08-26T23:53:55+00:00"/>
  <publisher value="NCPI FHIR Working Group"/>
  <contact>
    <name value="NCPI FHIR Working Group"/>
    <telecom>
      <system value="url"/>
      <value value="http://example.org/example-publisher"/>
    </telecom>
    <telecom>
      <system value="email"/>
      <value value="ncpi-fhir-ig@googlegroups.com"/>
    </telecom>
  </contact>
  <description value="Example terms from Medical Subject Headings (MeSH) Ontology"/>
  <compose>
    <include>
      <system value="http://terminology.hl7.org/CodeSystem/MSH"/>
    </include>
  </compose>
</ValueSet>