{
  "codeSystems" : [
    {
      "url" : "http://hl7.org/fhir/ValueSet/title-type",
      "version" : "4.3.0",
      "status" : "draft",
      "name" : "TitleType",
      "title" : "TitleType",
      "description" : "Used to express the reason and specific aspect for the variant title, such as language and specific language.",
      "systems" : ["http://terminology.hl7.org/CodeSystem/title-type"],
      "oids" : ["2.16.840.1.113883.4.642.3.1492"],
      "sources" : ["2.16.840.1.113883.4.642.3.1492"],
      "uses" : {
      },
      "StructureDefinition-label-extension.html" : "Label"
    },
    {
      "url" : "https://nih-ncpi.github.io/ncpi-fhir-ig-2/ValueSet/collection-type-vs",
      "version" : "0.1.0",
      "status" : "draft",
      "name" : "CollectionTypeVS",
      "title" : "Collection Type",
      "description" : "Enumerated list of Collection types",
      "systems" : [
        "https://nih-ncpi.github.io/ncpi-fhir-ig-2/CodeSystem/collection-type"
      ],
      "uses" : {
      },
      "StructureDefinition-ncpi-research-collection.html" : "NCPI Research Collection",
      "StructureDefinition-SharedDataModelResearchCollection.html" : "Shared Data Model for Research Collection"
    },
    {
      "url" : "https://nih-ncpi.github.io/ncpi-fhir-ig-2/ValueSet/mesh-terms",
      "version" : "0.1.0",
      "status" : "draft",
      "name" : "MeshTerms",
      "title" : "MeSH Terms",
      "description" : "Example terms from Medical Subject Headings (MeSH) Ontology",
      "systems" : ["urn:oid:2.16.840.1.113883.6.177"],
      "uses" : {
      },
      "StructureDefinition-research-disease-use-limitation.html" : "Research Usage Limitation Disease Code"
    },
    {
      "url" : "https://nih-ncpi.github.io/ncpi-fhir-ig-2/ValueSet/research-data-access-code-vs",
      "version" : "0.1.0",
      "status" : "draft",
      "name" : "ResearchDataAccessCodeVS",
      "title" : "Research Data Access Codes",
      "description" : "Enumerated list of access codes such as dbGaP consent codes among others.",
      "systems" : [
        "https://nih-ncpi.github.io/ncpi-fhir-ig-2/CodeSystem/research-data-access-code"
      ],
      "uses" : {
      },
      "StructureDefinition-ncpi-research-access-policy.html" : "NCPI Research Access Policy",
      "StructureDefinition-SharedDataModelResearchDataAccessPolicy.html" : "Shared Data Model for Research Data Access Policy"
    },
    {
      "url" : "https://nih-ncpi.github.io/ncpi-fhir-ig-2/ValueSet/research-data-access-type-vs",
      "version" : "0.1.0",
      "status" : "draft",
      "name" : "ResearchDataAccessTypeVS",
      "title" : "Research Data Access Type Codes",
      "description" : "Enumerated list of access type codes such as 'Open Access', 'Registered Access' and 'Controlled Access'",
      "systems" : [
        "https://nih-ncpi.github.io/ncpi-fhir-ig-2/CodeSystem/research-data-access-type"
      ],
      "uses" : {
      },
      "StructureDefinition-access-type.html" : "Access Type"
    },
    {
      "url" : "https://nih-ncpi.github.io/ncpi-fhir-ig-2/ValueSet/study-name-type-vs",
      "version" : "0.1.0",
      "status" : "draft",
      "name" : "StudyNameTypeVS",
      "title" : "Study Name Type",
      "description" : "Some common types of study 'names'.",
      "systems" : [
        "https://nih-ncpi.github.io/ncpi-fhir-ig-2/CodeSystem/study-name-type"
      ],
      "uses" : {
      },
      "StructureDefinition-SharedDataModelResearchStudy.html" : "Shared Data Model for Research Study"
    },
    {
      "url" : "https://nih-ncpi.github.io/ncpi-fhir-ig-2/ValueSet/study-personnel-role-vs",
      "version" : "0.1.0",
      "status" : "draft",
      "name" : "StudyPersonnelRoleVS",
      "title" : "Study Personnel Role",
      "description" : "Roles associated with study personnel.",
      "systems" : [
        "https://nih-ncpi.github.io/ncpi-fhir-ig-2/CodeSystem/study-personnel-role"
      ],
      "uses" : {
      },
      "StructureDefinition-SharedDataModelResearchStudy.html" : "Shared Data Model for Research Study"
    }
  ]
}
