{
  "codeSystems" : [
    {
      "url" : "http://hl7.org/fhir/ValueSet/administrative-gender",
      "version" : "4.0.1",
      "status" : "active",
      "name" : "AdministrativeGender",
      "title" : "AdministrativeGender",
      "description" : "The gender of a person used for administrative purposes.",
      "systems" : ["http://hl7.org/fhir/administrative-gender"],
      "oids" : ["2.16.840.1.113883.4.642.3.1"],
      "sources" : ["2.16.840.1.113883.4.642.3.1"],
      "uses" : {
      },
      "StructureDefinition-ncpi-participant.html" : "NCPI Participant",
      "StructureDefinition-ncpi-person.html" : "NCPI Person"
    },
    {
      "url" : "http://hl7.org/fhir/ValueSet/body-site",
      "version" : "4.0.1",
      "status" : "draft",
      "name" : "SNOMEDCTBodyStructures",
      "title" : "SNOMED CT Body Structures",
      "description" : "This value set includes all codes from [SNOMED CT](http://snomed.info/sct) where concept is-a 442083009 (Anatomical or acquired body site (body structure)).",
      "systems" : ["http://snomed.info/sct"],
      "oids" : ["2.16.840.1.113883.4.642.3.141"],
      "sources" : ["2.16.840.1.113883.4.642.3.141"],
      "uses" : {
      },
      "StructureDefinition-ncpi-phenotypic-feature-assertion.html" : "NCPI Phenotypic Feature Assertion",
      "StructureDefinition-ncpi-family-relationship.html" : "Family Relationship",
      "StructureDefinition-ncpi-condition-summary.html" : "NCPI Conditon Summary",
      "StructureDefinition-ncpi-file-metadata.html" : "NCPI File Meta Data",
      "StructureDefinition-ncpi-sample.html" : "NCPI Sample",
      "StructureDefinition-ncpi-participant-assertion.html" : "NCPI Participant Assertion",
      "StructureDefinition-ncpi-bamcram.html" : "BAM or CRAM file profile",
      "StructureDefinition-ncpi-gene-fusion-expression.html" : "Gene fusion or gene expression file profile",
      "StructureDefinition-ncpi-proteomics.html" : "Proteomics file profile",
      "StructureDefinition-ncpi-vcf.html" : "VCF or gVCF file profile",
      "StructureDefinition-ncpi-maf.html" : "MAF (Somatic Mutation) file profile",
      "StructureDefinition-ncpi-fastq.html" : "NCPI FASTQ File"
    },
    {
      "url" : "http://hl7.org/fhir/ValueSet/c80-facilitycodes",
      "version" : "4.0.1",
      "status" : "active",
      "name" : "FacilityTypeCodeValueSet",
      "title" : "Facility Type Code Value Set",
      "description" : "This is the code representing the type of organizational setting where the clinical encounter, service, interaction, or treatment occurred. The value set used for Healthcare Facility Type has been defined by HITSP to be the value set reproduced from HITSP C80 Table 2-147.",
      "systems" : ["http://snomed.info/sct"],
      "oids" : ["2.16.840.1.113883.3.88.12.80.67"],
      "sources" : ["2.16.840.1.113883.3.88.12.80.67"],
      "uses" : {
      },
      "StructureDefinition-ncpi-drs-file.html" : "NCPI DRS File",
      "StructureDefinition-ncpi-file.html" : "NCPI File"
    },
    {
      "url" : "http://hl7.org/fhir/ValueSet/c80-practice-codes",
      "version" : "4.0.1",
      "status" : "active",
      "name" : "PracticeSettingCodeValueSet",
      "title" : "Practice Setting Code Value Set",
      "description" : "This is the code representing the clinical specialty of the clinician or provider who interacted with, treated, or provided a service to/for the patient. The value set used for clinical specialty has been limited by HITSP to the value set reproduced from HITSP C80 Table 2-149 Clinical Specialty Value Set Definition.",
      "systems" : ["http://snomed.info/sct"],
      "oids" : ["2.16.840.1.113883.3.88.12.80.72"],
      "sources" : ["2.16.840.1.113883.3.88.12.80.72"],
      "uses" : {
      },
      "StructureDefinition-ncpi-drs-file.html" : "NCPI DRS File",
      "StructureDefinition-ncpi-file.html" : "NCPI File"
    },
    {
      "url" : "http://hl7.org/fhir/ValueSet/composition-status",
      "version" : "4.0.1",
      "status" : "draft",
      "name" : "CompositionStatus",
      "title" : "CompositionStatus",
      "description" : "The workflow/clinical status of the composition.",
      "systems" : ["http://hl7.org/fhir/composition-status"],
      "oids" : ["2.16.840.1.113883.4.642.3.241"],
      "sources" : ["2.16.840.1.113883.4.642.3.241"],
      "uses" : {
      },
      "StructureDefinition-ncpi-drs-file.html" : "NCPI DRS File",
      "StructureDefinition-ncpi-file.html" : "NCPI File"
    },
    {
      "url" : "http://hl7.org/fhir/ValueSet/condition-category",
      "version" : "4.0.1",
      "status" : "draft",
      "name" : "ConditionCategoryCodes",
      "title" : "Condition Category Codes",
      "description" : "Preferred value set for Condition Categories.",
      "systems" : ["http://terminology.hl7.org/CodeSystem/condition-category"],
      "oids" : ["2.16.840.1.113883.4.642.3.162"],
      "sources" : ["2.16.840.1.113883.4.642.3.162"],
      "uses" : {
      },
      "StructureDefinition-ncpi-condition-summary.html" : "NCPI Conditon Summary"
    },
    {
      "url" : "http://hl7.org/fhir/ValueSet/condition-clinical",
      "version" : "4.0.1",
      "status" : "draft",
      "name" : "ConditionClinicalStatusCodes",
      "title" : "Condition Clinical Status Codes",
      "description" : "Preferred value set for Condition Clinical Status.",
      "systems" : ["http://terminology.hl7.org/CodeSystem/condition-clinical"],
      "oids" : ["2.16.840.1.113883.4.642.3.164"],
      "sources" : ["2.16.840.1.113883.4.642.3.164"],
      "uses" : {
      },
      "StructureDefinition-ncpi-condition-summary.html" : "NCPI Conditon Summary"
    },
    {
      "url" : "http://hl7.org/fhir/ValueSet/condition-code",
      "version" : "4.0.1",
      "status" : "draft",
      "name" : "Condition/Problem/DiagnosisCodes",
      "title" : "Condition/Problem/Diagnosis Codes",
      "description" : "Example value set for Condition/Problem/Diagnosis codes.",
      "systems" : ["http://snomed.info/sct"],
      "oids" : ["2.16.840.1.113883.4.642.3.161"],
      "sources" : ["2.16.840.1.113883.4.642.3.161"],
      "uses" : {
      },
      "StructureDefinition-ncpi-condition-summary.html" : "NCPI Conditon Summary",
      "StructureDefinition-ncpi-research-study.html" : "NCPI Research Study"
    },
    {
      "url" : "http://hl7.org/fhir/ValueSet/condition-severity",
      "version" : "4.0.1",
      "status" : "draft",
      "name" : "Condition/DiagnosisSeverity",
      "title" : "Condition/Diagnosis Severity",
      "description" : "Preferred value set for Condition/Diagnosis severity grading.",
      "systems" : ["http://snomed.info/sct"],
      "oids" : ["2.16.840.1.113883.4.642.3.168"],
      "sources" : ["2.16.840.1.113883.4.642.3.168"],
      "uses" : {
      },
      "StructureDefinition-ncpi-condition-summary.html" : "NCPI Conditon Summary"
    },
    {
      "url" : "http://hl7.org/fhir/ValueSet/condition-stage",
      "version" : "4.0.1",
      "status" : "draft",
      "name" : "ConditionStage",
      "title" : "Condition Stage",
      "description" : "Example value set for stages of cancer and other conditions.",
      "systems" : ["http://snomed.info/sct"],
      "oids" : ["2.16.840.1.113883.4.642.3.170"],
      "sources" : ["2.16.840.1.113883.4.642.3.170"],
      "uses" : {
      },
      "StructureDefinition-ncpi-condition-summary.html" : "NCPI Conditon Summary"
    },
    {
      "url" : "http://hl7.org/fhir/ValueSet/condition-stage-type",
      "version" : "4.0.1",
      "status" : "draft",
      "name" : "ConditionStageType",
      "title" : "Condition Stage Type",
      "description" : "Example value set for the type of stages of cancer and other conditions",
      "systems" : ["http://snomed.info/sct"],
      "oids" : ["2.16.840.1.113883.4.642.3.171"],
      "sources" : ["2.16.840.1.113883.4.642.3.171"],
      "uses" : {
      },
      "StructureDefinition-ncpi-condition-summary.html" : "NCPI Conditon Summary"
    },
    {
      "url" : "http://hl7.org/fhir/ValueSet/condition-ver-status",
      "version" : "4.0.1",
      "status" : "draft",
      "name" : "ConditionVerificationStatus",
      "title" : "ConditionVerificationStatus",
      "description" : "The verification status to support or decline the clinical status of the condition or diagnosis.",
      "systems" : ["http://terminology.hl7.org/CodeSystem/condition-ver-status"],
      "oids" : ["2.16.840.1.113883.4.642.3.166"],
      "sources" : ["2.16.840.1.113883.4.642.3.166"],
      "uses" : {
      },
      "StructureDefinition-ncpi-condition-summary.html" : "NCPI Conditon Summary"
    },
    {
      "url" : "http://hl7.org/fhir/ValueSet/consent-action",
      "version" : "4.0.1",
      "status" : "draft",
      "name" : "ConsentActionCodes",
      "title" : "Consent Action Codes",
      "description" : "This value set includes sample Consent Action codes.",
      "systems" : ["http://terminology.hl7.org/CodeSystem/consentaction"],
      "oids" : ["2.16.840.1.113883.4.642.3.753"],
      "sources" : ["2.16.840.1.113883.4.642.3.753"],
      "uses" : {
      },
      "StructureDefinition-ncpi-research-access-policy.html" : "NCPI Research Access Policy"
    },
    {
      "url" : "http://hl7.org/fhir/ValueSet/consent-category",
      "version" : "4.0.1",
      "status" : "draft",
      "name" : "ConsentCategoryCodes",
      "title" : "Consent Category Codes",
      "description" : "This value set includes sample Consent Directive Type codes, including several consent directive related LOINC codes; HL7 VALUE SET: ActConsentType(2.16.840.1.113883.1.11.19897); examples of US realm consent directive legal descriptions and references to online and/or downloadable forms such as the SSA-827 Authorization to Disclose Information to the Social Security Administration; and other anticipated consent directives related to participation in a clinical trial, medical procedures, reproductive procedures; health care directive (Living Will); advance directive, do not resuscitate (DNR); Physician Orders for Life-Sustaining Treatment (POLST)",
      "systems" : [
        "http://terminology.hl7.org/CodeSystem/v3-ActCode",
        "http://loinc.org",
        "http://terminology.hl7.org/CodeSystem/consentcategorycodes"
      ],
      "oids" : ["2.16.840.1.113883.4.642.3.751"],
      "sources" : ["2.16.840.1.113883.4.642.3.751"],
      "uses" : {
      },
      "StructureDefinition-ncpi-research-access-policy.html" : "NCPI Research Access Policy"
    },
    {
      "url" : "http://hl7.org/fhir/ValueSet/consent-content-class",
      "version" : "4.0.1",
      "status" : "draft",
      "name" : "ConsentContentClass",
      "title" : "Consent Content Class",
      "description" : "This value set includes the FHIR resource types, along with some other important content class codes",
      "systems" : [
        "urn:ietf:rfc:3986",
        "urn:ietf:bcp:13",
        "http://hl7.org/fhir/resource-types",
        "http://ihe.net/fhir/ValueSet/IHE.FormatCode.codesystem"
      ],
      "oids" : ["2.16.840.1.113883.4.642.3.747"],
      "sources" : ["2.16.840.1.113883.4.642.3.747"],
      "uses" : {
      },
      "StructureDefinition-ncpi-research-access-policy.html" : "NCPI Research Access Policy"
    },
    {
      "url" : "http://hl7.org/fhir/ValueSet/consent-content-code",
      "version" : "4.0.1",
      "status" : "draft",
      "name" : "ConsentContentCodes",
      "title" : "Consent Content Codes",
      "description" : "This example value set contains all LOINC code",
      "systems" : ["http://loinc.org"],
      "oids" : ["2.16.840.1.113883.4.642.3.748"],
      "sources" : ["2.16.840.1.113883.4.642.3.748"],
      "uses" : {
      },
      "StructureDefinition-ncpi-research-access-policy.html" : "NCPI Research Access Policy"
    },
    {
      "url" : "http://hl7.org/fhir/ValueSet/consent-data-meaning",
      "version" : "4.0.1",
      "status" : "draft",
      "name" : "ConsentDataMeaning",
      "title" : "ConsentDataMeaning",
      "description" : "How a resource reference is interpreted when testing consent restrictions.",
      "systems" : ["http://hl7.org/fhir/consent-data-meaning"],
      "oids" : ["2.16.840.1.113883.4.642.3.759"],
      "sources" : ["2.16.840.1.113883.4.642.3.759"],
      "uses" : {
      },
      "StructureDefinition-ncpi-research-access-policy.html" : "NCPI Research Access Policy"
    },
    {
      "url" : "http://hl7.org/fhir/ValueSet/consent-policy",
      "version" : "4.0.1",
      "status" : "draft",
      "name" : "ConsentPolicyRuleCodes",
      "title" : "Consent PolicyRule Codes",
      "description" : "This value set includes sample Regulatory consent policy types from the US and other regions.",
      "systems" : ["http://terminology.hl7.org/CodeSystem/consentpolicycodes"],
      "oids" : ["2.16.840.1.113883.4.642.3.1014"],
      "sources" : ["2.16.840.1.113883.4.642.3.1014"],
      "uses" : {
      },
      "StructureDefinition-ncpi-research-access-policy.html" : "NCPI Research Access Policy"
    },
    {
      "url" : "http://hl7.org/fhir/ValueSet/consent-provision-type",
      "version" : "4.0.1",
      "status" : "draft",
      "name" : "ConsentProvisionType",
      "title" : "ConsentProvisionType",
      "description" : "How a rule statement is applied, such as adding additional consent or removing consent.",
      "systems" : ["http://hl7.org/fhir/consent-provision-type"],
      "oids" : ["2.16.840.1.113883.4.642.3.757"],
      "sources" : ["2.16.840.1.113883.4.642.3.757"],
      "uses" : {
      },
      "StructureDefinition-ncpi-research-access-policy.html" : "NCPI Research Access Policy"
    },
    {
      "url" : "http://hl7.org/fhir/ValueSet/consent-scope",
      "version" : "4.0.1",
      "status" : "draft",
      "name" : "ConsentScopeCodes",
      "title" : "Consent Scope Codes",
      "description" : "This value set includes the four Consent scope codes.",
      "systems" : ["http://terminology.hl7.org/CodeSystem/consentscope"],
      "oids" : ["2.16.840.1.113883.4.642.3.761"],
      "sources" : ["2.16.840.1.113883.4.642.3.761"],
      "uses" : {
      },
      "StructureDefinition-ncpi-research-access-policy.html" : "NCPI Research Access Policy"
    },
    {
      "url" : "http://hl7.org/fhir/ValueSet/consent-state-codes",
      "version" : "4.0.1",
      "status" : "draft",
      "name" : "ConsentState",
      "title" : "ConsentState",
      "description" : "Indicates the state of the consent.",
      "systems" : ["http://hl7.org/fhir/consent-state-codes"],
      "oids" : ["2.16.840.1.113883.4.642.3.755"],
      "sources" : ["2.16.840.1.113883.4.642.3.755"],
      "uses" : {
      },
      "StructureDefinition-ncpi-research-access-policy.html" : "NCPI Research Access Policy"
    },
    {
      "url" : "http://hl7.org/fhir/ValueSet/data-absent-reason",
      "version" : "4.0.1",
      "status" : "active",
      "name" : "DataAbsentReason",
      "title" : "DataAbsentReason",
      "description" : "Used to specify why the normally expected content of the data element is missing.",
      "systems" : ["http://terminology.hl7.org/CodeSystem/data-absent-reason"],
      "oids" : ["2.16.840.1.113883.4.642.3.5"],
      "sources" : ["2.16.840.1.113883.4.642.3.5"],
      "uses" : {
      },
      "StructureDefinition-ncpi-phenotypic-feature-assertion.html" : "NCPI Phenotypic Feature Assertion",
      "StructureDefinition-ncpi-family-relationship.html" : "Family Relationship",
      "StructureDefinition-ncpi-file-metadata.html" : "NCPI File Meta Data",
      "StructureDefinition-ncpi-participant-assertion.html" : "NCPI Participant Assertion",
      "StructureDefinition-ncpi-bamcram.html" : "BAM or CRAM file profile",
      "StructureDefinition-ncpi-gene-fusion-expression.html" : "Gene fusion or gene expression file profile",
      "StructureDefinition-ncpi-proteomics.html" : "Proteomics file profile",
      "StructureDefinition-ncpi-vcf.html" : "VCF or gVCF file profile",
      "StructureDefinition-ncpi-maf.html" : "MAF (Somatic Mutation) file profile",
      "StructureDefinition-ncpi-fastq.html" : "NCPI FASTQ File"
    },
    {
      "url" : "http://hl7.org/fhir/ValueSet/document-classcodes",
      "version" : "4.0.1",
      "status" : "active",
      "name" : "DocumentClassValueSet",
      "title" : "Document Class Value Set",
      "description" : "This is the code specifying the high-level kind of document (e.g. Prescription, Discharge Summary, Report, etc.). Note: Class code for documents comes from LOINC, and is based upon one of the following:The type of service described by the document. It is described at a very high level in Section 7.3 of the LOINC Manual. The type study performed. It was determined by identifying modalities for study reports. The section of the chart where the document is placed. It was determined from the SETs created for Claims Attachment requests.",
      "systems" : ["http://loinc.org"],
      "oids" : ["2.16.840.1.113883.3.88.12.80.46"],
      "sources" : ["2.16.840.1.113883.3.88.12.80.46"],
      "uses" : {
      },
      "StructureDefinition-ncpi-drs-file.html" : "NCPI DRS File",
      "StructureDefinition-ncpi-file.html" : "NCPI File"
    },
    {
      "url" : "http://hl7.org/fhir/ValueSet/document-reference-status",
      "version" : "4.0.1",
      "status" : "draft",
      "name" : "DocumentReferenceStatus",
      "title" : "DocumentReferenceStatus",
      "description" : "The status of the document reference.",
      "systems" : ["http://hl7.org/fhir/document-reference-status"],
      "oids" : ["2.16.840.1.113883.4.642.3.7"],
      "sources" : ["2.16.840.1.113883.4.642.3.7"],
      "uses" : {
      },
      "StructureDefinition-ncpi-drs-file.html" : "NCPI DRS File",
      "StructureDefinition-ncpi-file.html" : "NCPI File"
    },
    {
      "url" : "http://hl7.org/fhir/ValueSet/document-relationship-type",
      "version" : "4.0.1",
      "status" : "draft",
      "name" : "DocumentRelationshipType",
      "title" : "DocumentRelationshipType",
      "description" : "The type of relationship between documents.",
      "systems" : ["http://hl7.org/fhir/document-relationship-type"],
      "oids" : ["2.16.840.1.113883.4.642.3.244"],
      "sources" : ["2.16.840.1.113883.4.642.3.244"],
      "uses" : {
      },
      "StructureDefinition-ncpi-drs-file.html" : "NCPI DRS File",
      "StructureDefinition-ncpi-file.html" : "NCPI File"
    },
    {
      "url" : "http://hl7.org/fhir/ValueSet/formatcodes",
      "version" : "4.0.1",
      "status" : "active",
      "name" : "DocumentReferenceFormatCodeSet",
      "title" : "DocumentReference Format Code Set",
      "description" : "The value set is defined to be the set of format codes defined by the IHE Technical Framework, and also including additional format codes defined by the    HL7. The value set is listed in HITSP C80 Table 2-153 Format Code Value Set Definition,    with additions published later by IHE as published    at http://wiki.ihe.net/index.php?title=IHE_Format_Codes   and with additions published later by HL7 as published at https://confluence.hl7.org/display/SD/Format+Codes+for+IHE+XDS.   This is the code specifying the technical format of the document. Along with the typeCode,    it should provide sufficient information to allow any potential document consumer to know    if it will be able to process the document. The code shall be sufficiently specific to    ensure processing/display by identifying a document encoding, structure and template. The actual list of codes here is incomplete",
      "systems" : ["http://ihe.net/fhir/ValueSet/IHE.FormatCode.codesystem"],
      "oids" : ["1.3.6.1.4.1.19376.1.2.7.1"],
      "sources" : ["1.3.6.1.4.1.19376.1.2.7.1"],
      "uses" : {
      },
      "StructureDefinition-ncpi-drs-file.html" : "NCPI DRS File",
      "StructureDefinition-ncpi-file.html" : "NCPI File"
    },
    {
      "url" : "http://hl7.org/fhir/ValueSet/group-type",
      "version" : "4.0.1",
      "status" : "draft",
      "name" : "GroupType",
      "title" : "GroupType",
      "description" : "Types of resources that are part of group.",
      "systems" : ["http://hl7.org/fhir/group-type"],
      "oids" : ["2.16.840.1.113883.4.642.3.284"],
      "sources" : ["2.16.840.1.113883.4.642.3.284"],
      "uses" : {
      },
      "StructureDefinition-ncpi-study-family.html" : "NCPI Study Family",
      "StructureDefinition-research-study-group.html" : "NCPI Research Study Group"
    },
    {
      "url" : "http://hl7.org/fhir/ValueSet/identity-assuranceLevel",
      "version" : "4.0.1",
      "status" : "draft",
      "name" : "IdentityAssuranceLevel",
      "title" : "IdentityAssuranceLevel",
      "description" : "The level of confidence that this link represents the same actual person, based on NIST Authentication Levels.",
      "systems" : ["http://hl7.org/fhir/identity-assuranceLevel"],
      "oids" : ["2.16.840.1.113883.4.642.3.656"],
      "sources" : ["2.16.840.1.113883.4.642.3.656"],
      "uses" : {
      },
      "StructureDefinition-ncpi-person.html" : "NCPI Person"
    },
    {
      "url" : "http://hl7.org/fhir/ValueSet/jurisdiction",
      "version" : "4.0.1",
      "status" : "active",
      "name" : "Jurisdiction ValueSet",
      "title" : "Jurisdiction",
      "description" : "This value set defines a base set of codes for country, country subdivision and region    for indicating where a resource is intended to be used.   \r\n   \r\n   Note: The codes for countries and country subdivisions are taken from    [ISO 3166](https://www.iso.org/iso-3166-country-codes.html)    while the codes for \"supra-national\" regions are from    [UN Standard country or area codes for statistical use (M49)](http://unstats.un.org/unsd/methods/m49/m49.htm).",
      "systems" : [
        "http://unstats.un.org/unsd/methods/m49/m49.htm",
        "urn:iso:std:iso:3166",
        "urn:iso:std:iso:3166:-2"
      ],
      "oids" : ["2.16.840.1.113883.4.642.3.48"],
      "sources" : ["2.16.840.1.113883.4.642.3.48"],
      "uses" : {
      },
      "StructureDefinition-ncpi-research-study.html" : "NCPI Research Study"
    },
    {
      "url" : "http://hl7.org/fhir/ValueSet/languages",
      "version" : "4.0.1",
      "status" : "draft",
      "name" : "CommonLanguages",
      "title" : "Common Languages",
      "description" : "This value set includes common codes from BCP-47 (http://tools.ietf.org/html/bcp47)",
      "systems" : ["urn:ietf:bcp:47"],
      "oids" : ["2.16.840.1.113883.4.642.3.20"],
      "sources" : ["2.16.840.1.113883.4.642.3.20"],
      "uses" : {
      },
      "StructureDefinition-ncpi-sample.html" : "NCPI Sample",
      "StructureDefinition-ncpi-research-study.html" : "NCPI Research Study",
      "StructureDefinition-ncpi-Study-Participant.html" : "NCPI Study Participant",
      "StructureDefinition-ncpi-file.html" : "NCPI File",
      "StructureDefinition-ncpi-drs-attachment.html" : "DRS Attachment",
      "StructureDefinition-research-study-group.html" : "NCPI Research Study Group",
      "StructureDefinition-ncpi-participant.html" : "NCPI Participant",
      "StructureDefinition-ncpi-fastq.html" : "NCPI FASTQ File",
      "StructureDefinition-ncpi-file-metadata.html" : "NCPI File Meta Data",
      "StructureDefinition-ncpi-research-access-policy.html" : "NCPI Research Access Policy",
      "StructureDefinition-SharedDataModelFile.html" : "Shared Data Model for File",
      "StructureDefinition-ncpi-participant-assertion.html" : "NCPI Participant Assertion",
      "StructureDefinition-ncpi-study-family.html" : "NCPI Study Family",
      "StructureDefinition-ncpi-gene-fusion-expression.html" : "Gene fusion or gene expression file profile",
      "StructureDefinition-ncpi-research-collection.html" : "NCPI Research Collection",
      "StructureDefinition-ncpi-maf.html" : "MAF (Somatic Mutation) file profile",
      "StructureDefinition-ncpi-specimen-NcpiSpecimenCollection.html" : "Linkage for related samples",
      "StructureDefinition-ncpi-phenotypic-feature-assertion.html" : "NCPI Phenotypic Feature Assertion",
      "StructureDefinition-ncpi-vcf.html" : "VCF or gVCF file profile",
      "StructureDefinition-ncpi-drs-file.html" : "NCPI DRS File",
      "StructureDefinition-ncpi-family-relationship.html" : "Family Relationship",
      "StructureDefinition-ncpi-condition-summary.html" : "NCPI Conditon Summary",
      "StructureDefinition-ncpi-bamcram.html" : "BAM or CRAM file profile",
      "StructureDefinition-ncpi-proteomics.html" : "Proteomics file profile",
      "StructureDefinition-ncpi-person.html" : "NCPI Person"
    },
    {
      "url" : "http://hl7.org/fhir/ValueSet/link-type",
      "version" : "4.0.1",
      "status" : "active",
      "name" : "LinkType",
      "title" : "LinkType",
      "description" : "The type of link between this patient resource and another patient resource.",
      "systems" : ["http://hl7.org/fhir/link-type"],
      "oids" : ["2.16.840.1.113883.4.642.3.423"],
      "sources" : ["2.16.840.1.113883.4.642.3.423"],
      "uses" : {
      },
      "StructureDefinition-ncpi-participant.html" : "NCPI Participant"
    },
    {
      "url" : "http://hl7.org/fhir/ValueSet/list-empty-reason",
      "version" : "4.0.1",
      "status" : "draft",
      "name" : "ListEmptyReasons",
      "title" : "List Empty Reasons",
      "description" : "General reasons for a list to be empty. Reasons are either related to a summary list (i.e. problem or medication list) or to a workflow related list (i.e. consultation list).",
      "systems" : ["http://terminology.hl7.org/CodeSystem/list-empty-reason"],
      "oids" : ["2.16.840.1.113883.4.642.3.322"],
      "sources" : ["2.16.840.1.113883.4.642.3.322"],
      "uses" : {
      },
      "StructureDefinition-SharedDataModelFile.html" : "Shared Data Model for File",
      "StructureDefinition-ncpi-research-collection.html" : "NCPI Research Collection",
      "StructureDefinition-ncpi-specimen-NcpiSpecimenCollection.html" : "Linkage for related samples"
    },
    {
      "url" : "http://hl7.org/fhir/ValueSet/list-example-codes",
      "version" : "4.0.1",
      "status" : "draft",
      "name" : "ExampleUseCodesForList",
      "title" : "Example Use Codes for List",
      "description" : "Example use codes for the List resource - typical kinds of use.",
      "systems" : [
        "http://terminology.hl7.org/CodeSystem/list-example-use-codes"
      ],
      "oids" : ["2.16.840.1.113883.4.642.3.316"],
      "sources" : ["2.16.840.1.113883.4.642.3.316"],
      "uses" : {
      },
      "StructureDefinition-SharedDataModelFile.html" : "Shared Data Model for File",
      "StructureDefinition-ncpi-specimen-NcpiSpecimenCollection.html" : "Linkage for related samples"
    },
    {
      "url" : "http://hl7.org/fhir/ValueSet/list-item-flag",
      "version" : "4.0.1",
      "status" : "draft",
      "name" : "PatientMedicineChangeTypes",
      "title" : "Patient Medicine Change Types",
      "description" : "Example Item Flags for the List Resource. In this case, these are the kind of flags that would be used on a medication list at the end of a consultation.",
      "systems" : ["urn:oid:1.2.36.1.2001.1001.101.104.16592"],
      "oids" : ["2.16.840.1.113883.4.642.3.320"],
      "sources" : ["2.16.840.1.113883.4.642.3.320"],
      "uses" : {
      },
      "StructureDefinition-SharedDataModelFile.html" : "Shared Data Model for File",
      "StructureDefinition-ncpi-research-collection.html" : "NCPI Research Collection",
      "StructureDefinition-ncpi-specimen-NcpiSpecimenCollection.html" : "Linkage for related samples"
    },
    {
      "url" : "http://hl7.org/fhir/ValueSet/list-mode",
      "version" : "4.0.1",
      "status" : "draft",
      "name" : "ListMode",
      "title" : "ListMode",
      "description" : "The processing mode that applies to this list.",
      "systems" : ["http://hl7.org/fhir/list-mode"],
      "oids" : ["2.16.840.1.113883.4.642.3.318"],
      "sources" : ["2.16.840.1.113883.4.642.3.318"],
      "uses" : {
      },
      "StructureDefinition-SharedDataModelFile.html" : "Shared Data Model for File",
      "StructureDefinition-ncpi-research-collection.html" : "NCPI Research Collection",
      "StructureDefinition-ncpi-specimen-NcpiSpecimenCollection.html" : "Linkage for related samples"
    },
    {
      "url" : "http://hl7.org/fhir/ValueSet/list-order",
      "version" : "4.0.1",
      "status" : "draft",
      "name" : "ListOrderCodes",
      "title" : "List Order Codes",
      "description" : "Base values for the order of the items in a list resource.",
      "systems" : ["http://terminology.hl7.org/CodeSystem/list-order"],
      "oids" : ["2.16.840.1.113883.4.642.3.324"],
      "sources" : ["2.16.840.1.113883.4.642.3.324"],
      "uses" : {
      },
      "StructureDefinition-SharedDataModelFile.html" : "Shared Data Model for File",
      "StructureDefinition-ncpi-research-collection.html" : "NCPI Research Collection",
      "StructureDefinition-ncpi-specimen-NcpiSpecimenCollection.html" : "Linkage for related samples"
    },
    {
      "url" : "http://hl7.org/fhir/ValueSet/list-status",
      "version" : "4.0.1",
      "status" : "draft",
      "name" : "ListStatus",
      "title" : "ListStatus",
      "description" : "The current state of the list.",
      "systems" : ["http://hl7.org/fhir/list-status"],
      "oids" : ["2.16.840.1.113883.4.642.3.326"],
      "sources" : ["2.16.840.1.113883.4.642.3.326"],
      "uses" : {
      },
      "StructureDefinition-SharedDataModelFile.html" : "Shared Data Model for File",
      "StructureDefinition-ncpi-research-collection.html" : "NCPI Research Collection",
      "StructureDefinition-ncpi-specimen-NcpiSpecimenCollection.html" : "Linkage for related samples"
    },
    {
      "url" : "http://hl7.org/fhir/ValueSet/manifestation-or-symptom",
      "version" : "4.0.1",
      "status" : "draft",
      "name" : "ManifestationAndSymptomCodes",
      "title" : "Manifestation and Symptom Codes",
      "description" : "Example value set for Manifestation and Symptom codes.",
      "systems" : ["http://snomed.info/sct"],
      "oids" : ["2.16.840.1.113883.4.642.3.169"],
      "sources" : ["2.16.840.1.113883.4.642.3.169"],
      "uses" : {
      },
      "StructureDefinition-ncpi-condition-summary.html" : "NCPI Conditon Summary"
    },
    {
      "url" : "http://hl7.org/fhir/ValueSet/marital-status",
      "version" : "4.0.1",
      "status" : "active",
      "name" : "Marital Status Codes",
      "title" : "MaritalStatus",
      "description" : "This value set defines the set of codes that can be used to indicate the marital status of a person.",
      "systems" : [
        "http://terminology.hl7.org/CodeSystem/v3-MaritalStatus",
        "http://terminology.hl7.org/CodeSystem/v3-NullFlavor"
      ],
      "oids" : ["2.16.840.1.113883.4.642.3.29"],
      "sources" : ["2.16.840.1.113883.4.642.3.29"],
      "uses" : {
      },
      "StructureDefinition-ncpi-participant.html" : "NCPI Participant"
    },
    {
      "url" : "http://hl7.org/fhir/ValueSet/mimetypes",
      "version" : "4.0.1",
      "status" : "active",
      "name" : "Mime Types",
      "title" : "MimeType",
      "description" : "This value set includes all possible codes from BCP-13 (http://tools.ietf.org/html/bcp13)",
      "systems" : ["urn:ietf:bcp:13"],
      "oids" : ["2.16.840.1.113883.4.642.3.1024"],
      "sources" : ["2.16.840.1.113883.4.642.3.1024"],
      "uses" : {
      },
      "StructureDefinition-ncpi-drs-file.html" : "NCPI DRS File",
      "StructureDefinition-ncpi-file.html" : "NCPI File",
      "StructureDefinition-ncpi-drs-attachment.html" : "DRS Attachment"
    },
    {
      "url" : "http://hl7.org/fhir/ValueSet/observation-category",
      "version" : "4.0.1",
      "status" : "draft",
      "name" : "ObservationCategoryCodes",
      "title" : "Observation Category Codes",
      "description" : "Observation Category codes.",
      "systems" : ["http://terminology.hl7.org/CodeSystem/observation-category"],
      "oids" : ["2.16.840.1.113883.4.642.3.403"],
      "sources" : ["2.16.840.1.113883.4.642.3.403"],
      "uses" : {
      },
      "StructureDefinition-ncpi-phenotypic-feature-assertion.html" : "NCPI Phenotypic Feature Assertion",
      "StructureDefinition-ncpi-family-relationship.html" : "Family Relationship",
      "StructureDefinition-ncpi-file-metadata.html" : "NCPI File Meta Data",
      "StructureDefinition-ncpi-participant-assertion.html" : "NCPI Participant Assertion",
      "StructureDefinition-ncpi-bamcram.html" : "BAM or CRAM file profile",
      "StructureDefinition-ncpi-gene-fusion-expression.html" : "Gene fusion or gene expression file profile",
      "StructureDefinition-ncpi-proteomics.html" : "Proteomics file profile",
      "StructureDefinition-ncpi-vcf.html" : "VCF or gVCF file profile",
      "StructureDefinition-ncpi-maf.html" : "MAF (Somatic Mutation) file profile",
      "StructureDefinition-ncpi-fastq.html" : "NCPI FASTQ File"
    },
    {
      "url" : "http://hl7.org/fhir/ValueSet/observation-codes",
      "version" : "4.0.1",
      "status" : "draft",
      "name" : "LOINCCodes",
      "title" : "LOINC Codes",
      "description" : "This value set includes all LOINC codes",
      "systems" : ["http://loinc.org"],
      "oids" : ["2.16.840.1.113883.4.642.3.396"],
      "sources" : ["2.16.840.1.113883.4.642.3.396"],
      "uses" : {
      },
      "StructureDefinition-ncpi-phenotypic-feature-assertion.html" : "NCPI Phenotypic Feature Assertion",
      "StructureDefinition-ncpi-family-relationship.html" : "Family Relationship",
      "StructureDefinition-ncpi-file-metadata.html" : "NCPI File Meta Data",
      "StructureDefinition-ncpi-participant-assertion.html" : "NCPI Participant Assertion",
      "StructureDefinition-ncpi-bamcram.html" : "BAM or CRAM file profile",
      "StructureDefinition-ncpi-gene-fusion-expression.html" : "Gene fusion or gene expression file profile",
      "StructureDefinition-ncpi-proteomics.html" : "Proteomics file profile",
      "StructureDefinition-ncpi-vcf.html" : "VCF or gVCF file profile",
      "StructureDefinition-ncpi-maf.html" : "MAF (Somatic Mutation) file profile",
      "StructureDefinition-ncpi-fastq.html" : "NCPI FASTQ File"
    },
    {
      "url" : "http://hl7.org/fhir/ValueSet/observation-interpretation",
      "version" : "4.0.1",
      "status" : "active",
      "name" : "ObservationInterpretationCodes",
      "title" : "Observation Interpretation Codes",
      "description" : "A categorical assessment, providing a rough qualitative interpretation of the observation value,    such as “normal”/ “abnormal”,”low” / “high”, “better” / “worse”, “susceptible” / “resistant”, “expected”/ “not expected”.    The value set is intended to be for ANY use where coded representation of an interpretation is needed.   \r\n   \r\n   Notes:\r\n   \r\n   This is being communicated in v2.x in OBX-8 (Observation Interpretation), in v3 in ObservationInterpretation (CWE) in R1 (Representative Realm) and in FHIR in    Observation.interpretation. Historically these values come from the laboratory domain, and these codes are extensively    used. The value set binding is extensible, so codes outside the value set that are needed for interpretation concepts    (i.e. particular meanings) that are not included in the value set can be used, and these new codes may also be added to    the value set and published in a future version.",
      "systems" : [
        "http://terminology.hl7.org/CodeSystem/v3-ObservationInterpretation"
      ],
      "oids" : ["2.16.840.1.113883.4.642.3.399"],
      "sources" : ["2.16.840.1.113883.4.642.3.399"],
      "uses" : {
      },
      "StructureDefinition-ncpi-phenotypic-feature-assertion.html" : "NCPI Phenotypic Feature Assertion",
      "StructureDefinition-ncpi-family-relationship.html" : "Family Relationship",
      "StructureDefinition-ncpi-file-metadata.html" : "NCPI File Meta Data",
      "StructureDefinition-ncpi-participant-assertion.html" : "NCPI Participant Assertion",
      "StructureDefinition-ncpi-bamcram.html" : "BAM or CRAM file profile",
      "StructureDefinition-ncpi-gene-fusion-expression.html" : "Gene fusion or gene expression file profile",
      "StructureDefinition-ncpi-proteomics.html" : "Proteomics file profile",
      "StructureDefinition-ncpi-vcf.html" : "VCF or gVCF file profile",
      "StructureDefinition-ncpi-maf.html" : "MAF (Somatic Mutation) file profile",
      "StructureDefinition-ncpi-fastq.html" : "NCPI FASTQ File"
    },
    {
      "url" : "http://hl7.org/fhir/ValueSet/observation-methods",
      "version" : "4.0.1",
      "status" : "draft",
      "name" : "ObservationMethods",
      "title" : "Observation Methods",
      "description" : "Observation Method codes from [SNOMED CT](http://snomed.info/sct) where concept is-a 272394005 (Technique (qualifier value)) or is-a 129264002 (Action (qualifier value)) or is-a 386053000 (Evaluation procedure(procedure))",
      "systems" : ["http://snomed.info/sct"],
      "oids" : ["2.16.840.1.113883.4.642.3.395"],
      "sources" : ["2.16.840.1.113883.4.642.3.395"],
      "uses" : {
      },
      "StructureDefinition-ncpi-phenotypic-feature-assertion.html" : "NCPI Phenotypic Feature Assertion",
      "StructureDefinition-ncpi-family-relationship.html" : "Family Relationship",
      "StructureDefinition-ncpi-file-metadata.html" : "NCPI File Meta Data",
      "StructureDefinition-ncpi-participant-assertion.html" : "NCPI Participant Assertion",
      "StructureDefinition-ncpi-bamcram.html" : "BAM or CRAM file profile",
      "StructureDefinition-ncpi-gene-fusion-expression.html" : "Gene fusion or gene expression file profile",
      "StructureDefinition-ncpi-proteomics.html" : "Proteomics file profile",
      "StructureDefinition-ncpi-vcf.html" : "VCF or gVCF file profile",
      "StructureDefinition-ncpi-maf.html" : "MAF (Somatic Mutation) file profile",
      "StructureDefinition-ncpi-fastq.html" : "NCPI FASTQ File"
    },
    {
      "url" : "http://hl7.org/fhir/ValueSet/observation-status",
      "version" : "4.0.1",
      "status" : "active",
      "name" : "ObservationStatus",
      "title" : "ObservationStatus",
      "description" : "Codes providing the status of an observation.",
      "systems" : ["http://hl7.org/fhir/observation-status"],
      "oids" : ["2.16.840.1.113883.4.642.3.400"],
      "sources" : ["2.16.840.1.113883.4.642.3.400"],
      "uses" : {
      },
      "StructureDefinition-ncpi-phenotypic-feature-assertion.html" : "NCPI Phenotypic Feature Assertion",
      "StructureDefinition-ncpi-family-relationship.html" : "Family Relationship",
      "StructureDefinition-ncpi-file-metadata.html" : "NCPI File Meta Data",
      "StructureDefinition-ncpi-participant-assertion.html" : "NCPI Participant Assertion",
      "StructureDefinition-ncpi-bamcram.html" : "BAM or CRAM file profile",
      "StructureDefinition-ncpi-gene-fusion-expression.html" : "Gene fusion or gene expression file profile",
      "StructureDefinition-ncpi-proteomics.html" : "Proteomics file profile",
      "StructureDefinition-ncpi-vcf.html" : "VCF or gVCF file profile",
      "StructureDefinition-ncpi-maf.html" : "MAF (Somatic Mutation) file profile",
      "StructureDefinition-ncpi-fastq.html" : "NCPI FASTQ File"
    },
    {
      "url" : "http://hl7.org/fhir/ValueSet/patient-contactrelationship",
      "version" : "4.0.1",
      "status" : "active",
      "name" : "PatientContactRelationship",
      "title" : "Patient Contact Relationship ",
      "description" : "The nature of the relationship between the patient and the contact person.",
      "systems" : ["http://terminology.hl7.org/CodeSystem/v2-0131"],
      "oids" : ["2.16.840.1.113883.4.642.3.1130"],
      "sources" : ["2.16.840.1.113883.4.642.3.1130"],
      "uses" : {
      },
      "StructureDefinition-ncpi-participant.html" : "NCPI Participant"
    },
    {
      "url" : "http://hl7.org/fhir/ValueSet/referencerange-appliesto",
      "version" : "4.0.1",
      "status" : "draft",
      "name" : "ObservationReferenceRangeAppliesToCodes",
      "title" : "Observation Reference Range Applies To Codes",
      "description" : "This value set defines a set of codes that can be used to indicate the particular target population the reference range applies to.",
      "systems" : [
        "http://terminology.hl7.org/CodeSystem/v3-Race",
        "http://snomed.info/sct"
      ],
      "oids" : ["2.16.840.1.113883.4.642.3.407"],
      "sources" : ["2.16.840.1.113883.4.642.3.407"],
      "uses" : {
      },
      "StructureDefinition-ncpi-phenotypic-feature-assertion.html" : "NCPI Phenotypic Feature Assertion",
      "StructureDefinition-ncpi-family-relationship.html" : "Family Relationship",
      "StructureDefinition-ncpi-file-metadata.html" : "NCPI File Meta Data",
      "StructureDefinition-ncpi-participant-assertion.html" : "NCPI Participant Assertion",
      "StructureDefinition-ncpi-bamcram.html" : "BAM or CRAM file profile",
      "StructureDefinition-ncpi-gene-fusion-expression.html" : "Gene fusion or gene expression file profile",
      "StructureDefinition-ncpi-proteomics.html" : "Proteomics file profile",
      "StructureDefinition-ncpi-vcf.html" : "VCF or gVCF file profile",
      "StructureDefinition-ncpi-maf.html" : "MAF (Somatic Mutation) file profile",
      "StructureDefinition-ncpi-fastq.html" : "NCPI FASTQ File"
    },
    {
      "url" : "http://hl7.org/fhir/ValueSet/referencerange-meaning",
      "version" : "4.0.1",
      "status" : "draft",
      "name" : "ObservationReferenceRangeMeaningCodes",
      "title" : "Observation Reference Range Meaning Codes",
      "description" : "This value set defines a set of codes that can be used to indicate the meaning/use of a reference range for a particular target population.",
      "systems" : [
        "http://terminology.hl7.org/CodeSystem/referencerange-meaning"
      ],
      "oids" : ["2.16.840.1.113883.4.642.3.397"],
      "sources" : ["2.16.840.1.113883.4.642.3.397"],
      "uses" : {
      },
      "StructureDefinition-ncpi-phenotypic-feature-assertion.html" : "NCPI Phenotypic Feature Assertion",
      "StructureDefinition-ncpi-family-relationship.html" : "Family Relationship",
      "StructureDefinition-ncpi-file-metadata.html" : "NCPI File Meta Data",
      "StructureDefinition-ncpi-participant-assertion.html" : "NCPI Participant Assertion",
      "StructureDefinition-ncpi-bamcram.html" : "BAM or CRAM file profile",
      "StructureDefinition-ncpi-gene-fusion-expression.html" : "Gene fusion or gene expression file profile",
      "StructureDefinition-ncpi-proteomics.html" : "Proteomics file profile",
      "StructureDefinition-ncpi-vcf.html" : "VCF or gVCF file profile",
      "StructureDefinition-ncpi-maf.html" : "MAF (Somatic Mutation) file profile",
      "StructureDefinition-ncpi-fastq.html" : "NCPI FASTQ File"
    },
    {
      "url" : "http://hl7.org/fhir/ValueSet/research-study-objective-type",
      "version" : "4.0.1",
      "status" : "draft",
      "name" : "ResearchStudyObjectiveType",
      "title" : "ResearchStudyObjectiveType",
      "description" : "Codes for the kind of study objective.",
      "systems" : [
        "http://terminology.hl7.org/CodeSystem/research-study-objective-type"
      ],
      "oids" : ["2.16.840.1.113883.4.642.3.823"],
      "sources" : ["2.16.840.1.113883.4.642.3.823"],
      "uses" : {
      },
      "StructureDefinition-ncpi-research-study.html" : "NCPI Research Study"
    },
    {
      "url" : "http://hl7.org/fhir/ValueSet/research-study-phase",
      "version" : "4.0.1",
      "status" : "draft",
      "name" : "ResearchStudyPhase",
      "title" : "ResearchStudyPhase",
      "description" : "Codes for the stage in the progression of a therapy from initial experimental use in humans in clinical trials to post-market evaluation.",
      "systems" : ["http://terminology.hl7.org/CodeSystem/research-study-phase"],
      "oids" : ["2.16.840.1.113883.4.642.3.821"],
      "sources" : ["2.16.840.1.113883.4.642.3.821"],
      "uses" : {
      },
      "StructureDefinition-ncpi-research-study.html" : "NCPI Research Study"
    },
    {
      "url" : "http://hl7.org/fhir/ValueSet/research-study-prim-purp-type",
      "version" : "4.0.1",
      "status" : "draft",
      "name" : "ResearchStudyPrimaryPurposeType",
      "title" : "ResearchStudyPrimaryPurposeType",
      "description" : "Codes for the main intent of the study.",
      "systems" : [
        "http://terminology.hl7.org/CodeSystem/research-study-prim-purp-type"
      ],
      "oids" : ["2.16.840.1.113883.4.642.3.827"],
      "sources" : ["2.16.840.1.113883.4.642.3.827"],
      "uses" : {
      },
      "StructureDefinition-ncpi-research-study.html" : "NCPI Research Study"
    },
    {
      "url" : "http://hl7.org/fhir/ValueSet/research-study-reason-stopped",
      "version" : "4.0.1",
      "status" : "draft",
      "name" : "ResearchStudyReasonStopped",
      "title" : "ResearchStudyReasonStopped",
      "description" : "Codes for why the study ended prematurely.",
      "systems" : [
        "http://terminology.hl7.org/CodeSystem/research-study-reason-stopped"
      ],
      "oids" : ["2.16.840.1.113883.4.642.3.825"],
      "sources" : ["2.16.840.1.113883.4.642.3.825"],
      "uses" : {
      },
      "StructureDefinition-ncpi-research-study.html" : "NCPI Research Study"
    },
    {
      "url" : "http://hl7.org/fhir/ValueSet/research-study-status",
      "version" : "4.0.1",
      "status" : "draft",
      "name" : "ResearchStudyStatus",
      "title" : "ResearchStudyStatus",
      "description" : "Codes that convey the current status of the research study.",
      "systems" : ["http://hl7.org/fhir/research-study-status"],
      "oids" : ["2.16.840.1.113883.4.642.3.819"],
      "sources" : ["2.16.840.1.113883.4.642.3.819"],
      "uses" : {
      },
      "StructureDefinition-ncpi-research-study.html" : "NCPI Research Study"
    },
    {
      "url" : "http://hl7.org/fhir/ValueSet/research-subject-status",
      "version" : "4.0.1",
      "status" : "draft",
      "name" : "ResearchSubjectStatus",
      "title" : "ResearchSubjectStatus",
      "description" : "Indicates the progression of a study subject through a study.",
      "systems" : ["http://hl7.org/fhir/research-subject-status"],
      "oids" : ["2.16.840.1.113883.4.642.3.829"],
      "sources" : ["2.16.840.1.113883.4.642.3.829"],
      "uses" : {
      },
      "StructureDefinition-ncpi-Study-Participant.html" : "NCPI Study Participant"
    },
    {
      "url" : "http://hl7.org/fhir/ValueSet/resource-types",
      "version" : "4.0.1",
      "status" : "active",
      "name" : "ResourceType",
      "title" : "ResourceType",
      "description" : "One of the resource types defined as part of this version of FHIR.",
      "systems" : ["http://hl7.org/fhir/resource-types"],
      "oids" : ["2.16.840.1.113883.4.642.3.27"],
      "sources" : ["2.16.840.1.113883.4.642.3.27"],
      "uses" : {
      },
      "StructureDefinition-ncpi-study-family.html" : "NCPI Study Family"
    },
    {
      "url" : "http://hl7.org/fhir/ValueSet/security-labels",
      "version" : "4.0.1",
      "status" : "active",
      "name" : "All Security Labels",
      "title" : "SecurityLabels",
      "description" : "A single value set for all security labels defined by FHIR.",
      "systems" : [
        "http://terminology.hl7.org/CodeSystem/v3-ActReason",
        "http://terminology.hl7.org/CodeSystem/v3-ActUSPrivacyLaw",
        "http://terminology.hl7.org/CodeSystem/v3-ObservationValue",
        "http://terminology.hl7.org/CodeSystem/v3-ActCode",
        "http://terminology.hl7.org/CodeSystem/v3-Confidentiality"
      ],
      "oids" : ["2.16.840.1.113883.4.642.3.47"],
      "sources" : ["2.16.840.1.113883.4.642.3.47"],
      "uses" : {
      },
      "StructureDefinition-ncpi-drs-file.html" : "NCPI DRS File",
      "StructureDefinition-ncpi-research-access-policy.html" : "NCPI Research Access Policy",
      "StructureDefinition-ncpi-file.html" : "NCPI File"
    },
    {
      "url" : "http://hl7.org/fhir/ValueSet/security-role-type",
      "version" : "4.0.1",
      "status" : "draft",
      "name" : "SecurityRoleType",
      "title" : "SecurityRoleType",
      "description" : "This example FHIR value set is comprised of example Actor Type codes, which can be used to value FHIR agents, actors, and other role         elements such as those specified in financial transactions. The FHIR Actor value set is based on    DICOM Audit Message, C402;   ASTM Standard, E1762-95 [2013]; selected codes and          derived actor roles from HL7 RoleClass OID 2.16.840.1.113883.5.110;    HL7 Role Code 2.16.840.1.113883.5.111, including AgentRoleType;          HL7 ParticipationType OID: 2.16.840.1.113883.5.90; and    HL7 ParticipationFunction codes OID: 2.16.840.1.113883.5.88.           This value set includes, by reference, role codes from external code systems: NUCC Health Care Provider Taxonomy OID: 2.16.840.1.113883.6.101;          North American Industry Classification System [NAICS]OID: 2.16.840.1.113883.6.85; IndustryClassificationSystem 2.16.840.1.113883.1.11.16039;          and US Census Occupation Code OID: 2.16.840.1.113883.6.243 for relevant recipient or custodian codes not included in this value set.            If no source is indicated in the definition comments, then these are example FHIR codes.          It can be extended with appropriate roles described by SNOMED as well as those described in the HL7 Role Based Access Control Catalog and the          HL7 Healthcare (Security and Privacy) Access Control Catalog.            In Role-Based Access Control (RBAC), permissions are operations on an object that a user wishes to access. Permissions are grouped into roles.          A role characterizes the functions a user is allowed to perform. Roles are assigned to users. If the user's role has the appropriate permissions          to access an object, then that user is granted access to the object. FHIR readily enables RBAC, as FHIR Resources are object types and the CRUDE          events (the FHIR equivalent to permissions in the RBAC scheme) are operations on those objects.          In Attribute-Based Access Control (ABAC), a user requests to perform operations on objects. That user's access request is granted or denied          based on a set of access control policies that are specified in terms of attributes and conditions. FHIR readily enables ABAC, as instances of          a Resource in FHIR (again, Resources are object types) can have attributes associated with them. These attributes include security tags,          environment conditions, and a host of user and object characteristics, which are the same attributes as those used in ABAC. Attributes help          define the access control policies that determine the operations a user may perform on a Resource (in FHIR) or object (in ABAC). For example,          a tag (or attribute) may specify that the identified Resource (object) is not to be further disclosed without explicit consent from the patient.",
      "systems" : [
        "http://terminology.hl7.org/CodeSystem/extra-security-role-type",
        "http://terminology.hl7.org/CodeSystem/v3-RoleCode",
        "http://terminology.hl7.org/CodeSystem/v3-RoleClass",
        "http://terminology.hl7.org/CodeSystem/v3-ParticipationFunction",
        "http://terminology.hl7.org/CodeSystem/contractsignertypecodes",
        "http://terminology.hl7.org/CodeSystem/v3-ParticipationType",
        "http://dicom.nema.org/resources/ontology/DCM"
      ],
      "oids" : ["2.16.840.1.113883.4.642.3.978"],
      "sources" : ["2.16.840.1.113883.4.642.3.978"],
      "uses" : {
      },
      "StructureDefinition-ncpi-research-access-policy.html" : "NCPI Research Access Policy"
    },
    {
      "url" : "http://hl7.org/fhir/ValueSet/specimen-collection-method",
      "version" : "4.0.1",
      "status" : "draft",
      "name" : "FHIRSpecimenCollectionMethod",
      "title" : "FHIR Specimen Collection Method",
      "description" : " This example value set defines a set of codes that can be used to indicate the method by which a specimen was collected.",
      "systems" : ["http://snomed.info/sct"],
      "oids" : ["2.16.840.1.113883.4.642.3.468"],
      "sources" : ["2.16.840.1.113883.4.642.3.468"],
      "uses" : {
      },
      "StructureDefinition-ncpi-sample.html" : "NCPI Sample"
    },
    {
      "url" : "http://hl7.org/fhir/ValueSet/specimen-container-type",
      "version" : "4.0.1",
      "status" : "draft",
      "name" : "SpecimenContainerType",
      "title" : "Specimen Container Type",
      "description" : "Checks on the patient prior specimen collection. All SNOMED CT concepts descendants of 706041008 |Device for body fluid and tissue collection/transfer/processing (physical object)|",
      "systems" : ["http://snomed.info/sct"],
      "oids" : ["2.16.840.1.113883.4.642.3.470"],
      "sources" : ["2.16.840.1.113883.4.642.3.470"],
      "uses" : {
      },
      "StructureDefinition-ncpi-sample.html" : "NCPI Sample"
    },
    {
      "url" : "http://hl7.org/fhir/ValueSet/specimen-processing-procedure",
      "version" : "4.0.1",
      "status" : "draft",
      "name" : "SpecimenProcessingProcedure",
      "title" : "Specimen processing procedure",
      "description" : "The technique that is used to perform the process or preserve the specimen.",
      "systems" : ["http://terminology.hl7.org/CodeSystem/v2-0373"],
      "oids" : ["2.16.840.1.113883.4.642.3.469"],
      "sources" : ["2.16.840.1.113883.4.642.3.469"],
      "uses" : {
      },
      "StructureDefinition-ncpi-sample.html" : "NCPI Sample"
    },
    {
      "url" : "http://hl7.org/fhir/ValueSet/specimen-status",
      "version" : "4.0.1",
      "status" : "draft",
      "name" : "SpecimenStatus",
      "title" : "SpecimenStatus",
      "description" : "Codes providing the status/availability of a specimen.",
      "systems" : ["http://hl7.org/fhir/specimen-status"],
      "oids" : ["2.16.840.1.113883.4.642.3.471"],
      "sources" : ["2.16.840.1.113883.4.642.3.471"],
      "uses" : {
      },
      "StructureDefinition-ncpi-sample.html" : "NCPI Sample"
    },
    {
      "url" : "http://terminology.hl7.org/ValueSet/v2-0371",
      "version" : "2.0.0",
      "status" : "active",
      "name" : "Hl7VSAdditivePreservative",
      "title" : "hl7VS-additivePreservative",
      "description" : "Concepts specifying any additive introduced to the specimen before or at the time of collection.  These additives may be introduced in order to preserve, maintain or enhance the particular nature or component of the specimen.  Used in Version 2 messaging in the SPM segment.",
      "systems" : ["http://terminology.hl7.org/CodeSystem/v2-0371"],
      "oids" : ["2.16.840.1.113883.21.245"],
      "sources" : ["2.16.840.1.113883.21.245"],
      "uses" : {
      },
      "StructureDefinition-ncpi-sample.html" : "NCPI Sample"
    },
    {
      "url" : "http://terminology.hl7.org/ValueSet/v2-0487",
      "version" : "2.0.0",
      "status" : "active",
      "name" : "Hl7VSSpecimenType",
      "title" : "hl7VS-specimenType",
      "description" : "Concepts that describe the precise nature of an entity that may be used as the source material for an observation.  This is one of two code systems that are used instead of table 0070 (code system xxxx) which conflated specimen types and specimen collection methods.   Used in Version 2 messaging in the SPM segment.",
      "systems" : ["http://terminology.hl7.org/CodeSystem/v2-0487"],
      "oids" : ["2.16.840.1.113883.21.327"],
      "sources" : ["2.16.840.1.113883.21.327"],
      "uses" : {
      },
      "StructureDefinition-ncpi-sample.html" : "NCPI Sample"
    },
    {
      "url" : "http://terminology.hl7.org/ValueSet/v2-0493",
      "version" : "2.0.0",
      "status" : "active",
      "name" : "Hl7VSSpecimenCondition",
      "title" : "hl7VS-specimenCondition",
      "description" : "Concepts of modes or states of being that describe the nature of a specimen.  Used in Version 2 messaging in the SPM segment.",
      "systems" : ["http://terminology.hl7.org/CodeSystem/v2-0493"],
      "oids" : ["2.16.840.1.113883.21.333"],
      "sources" : ["2.16.840.1.113883.21.333"],
      "uses" : {
      },
      "StructureDefinition-ncpi-sample.html" : "NCPI Sample"
    },
    {
      "url" : "http://terminology.hl7.org/ValueSet/v2-0916",
      "version" : "2.0.0",
      "status" : "active",
      "name" : "Hl7VSRelevantClincialInformation",
      "title" : "hl7VS-relevantClincialInformation",
      "description" : "Value Set of codes that specify additional clinical information about the patient or specimen to report the supporting and/or suspected diagnosis and clinical findings on requests for interpreted diagnostic studies.",
      "systems" : ["http://terminology.hl7.org/CodeSystem/v2-0916"],
      "oids" : ["2.16.840.1.113883.21.440"],
      "sources" : ["2.16.840.1.113883.21.440"],
      "uses" : {
      },
      "StructureDefinition-ncpi-sample.html" : "NCPI Sample"
    },
    {
      "url" : "http://terminology.hl7.org/ValueSet/v3-ActCode",
      "version" : "3.0.0",
      "status" : "active",
      "name" : "ActCode",
      "title" : "v3 Code System ActCode",
      "description" : "A code specifying the particular kind of Act that the Act-instance represents within its class.  Constraints:\r\nThe kind of Act (e.g. physical examination, serum potassium, inpatient encounter, charge financial transaction, etc.) is specified with a code from one of several, typically external, coding systems.  The coding system will depend on the class of Act, such as LOINC for observations, etc. Conceptually, the Act.code must be a specialization of the Act.classCode. This is why the structure of ActClass domain should be reflected in the superstructure of the ActCode domain and then individual codes or externally referenced vocabularies subordinated under these domains that reflect the ActClass structure. Act.classCode and Act.code are not modifiers of each other but the Act.code concept should really imply the Act.classCode concept. For a negative example, it is not appropriate to use an Act.code \"potassium\" together with and Act.classCode for \"laboratory observation\" to somehow mean \"potassium laboratory observation\" and then use the same Act.code for \"potassium\" together with Act.classCode for \"medication\" to mean \"substitution of potassium\". This mutually modifying use of Act.code and Act.classCode is not permitted.",
      "systems" : ["http://terminology.hl7.org/CodeSystem/v3-ActCode"],
      "uses" : {
      },
      "StructureDefinition-ncpi-drs-file.html" : "NCPI DRS File",
      "StructureDefinition-ncpi-file.html" : "NCPI File"
    },
    {
      "url" : "http://terminology.hl7.org/ValueSet/v3-FamilyMember",
      "version" : "3.0.0",
      "status" : "active",
      "name" : "FamilyMember",
      "title" : "FamilyMember",
      "description" : "A relationship between two people characterizing their \"familial\" relationship",
      "systems" : ["http://terminology.hl7.org/CodeSystem/v3-RoleCode"],
      "oids" : ["2.16.840.1.113883.1.11.19579"],
      "sources" : ["2.16.840.1.113883.1.11.19579"],
      "uses" : {
      },
      "StructureDefinition-ncpi-family-relationship.html" : "Family Relationship",
      "StructureDefinition-family-role.html" : "Study Family Focus"
    },
    {
      "url" : "https://nih-ncpi.github.io/ncpi-fhir-ig-2/ValueSet/collection-type-vs",
      "version" : "0.2.0",
      "status" : "draft",
      "name" : "CollectionTypeVS",
      "title" : "Collection Type",
      "description" : "Enumerated list of Collection types",
      "systems" : [
        "https://nih-ncpi.github.io/ncpi-fhir-ig-2/CodeSystem/collection-type"
      ],
      "uses" : {
      },
      "StructureDefinition-ncpi-research-collection.html" : "NCPI Research Collection",
      "StructureDefinition-SharedDataModelResearchCollection.html" : "Shared Data Model for Research Collection"
    },
    {
      "url" : "https://nih-ncpi.github.io/ncpi-fhir-ig-2/ValueSet/condition-code-vs",
      "version" : "0.2.0",
      "status" : "draft",
      "name" : "ConditionCodeVS",
      "title" : "Condition Codes",
      "description" : "Includes all codes from **HPO** and **MONDO**",
      "systems" : [
        "http://human-phenotype-ontology.org",
        "http://purl.obolibrary.org/obo/mondo.owl"
      ]
    },
    {
      "url" : "https://nih-ncpi.github.io/ncpi-fhir-ig-2/ValueSet/condition-type-vs",
      "version" : "0.2.0",
      "status" : "draft",
      "name" : "ConditionTypeVS",
      "title" : "Type of Condition",
      "description" : "Type of Condition",
      "systems" : [
        "https://nih-ncpi.github.io/ncpi-fhir-ig-2/CodeSystem/condition-type"
      ]
    },
    {
      "url" : "https://nih-ncpi.github.io/ncpi-fhir-ig-2/ValueSet/consanguinity-assertion-vs",
      "version" : "0.2.0",
      "status" : "draft",
      "name" : "ConsanguinityAssertionVS",
      "title" : "Consanguinity Value Codes",
      "description" : "List of codes indicates the level of known consanguinity (blood relation) within a study family.",
      "systems" : ["http://snomed.info/sct"],
      "uses" : {
      },
      "StructureDefinition-consanguinity.html" : "Consanguinity Extension"
    },
    {
      "url" : "https://nih-ncpi.github.io/ncpi-fhir-ig-2/ValueSet/edam-ontology-terms-vs",
      "version" : "0.2.0",
      "status" : "draft",
      "name" : "EDAMOntologyTerms",
      "title" : "Enumerations for the EDAM ontology",
      "description" : "Enumerations for the EDAM ontology",
      "systems" : ["http://edamontology.org"],
      "uses" : {
      },
      "StructureDefinition-ncpi-drs-file.html" : "NCPI DRS File",
      "StructureDefinition-ncpi-file.html" : "NCPI File",
      "StructureDefinition-file-format.html" : "The file format used"
    },
    {
      "url" : "https://nih-ncpi.github.io/ncpi-fhir-ig-2/ValueSet/mesh-terms",
      "version" : "0.2.0",
      "status" : "draft",
      "name" : "MeshTerms",
      "title" : "MeSH Terms",
      "description" : "Example terms from Medical Subject Headings (MeSH) Ontology",
      "systems" : ["http://terminology.hl7.org/CodeSystem/MSH"],
      "uses" : {
      },
      "StructureDefinition-research-disease-use-limitation.html" : "Research Usage Limitation Disease Code"
    },
    {
      "url" : "https://nih-ncpi.github.io/ncpi-fhir-ig-2/ValueSet/ncpi-family-types-vs",
      "version" : "0.2.0",
      "status" : "active",
      "name" : "NcpiFamilyTypesVS",
      "title" : "Family Types Codes",
      "description" : "A value set with all codes used for the expected family types.",
      "systems" : [
        "https://nih-ncpi.github.io/ncpi-fhir-ig-2/CodeSystem/ncpi-family-types"
      ],
      "uses" : {
      },
      "StructureDefinition-family-type.html" : "Family Type Extension"
    },
    {
      "url" : "https://nih-ncpi.github.io/ncpi-fhir-ig-2/ValueSet/phenotypic-feature-assertion-vs",
      "version" : "0.2.0",
      "status" : "draft",
      "name" : "PhenotypicFeatureAssertionVS",
      "title" : "Assertion of Phenotypic Feature Codes",
      "description" : "Assertion of Phenotypic Feature Codes",
      "systems" : [
        "https://nih-ncpi.github.io/ncpi-fhir-ig-2/CodeSystem/phenotypic-feature-assertion"
      ],
      "uses" : {
      },
      "StructureDefinition-ncpi-phenotypic-feature-assertion.html" : "NCPI Phenotypic Feature Assertion"
    },
    {
      "url" : "https://nih-ncpi.github.io/ncpi-fhir-ig-2/ValueSet/phenotypic-feature-code-vs",
      "version" : "0.2.0",
      "status" : "draft",
      "name" : "PhenotypicFeatureCodeVS",
      "title" : "Phenotypic Feature Codes",
      "description" : "Includes all codes from **HPO** ",
      "systems" : ["http://human-phenotype-ontology.org"],
      "uses" : {
      },
      "StructureDefinition-ncpi-phenotypic-feature-assertion.html" : "NCPI Phenotypic Feature Assertion"
    },
    {
      "url" : "https://nih-ncpi.github.io/ncpi-fhir-ig-2/ValueSet/research-data-access-code-vs",
      "version" : "0.2.0",
      "status" : "draft",
      "name" : "ResearchDataAccessCodeVS",
      "title" : "Research Data Access Codes",
      "description" : "Enumerated list of access codes such as dbGaP consent codes among others.",
      "systems" : [
        "https://nih-ncpi.github.io/ncpi-fhir-ig-2/CodeSystem/research-data-access-code"
      ],
      "uses" : {
      },
      "StructureDefinition-ncpi-research-access-policy.html" : "NCPI Research Access Policy",
      "StructureDefinition-SharedDataModelResearchDataAccessPolicy.html" : "Shared Data Model for Research Data Access Policy"
    },
    {
      "url" : "https://nih-ncpi.github.io/ncpi-fhir-ig-2/ValueSet/research-data-access-type-vs",
      "version" : "0.2.0",
      "status" : "draft",
      "name" : "ResearchDataAccessTypeVS",
      "title" : "Research Data Access Type Codes",
      "description" : "Enumerated list of access type codes such as 'Open Access', 'Registered Access' and 'Controlled Access'",
      "systems" : [
        "https://nih-ncpi.github.io/ncpi-fhir-ig-2/CodeSystem/research-data-access-type"
      ],
      "uses" : {
      },
      "StructureDefinition-access-type.html" : "Access Type"
    },
    {
      "url" : "https://nih-ncpi.github.io/ncpi-fhir-ig-2/ValueSet/research-data-date-of-birth-method-vs",
      "version" : "0.2.0",
      "status" : "draft",
      "name" : "ResearchDataDateOfBirthMethodVS",
      "title" : "Enumerations for how DOB was constructed",
      "description" : "Enumerations for how DOB was constructed",
      "systems" : [
        "https://nih-ncpi.github.io/ncpi-fhir-ig-2/CodeSystem/research-data-date-of-birth-method"
      ],
      "uses" : {
      },
      "StructureDefinition-research-date-of-birth-method.html" : "Research Date of Birth Method"
    },
    {
      "url" : "https://nih-ncpi.github.io/ncpi-fhir-ig-2/ValueSet/research-study-party-role-vs",
      "version" : "0.2.0",
      "status" : "active",
      "name" : "ResearchStudyPartyRoleVS",
      "title" : "Family Types Codes",
      "description" : "A value set with all codes used for the expected family types.",
      "systems" : ["http://hl7.org/fhir/research-study-party-role"],
      "uses" : {
      },
      "StructureDefinition-research-study-associated-party.html" : "Research Study Associated Party"
    },
    {
      "url" : "https://nih-ncpi.github.io/ncpi-fhir-ig-2/ValueSet/study-name-type-vs",
      "version" : "0.2.0",
      "status" : "draft",
      "name" : "StudyNameTypeVS",
      "title" : "Study Name Type",
      "description" : "Some common types of study 'names'.",
      "systems" : [
        "https://nih-ncpi.github.io/ncpi-fhir-ig-2/CodeSystem/study-name-type"
      ],
      "uses" : {
      },
      "StructureDefinition-SharedDataModelResearchStudy.html" : "Shared Data Model for Research Study"
    },
    {
      "url" : "https://nih-ncpi.github.io/ncpi-fhir-ig-2/ValueSet/study-personnel-role-vs",
      "version" : "0.2.0",
      "status" : "draft",
      "name" : "StudyPersonnelRoleVS",
      "title" : "Study Personnel Role",
      "description" : "Roles associated with study personnel.",
      "systems" : [
        "https://nih-ncpi.github.io/ncpi-fhir-ig-2/CodeSystem/study-personnel-role"
      ],
      "uses" : {
      },
      "StructureDefinition-SharedDataModelResearchStudy.html" : "Shared Data Model for Research Study"
    },
    {
      "url" : "https://nih-ncpi.github.io/ncpi-fhir-ig-2/ValueSet/title-type",
      "version" : "0.2.0",
      "status" : "draft",
      "name" : "TitleTypeVS",
      "title" : "Title Type",
      "description" : "Used to express the reason and specific aspect for the variant title, such as language and specific language.",
      "systems" : ["http://hl7.org/fhir/title-type"],
      "oids" : ["2.16.840.1.113883.4.642.3.2974"],
      "sources" : ["2.16.840.1.113883.4.642.3.2974"],
      "uses" : {
      },
      "StructureDefinition-label-extension.html" : "Label"
    }
  ]
}
