{
  "codeSystems" : [
    {
      "url" : "http://hl7.org/fhir/ValueSet/title-type",
      "version" : "4.3.0",
      "status" : "draft",
      "name" : "TitleType",
      "title" : "TitleType",
      "description" : "Used to express the reason and specific aspect for the variant title, such as language and specific language.",
      "systems" : ["http://terminology.hl7.org/CodeSystem/title-type"],
      "oids" : ["2.16.840.1.113883.4.642.3.1492"],
      "sources" : ["2.16.840.1.113883.4.642.3.1492"],
      "uses" : {
      },
      "StructureDefinition-label-extension.html" : "Label"
    },
    {
      "url" : "http://terminology.hl7.org/ValueSet/v3-FamilyMember",
      "version" : "3.0.0",
      "status" : "active",
      "name" : "FamilyMember",
      "title" : "FamilyMember",
      "description" : "A relationship between two people characterizing their \"familial\" relationship",
      "systems" : ["http://terminology.hl7.org/CodeSystem/v3-RoleCode"],
      "oids" : ["2.16.840.1.113883.1.11.19579"],
      "sources" : ["2.16.840.1.113883.1.11.19579"],
      "uses" : {
      },
      "StructureDefinition-ncpi-family-relationship.html" : "Family Relationship",
      "StructureDefinition-family-role.html" : "Study Family Focus"
    },
    {
      "url" : "https://nih-ncpi.github.io/ncpi-fhir-ig-2/ValueSet/collection-type-vs",
      "version" : "0.1.0",
      "status" : "draft",
      "name" : "CollectionTypeVS",
      "title" : "Collection Type",
      "description" : "Enumerated list of Collection types",
      "systems" : [
        "https://nih-ncpi.github.io/ncpi-fhir-ig-2/CodeSystem/collection-type"
      ],
      "uses" : {
      },
      "StructureDefinition-ncpi-research-collection.html" : "NCPI Research Collection",
      "StructureDefinition-SharedDataModelResearchCollection.html" : "Shared Data Model for Research Collection"
    },
    {
      "url" : "https://nih-ncpi.github.io/ncpi-fhir-ig-2/ValueSet/consanguinity-assertion-vs",
      "version" : "0.1.0",
      "status" : "draft",
      "name" : "ConsanguinityAssertionVS",
      "title" : "Consanguinity Value Codes",
      "description" : "List of codes indicates the level of known consanguinity (blood relation) within a study family.",
      "systems" : ["http://snomed.info/sct"],
      "uses" : {
      },
      "StructureDefinition-consanguinity.html" : "Consanguinity Extension"
    },
    {
      "url" : "https://nih-ncpi.github.io/ncpi-fhir-ig-2/ValueSet/edam-ontology-terms",
      "version" : "0.1.0",
      "status" : "draft",
      "name" : "EDAMOntologyTerms",
      "title" : "Enumerations for the EDAM ontology",
      "description" : "Enumerations for the EDAM ontology",
      "systems" : ["http://edamontology.org"],
      "uses" : {
      },
      "StructureDefinition-ncpi-file.html" : "NCPI File"
    },
    {
      "url" : "https://nih-ncpi.github.io/ncpi-fhir-ig-2/ValueSet/mesh-terms",
      "version" : "0.1.0",
      "status" : "draft",
      "name" : "MeshTerms",
      "title" : "MeSH Terms",
      "description" : "Example terms from Medical Subject Headings (MeSH) Ontology",
      "systems" : ["urn:oid:2.16.840.1.113883.6.177"],
      "uses" : {
      },
      "StructureDefinition-research-disease-use-limitation.html" : "Research Usage Limitation Disease Code"
    },
    {
      "url" : "https://nih-ncpi.github.io/ncpi-fhir-ig-2/ValueSet/ncpi-family-types-vs",
      "version" : "0.1.0",
      "status" : "active",
      "name" : "NcpiFamilyTypesVS",
      "title" : "Family Types Codes",
      "description" : "A value set with all codes used for the expected family types.",
      "systems" : [
        "https://nih-ncpi.github.io/ncpi-fhir-ig-2/CodeSystem/ncpi-family-types"
      ],
      "uses" : {
      },
      "StructureDefinition-family-type.html" : "Family Type Extension"
    },
    {
      "url" : "https://nih-ncpi.github.io/ncpi-fhir-ig-2/ValueSet/research-data-access-code-vs",
      "version" : "0.1.0",
      "status" : "draft",
      "name" : "ResearchDataAccessCodeVS",
      "title" : "Research Data Access Codes",
      "description" : "Enumerated list of access codes such as dbGaP consent codes among others.",
      "systems" : [
        "https://nih-ncpi.github.io/ncpi-fhir-ig-2/CodeSystem/research-data-access-code"
      ],
      "uses" : {
      },
      "StructureDefinition-ncpi-research-access-policy.html" : "NCPI Research Access Policy",
      "StructureDefinition-SharedDataModelResearchDataAccessPolicy.html" : "Shared Data Model for Research Data Access Policy"
    },
    {
      "url" : "https://nih-ncpi.github.io/ncpi-fhir-ig-2/ValueSet/research-data-access-type-vs",
      "version" : "0.1.0",
      "status" : "draft",
      "name" : "ResearchDataAccessTypeVS",
      "title" : "Research Data Access Type Codes",
      "description" : "Enumerated list of access type codes such as 'Open Access', 'Registered Access' and 'Controlled Access'",
      "systems" : [
        "https://nih-ncpi.github.io/ncpi-fhir-ig-2/CodeSystem/research-data-access-type"
      ],
      "uses" : {
      },
      "StructureDefinition-access-type.html" : "Access Type"
    },
    {
      "url" : "https://nih-ncpi.github.io/ncpi-fhir-ig-2/ValueSet/research-data-date-of-birth-method-vs",
      "version" : "0.1.0",
      "status" : "draft",
      "name" : "ResearchDataDateOfBirthMethodVS",
      "title" : "Enumerations for how DOB was constructed",
      "description" : "Enumerations for how DOB was constructed",
      "systems" : ["http://terminology.hl7.org/CodeSystem/title-type"],
      "uses" : {
      },
      "StructureDefinition-research-date-of-birth-method.html" : "Research Date of Birth Method"
    },
    {
      "url" : "https://nih-ncpi.github.io/ncpi-fhir-ig-2/ValueSet/study-name-type-vs",
      "version" : "0.1.0",
      "status" : "draft",
      "name" : "StudyNameTypeVS",
      "title" : "Study Name Type",
      "description" : "Some common types of study 'names'.",
      "systems" : [
        "https://nih-ncpi.github.io/ncpi-fhir-ig-2/CodeSystem/study-name-type"
      ],
      "uses" : {
      },
      "StructureDefinition-SharedDataModelResearchStudy.html" : "Shared Data Model for Research Study"
    },
    {
      "url" : "https://nih-ncpi.github.io/ncpi-fhir-ig-2/ValueSet/study-personnel-role-vs",
      "version" : "0.1.0",
      "status" : "draft",
      "name" : "StudyPersonnelRoleVS",
      "title" : "Study Personnel Role",
      "description" : "Roles associated with study personnel.",
      "systems" : [
        "https://nih-ncpi.github.io/ncpi-fhir-ig-2/CodeSystem/study-personnel-role"
      ],
      "uses" : {
      },
      "StructureDefinition-SharedDataModelResearchStudy.html" : "Shared Data Model for Research Study"
    }
  ]
}
