<?xml version="1.0" encoding="UTF-8"?>

<ValueSet xmlns="http://hl7.org/fhir">
  <id value="research-study-party-role-vs"/>
  <text>
    <status value="generated"/><div xmlns="http://www.w3.org/1999/xhtml"><p class="res-header-id"><b>Generated Narrative: ValueSet research-study-party-role-vs</b></p><a name="research-study-party-role-vs"> </a><a name="hcresearch-study-party-role-vs"> </a><ul><li>Include all codes defined in <a href="CodeSystem-research-study-party-role.html"><code>http://hl7.org/fhir/research-study-party-role</code></a></li></ul></div>
  </text>
  <url value="https://nih-ncpi.github.io/ncpi-fhir-ig-2/ValueSet/research-study-party-role-vs"/>
  <version value="0.2.0"/>
  <name value="ResearchStudyPartyRoleVS"/>
  <title value="Family Types Codes"/>
  <status value="active"/>
  <experimental value="true"/>
  <date value="2025-07-21T16:06:27+00:00"/>
  <publisher value="NCPI FHIR Working Group"/>
  <contact>
    <name value="NCPI FHIR Working Group"/>
    <telecom>
      <system value="url"/>
      <value value="http://example.org/example-publisher"/>
    </telecom>
    <telecom>
      <system value="email"/>
      <value value="ncpi-fhir-ig@googlegroups.com"/>
    </telecom>
  </contact>
  <description value="A value set with all codes used for the expected family types."/>
  <compose>
    <include>
      <system value="http://hl7.org/fhir/research-study-party-role"/>
    </include>
  </compose>
</ValueSet>