{"resourceType":"CodeSystem","id":"strandedness-cs","text":{"status":"generated","div":"<div xmlns=\"http://www.w3.org/1999/xhtml\"><p class=\"res-header-id\"><b>Generated Narrative: CodeSystem strandedness-cs</b></p><a name=\"strandedness-cs\"> </a><a name=\"hcstrandedness-cs\"> </a><p>This case-sensitive code system <code>https://nih-ncpi.github.io/ncpi-fhir-ig-2/CodeSystem/strandedness-cs</code> defines the following codes:</p><table class=\"codes\"><tr><td style=\"white-space:nowrap\"><b>Code</b></td><td><b>Display</b></td></tr><tr><td style=\"white-space:nowrap\">stranded<a name=\"strandedness-cs-stranded\"> </a></td><td>Stranded</td></tr><tr><td style=\"white-space:nowrap\">unstranded<a name=\"strandedness-cs-unstranded\"> </a></td><td>Unstranded</td></tr><tr><td style=\"white-space:nowrap\">unknown<a name=\"strandedness-cs-unknown\"> </a></td><td>Unknown</td></tr></table></div>"},"url":"https://nih-ncpi.github.io/ncpi-fhir-ig-2/CodeSystem/strandedness-cs","version":"0.2.0","name":"StrandednessCS","title":"Strandedness options","status":"active","experimental":false,"date":"2025-07-22T19:44:39+00:00","publisher":"NCPI FHIR Working Group","contact":[{"name":"NCPI FHIR Working Group","telecom":[{"system":"url","value":"http://example.org/example-publisher"},{"system":"email","value":"ncpi-fhir-ig@googlegroups.com"}]}],"description":"Strandedness options","caseSensitive":true,"content":"complete","count":3,"concept":[{"code":"stranded","display":"Stranded"},{"code":"unstranded","display":"Unstranded"},{"code":"unknown","display":"Unknown"}]}