{"resourceType":"CodeSystem","id":"library-selection-cs","text":{"status":"generated","div":"<div xmlns=\"http://www.w3.org/1999/xhtml\"><p class=\"res-header-id\"><b>Generated Narrative: CodeSystem library-selection-cs</b></p><a name=\"library-selection-cs\"> </a><a name=\"hclibrary-selection-cs\"> </a><a name=\"library-selection-cs-en-US\"> </a><p>This  code system <code>https://nih-ncpi.github.io/ncpi-fhir-ig-2/CodeSystem/library-selection-cs</code> defines the following codes:</p><table class=\"codes\"><tr><td style=\"white-space:nowrap\"><b>Code</b></td><td><b>Display</b></td></tr><tr><td style=\"white-space:nowrap\">PolyTEnrichment<a name=\"library-selection-cs-PolyTEnrichment\"> </a></td><td>Poly-T Enrichment</td></tr><tr><td style=\"white-space:nowrap\">unknown<a name=\"library-selection-cs-unknown\"> </a></td><td>Unknown</td></tr></table></div>"},"url":"https://nih-ncpi.github.io/ncpi-fhir-ig-2/CodeSystem/library-selection-cs","version":"0.1.0","name":"LibrarySelectionCS","title":"Library selection options","status":"draft","date":"2025-03-24T15:08:47+00:00","publisher":"NCPI FHIR Working Group","contact":[{"name":"NCPI FHIR Working Group","telecom":[{"system":"url","value":"http://example.org/example-publisher"},{"system":"email","value":"ncpi-fhir-ig@googlegroups.com"}]}],"description":"Library selection options","content":"complete","count":2,"concept":[{"code":"PolyTEnrichment","display":"Poly-T Enrichment"},{"code":"unknown","display":"Unknown"}]}