{"resourceType":"CodeSystem","id":"wgs-parameters","text":{"status":"generated","div":"<div xmlns=\"http://www.w3.org/1999/xhtml\"><p class=\"res-header-id\"><b>Generated Narrative: CodeSystem wgs-parameters</b></p><a name=\"wgs-parameters\"> </a><a name=\"hcwgs-parameters\"> </a><p>This  code system <code>https://nih-ncpi.github.io/ncpi-fhir-ig-2/CodeSystem/wgs-parameters</code> defines the following codes:</p><table class=\"codes\"><tr><td style=\"white-space:nowrap\"><b>Code</b></td><td><b>Display</b></td></tr><tr><td style=\"white-space:nowrap\">fastq-format<a name=\"wgs-parameters-fastq-format\"> </a></td><td>FASTQ Format</td></tr><tr><td style=\"white-space:nowrap\">read-length<a name=\"wgs-parameters-read-length\"> </a></td><td>Read Length</td></tr><tr><td style=\"white-space:nowrap\">paired-end<a name=\"wgs-parameters-paired-end\"> </a></td><td>Paired End</td></tr><tr><td style=\"white-space:nowrap\">adapter-sequence<a name=\"wgs-parameters-adapter-sequence\"> </a></td><td>Adapter Sequence</td></tr><tr><td style=\"white-space:nowrap\">min-base-quality<a name=\"wgs-parameters-min-base-quality\"> </a></td><td>Minimum Base Quality</td></tr><tr><td style=\"white-space:nowrap\">reference-genome<a name=\"wgs-parameters-reference-genome\"> </a></td><td>Reference Genome</td></tr><tr><td style=\"white-space:nowrap\">mark-duplicates<a name=\"wgs-parameters-mark-duplicates\"> </a></td><td>Mark Duplicates</td></tr><tr><td style=\"white-space:nowrap\">variant-caller<a name=\"wgs-parameters-variant-caller\"> </a></td><td>Variant Caller</td></tr><tr><td style=\"white-space:nowrap\">variant-caller-mode<a name=\"wgs-parameters-variant-caller-mode\"> </a></td><td>Variant Caller Mode</td></tr><tr><td style=\"white-space:nowrap\">ploidy<a name=\"wgs-parameters-ploidy\"> </a></td><td>Ploidy</td></tr><tr><td style=\"white-space:nowrap\">population-database<a name=\"wgs-parameters-population-database\"> </a></td><td>Population Database</td></tr><tr><td style=\"white-space:nowrap\">annotation-tool<a name=\"wgs-parameters-annotation-tool\"> </a></td><td>Annotation Tool</td></tr><tr><td style=\"white-space:nowrap\">target-region<a name=\"wgs-parameters-target-region\"> </a></td><td>Target Region</td></tr></table></div>"},"url":"https://nih-ncpi.github.io/ncpi-fhir-ig-2/CodeSystem/wgs-parameters","version":"0.2.0","name":"WGSParameters","title":"WGS Task Input Parameters","status":"draft","date":"2025-08-12T16:58:49+00:00","publisher":"NCPI FHIR Working Group","contact":[{"name":"NCPI FHIR Working Group","telecom":[{"system":"url","value":"http://example.org/example-publisher"},{"system":"email","value":"ncpi-fhir-ig@googlegroups.com"}]}],"description":"Parameters for WGS Task Input example","content":"complete","count":13,"concept":[{"code":"fastq-format","display":"FASTQ Format"},{"code":"read-length","display":"Read Length"},{"code":"paired-end","display":"Paired End"},{"code":"adapter-sequence","display":"Adapter Sequence"},{"code":"min-base-quality","display":"Minimum Base Quality"},{"code":"reference-genome","display":"Reference Genome"},{"code":"mark-duplicates","display":"Mark Duplicates"},{"code":"variant-caller","display":"Variant Caller"},{"code":"variant-caller-mode","display":"Variant Caller Mode"},{"code":"ploidy","display":"Ploidy"},{"code":"population-database","display":"Population Database"},{"code":"annotation-tool","display":"Annotation Tool"},{"code":"target-region","display":"Target Region"}]}