{"resourceType":"CodeSystem","id":"library-prep-cs","text":{"status":"generated","div":"<div xmlns=\"http://www.w3.org/1999/xhtml\"><p class=\"res-header-id\"><b>Generated Narrative: CodeSystem library-prep-cs</b></p><a name=\"library-prep-cs\"> </a><a name=\"hclibrary-prep-cs\"> </a><a name=\"library-prep-cs-en-US\"> </a><p>This  code system <code>https://nih-ncpi.github.io/ncpi-fhir-ig-2/CodeSystem/library-prep-cs</code> defines the following codes:</p><table class=\"codes\"><tr><td style=\"white-space:nowrap\"><b>Code</b></td><td><b>Display</b></td></tr><tr><td style=\"white-space:nowrap\">polyA<a name=\"library-prep-cs-polyA\"> </a></td><td>polyA</td></tr><tr><td style=\"white-space:nowrap\">unknown<a name=\"library-prep-cs-unknown\"> </a></td><td>Unknown</td></tr></table></div>"},"url":"https://nih-ncpi.github.io/ncpi-fhir-ig-2/CodeSystem/library-prep-cs","version":"0.1.0","name":"LibraryPrepCS","title":"Library prep options","status":"draft","date":"2025-03-24T15:08:47+00:00","publisher":"NCPI FHIR Working Group","contact":[{"name":"NCPI FHIR Working Group","telecom":[{"system":"url","value":"http://example.org/example-publisher"},{"system":"email","value":"ncpi-fhir-ig@googlegroups.com"}]}],"description":"Library prep options","content":"complete","count":2,"concept":[{"code":"polyA","display":"polyA"},{"code":"unknown","display":"Unknown"}]}