{"resourceType":"ValueSet","id":"research-study-party-role-vs","text":{"status":"generated","div":"<div xmlns=\"http://www.w3.org/1999/xhtml\"><p class=\"res-header-id\"><b>Generated Narrative: ValueSet research-study-party-role-vs</b></p><a name=\"research-study-party-role-vs\"> </a><a name=\"hcresearch-study-party-role-vs\"> </a><ul><li>Include all codes defined in <a href=\"CodeSystem-research-study-party-role.html\"><code>http://hl7.org/fhir/research-study-party-role</code></a></li></ul></div>"},"url":"https://nih-ncpi.github.io/ncpi-fhir-ig-2/ValueSet/research-study-party-role-vs","version":"0.2.0","name":"ResearchStudyPartyRoleVS","title":"Family Types Codes","status":"active","experimental":true,"date":"2025-07-21T16:06:27+00:00","publisher":"NCPI FHIR Working Group","contact":[{"name":"NCPI FHIR Working Group","telecom":[{"system":"url","value":"http://example.org/example-publisher"},{"system":"email","value":"ncpi-fhir-ig@googlegroups.com"}]}],"description":"A value set with all codes used for the expected family types.","compose":{"include":[{"system":"http://hl7.org/fhir/research-study-party-role"}]}}