{"resourceType":"ValueSet","id":"condition-laterality-vs","text":{"status":"generated","div":"<div xmlns=\"http://www.w3.org/1999/xhtml\"><p class=\"res-header-id\"><b>Generated Narrative: ValueSet condition-laterality-vs</b></p><a name=\"condition-laterality-vs\"> </a><a name=\"hccondition-laterality-vs\"> </a><a name=\"condition-laterality-vs-en-US\"> </a><ul><li>Include all codes defined in <code>http://hl7.org/fhir/us/mcode/ValueSet/mcode-laterality-qualifier-vs</code></li></ul></div>"},"url":"https://nih-ncpi.github.io/ncpi-fhir-ig-2/ValueSet/condition-laterality-vs","version":"0.1.0","name":"LateralityQualifierVS","title":"Laterality Information","status":"draft","date":"2024-09-12T18:14:21+00:00","publisher":"NCPI FHIR Working Group","contact":[{"name":"NCPI FHIR Working Group","telecom":[{"system":"url","value":"http://example.org/example-publisher"},{"system":"email","value":"ncpi-fhir-ig@googlegroups.com"}]}],"description":"Laterality Information","compose":{"include":[{"system":"http://hl7.org/fhir/us/mcode/ValueSet/mcode-laterality-qualifier-vs"}]}}