{"resourceType":"ValueSet","id":"condition-type-vs","text":{"status":"generated","div":"<div xmlns=\"http://www.w3.org/1999/xhtml\"><p class=\"res-header-id\"><b>Generated Narrative: ValueSet condition-type-vs</b></p><a name=\"condition-type-vs\"> </a><a name=\"hccondition-type-vs\"> </a><a name=\"condition-type-vs-en-US\"> </a><ul><li>Include all codes defined in <a href=\"CodeSystem-condition-type.html\"><code>https://nih-ncpi.github.io/ncpi-fhir-ig-2/CodeSystem/condition-type</code></a></li></ul></div>"},"url":"https://nih-ncpi.github.io/ncpi-fhir-ig-2/ValueSet/condition-type-vs","version":"0.1.0","name":"ConditionTypeVS","title":"Type of Condition","status":"draft","date":"2024-09-26T18:25:51+00:00","publisher":"NCPI FHIR Working Group","contact":[{"name":"NCPI FHIR Working Group","telecom":[{"system":"url","value":"http://example.org/example-publisher"},{"system":"email","value":"ncpi-fhir-ig@googlegroups.com"}]}],"compose":{"include":[{"system":"https://nih-ncpi.github.io/ncpi-fhir-ig-2/CodeSystem/condition-type"}]}}