{"resourceType":"ValueSet","id":"research-data-date-of-birth-method-vs","text":{"status":"generated","div":"<div xmlns=\"http://www.w3.org/1999/xhtml\"><p class=\"res-header-id\"><b>Generated Narrative: ValueSet research-data-date-of-birth-method-vs</b></p><a name=\"research-data-date-of-birth-method-vs\"> </a><a name=\"hcresearch-data-date-of-birth-method-vs\"> </a><a name=\"research-data-date-of-birth-method-vs-en-US\"> </a><ul><li>Include all codes defined in <a href=\"http://hl7.org/fhir/R4B/codesystem-title-type.html\"><code>http://terminology.hl7.org/CodeSystem/title-type</code></a></li></ul></div>"},"url":"https://nih-ncpi.github.io/ncpi-fhir-ig-2/ValueSet/research-data-date-of-birth-method-vs","version":"0.1.0","name":"ResearchDataDateOfBirthMethodVS","title":"Enumerations for how DOB was constructed","status":"draft","date":"2025-01-06T15:08:44+00:00","publisher":"NCPI FHIR Working Group","contact":[{"name":"NCPI FHIR Working Group","telecom":[{"system":"url","value":"http://example.org/example-publisher"},{"system":"email","value":"ncpi-fhir-ig@googlegroups.com"}]}],"description":"Enumerations for how DOB was constructed","compose":{"include":[{"system":"http://terminology.hl7.org/CodeSystem/title-type"}]}}