{"resourceType":"ValueSet","id":"condition-assertion-vs","text":{"status":"generated","div":"<div xmlns=\"http://www.w3.org/1999/xhtml\"><p class=\"res-header-id\"><b>Generated Narrative: ValueSet condition-assertion-vs</b></p><a name=\"condition-assertion-vs\"> </a><a name=\"hccondition-assertion-vs\"> </a><a name=\"condition-assertion-vs-en-US\"> </a><ul><li>Include all codes defined in <a href=\"CodeSystem-condition-assertion.html\"><code>https://nih-ncpi.github.io/ncpi-fhir-ig-2/CodeSystem/condition-assertion</code></a></li></ul></div>"},"url":"https://nih-ncpi.github.io/ncpi-fhir-ig-2/ValueSet/condition-assertion-vs","version":"0.1.0","name":"ConditionAssertionVS","title":"Assertion of Condition Codes","status":"draft","date":"2024-09-25T18:09:20+00:00","publisher":"NCPI FHIR Working Group","contact":[{"name":"NCPI FHIR Working Group","telecom":[{"system":"url","value":"http://example.org/example-publisher"},{"system":"email","value":"ncpi-fhir-ig@googlegroups.com"}]}],"compose":{"include":[{"system":"https://nih-ncpi.github.io/ncpi-fhir-ig-2/CodeSystem/condition-assertion"}]}}