{"resourceType":"ValueSet","id":"phenotypic-feature-code-vs","text":{"status":"generated","div":"<div xmlns=\"http://www.w3.org/1999/xhtml\"><p class=\"res-header-id\"><b>Generated Narrative: ValueSet phenotypic-feature-code-vs</b></p><a name=\"phenotypic-feature-code-vs\"> </a><a name=\"hcphenotypic-feature-code-vs\"> </a><ul><li>Include all codes defined in <a href=\"http://terminology.hl7.org/6.2.0/CodeSystem-HPO.html\"><code>http://human-phenotype-ontology.org</code></a></li></ul></div>"},"url":"https://nih-ncpi.github.io/ncpi-fhir-ig-2/ValueSet/phenotypic-feature-code-vs","version":"0.2.0","name":"PhenotypicFeatureCodeVS","title":"Phenotypic Feature Codes","status":"draft","experimental":false,"date":"2025-08-11T15:03:48+00:00","publisher":"NCPI FHIR Working Group","contact":[{"name":"NCPI FHIR Working Group","telecom":[{"system":"url","value":"http://example.org/example-publisher"},{"system":"email","value":"ncpi-fhir-ig@googlegroups.com"}]}],"description":"Includes all codes from **HPO** ","compose":{"include":[{"system":"http://human-phenotype-ontology.org"}]}}