{"resourceType":"ValueSet","id":"edam-ontology-terms","text":{"status":"generated","div":"<div xmlns=\"http://www.w3.org/1999/xhtml\"><p class=\"res-header-id\"><b>Generated Narrative: ValueSet edam-ontology-terms</b></p><a name=\"edam-ontology-terms\"> </a><a name=\"hcedam-ontology-terms\"> </a><a name=\"edam-ontology-terms-en-US\"> </a><ul><li>Include all codes defined in <code>http://edamontology.org</code></li></ul></div>"},"url":"https://nih-ncpi.github.io/ncpi-fhir-ig-2/ValueSet/edam-ontology-terms","version":"0.1.0","name":"EDAMOntologyTerms","title":"Enumerations for the EDAM ontology","status":"draft","date":"2024-10-30T18:30:14+00:00","publisher":"NCPI FHIR Working Group","contact":[{"name":"NCPI FHIR Working Group","telecom":[{"system":"url","value":"http://example.org/example-publisher"},{"system":"email","value":"ncpi-fhir-ig@googlegroups.com"}]}],"description":"Enumerations for the EDAM ontology","compose":{"include":[{"system":"http://edamontology.org"}]}}