{"resourceType":"ValueSet","id":"condition-location-vs","text":{"status":"generated","div":"<div xmlns=\"http://www.w3.org/1999/xhtml\"><p class=\"res-header-id\"><b>Generated Narrative: ValueSet condition-location-vs</b></p><a name=\"condition-location-vs\"> </a><a name=\"hccondition-location-vs\"> </a><a name=\"condition-location-vs-en-US\"> </a><ul><li>Include all codes defined in <code>http://hl7.org/fhir/us/mcode/ValueSet/mcode-body-location-qualifier-vs</code></li></ul></div>"},"url":"https://nih-ncpi.github.io/ncpi-fhir-ig-2/ValueSet/condition-location-vs","version":"0.1.0","name":"BodyLocationQualifierVS","title":"Location Information","status":"draft","date":"2024-10-07T20:39:38+00:00","publisher":"NCPI FHIR Working Group","contact":[{"name":"NCPI FHIR Working Group","telecom":[{"system":"url","value":"http://example.org/example-publisher"},{"system":"email","value":"ncpi-fhir-ig@googlegroups.com"}]}],"description":"Location Information","compose":{"include":[{"system":"http://hl7.org/fhir/us/mcode/ValueSet/mcode-body-location-qualifier-vs"}]}}