{
  "resourceType" : "CodeSystem",
  "id" : "condition-type",
  "text" : {
    "status" : "generated",
    "div" : "<div xmlns=\"http://www.w3.org/1999/xhtml\"><p class=\"res-header-id\"><b>Generated Narrative: CodeSystem condition-type</b></p><a name=\"condition-type\"> </a><a name=\"hccondition-type\"> </a><a name=\"condition-type-en-US\"> </a><p>This case-sensitive code system <code>https://nih-ncpi.github.io/ncpi-fhir-ig-2/CodeSystem/condition-type</code> defines the following codes:</p><table class=\"codes\"><tr><td style=\"white-space:nowrap\"><b>Code</b></td><td><b>Display</b></td></tr><tr><td style=\"white-space:nowrap\">Phenotypic-Feature<a name=\"condition-type-Phenotypic-Feature\"> </a></td><td>Phenotypic Feature</td></tr><tr><td style=\"white-space:nowrap\">Disease<a name=\"condition-type-Disease\"> </a></td><td>Disease</td></tr><tr><td style=\"white-space:nowrap\">Comorbidity<a name=\"condition-type-Comorbidity\"> </a></td><td>Comorbidity</td></tr><tr><td style=\"white-space:nowrap\">Histology<a name=\"condition-type-Histology\"> </a></td><td>Histology</td></tr><tr><td style=\"white-space:nowrap\">Clinical-Finding<a name=\"condition-type-Clinical-Finding\"> </a></td><td>Clinical Finding</td></tr><tr><td style=\"white-space:nowrap\">EHR-Condition-Code<a name=\"condition-type-EHR-Condition-Code\"> </a></td><td>EHR Condition Code</td></tr></table></div>"
  },
  "url" : "https://nih-ncpi.github.io/ncpi-fhir-ig-2/CodeSystem/condition-type",
  "version" : "0.1.0",
  "name" : "ConditionType",
  "title" : "Type of Condition",
  "status" : "draft",
  "experimental" : false,
  "date" : "2024-10-08T13:48:24+00:00",
  "publisher" : "NCPI FHIR Working Group",
  "contact" : [{
    "name" : "NCPI FHIR Working Group",
    "telecom" : [{
      "system" : "url",
      "value" : "http://example.org/example-publisher"
    },
    {
      "system" : "email",
      "value" : "ncpi-fhir-ig@googlegroups.com"
    }]
  }],
  "description" : "Code System for type of condition",
  "caseSensitive" : true,
  "content" : "complete",
  "count" : 6,
  "concept" : [{
    "code" : "Phenotypic-Feature",
    "display" : "Phenotypic Feature"
  },
  {
    "code" : "Disease",
    "display" : "Disease"
  },
  {
    "code" : "Comorbidity",
    "display" : "Comorbidity"
  },
  {
    "code" : "Histology",
    "display" : "Histology"
  },
  {
    "code" : "Clinical-Finding",
    "display" : "Clinical Finding"
  },
  {
    "code" : "EHR-Condition-Code",
    "display" : "EHR Condition Code"
  }]
}