{
  "resourceType" : "CodeSystem",
  "id" : "workflow-tool-cs",
  "text" : {
    "status" : "generated",
    "div" : "<div xmlns=\"http://www.w3.org/1999/xhtml\"><p class=\"res-header-id\"><b>Generated Narrative: CodeSystem workflow-tool-cs</b></p><a name=\"workflow-tool-cs\"> </a><a name=\"hcworkflow-tool-cs\"> </a><a name=\"workflow-tool-cs-en-US\"> </a><p>This  code system <code>https://nih-ncpi.github.io/ncpi-fhir-ig-2/CodeSystem/workflow-tool-cs</code> defines the following codes:</p><table class=\"codes\"><tr><td style=\"white-space:nowrap\"><b>Code</b></td><td><b>Display</b></td></tr><tr><td style=\"white-space:nowrap\">bammem<a name=\"workflow-tool-cs-bammem\"> </a></td><td>BAM-MEM</td></tr><tr><td style=\"white-space:nowrap\">GATKHaplotypeCaller<a name=\"workflow-tool-cs-GATKHaplotypeCaller\"> </a></td><td>GATK-Haplotype Caller</td></tr><tr><td style=\"white-space:nowrap\">unknown<a name=\"workflow-tool-cs-unknown\"> </a></td><td>Unknown</td></tr></table></div>"
  },
  "url" : "https://nih-ncpi.github.io/ncpi-fhir-ig-2/CodeSystem/workflow-tool-cs",
  "version" : "0.1.0",
  "name" : "WorkflowToolCS",
  "title" : "Workflow tool options",
  "status" : "draft",
  "date" : "2025-01-27T23:56:01+00:00",
  "publisher" : "NCPI FHIR Working Group",
  "contact" : [{
    "name" : "NCPI FHIR Working Group",
    "telecom" : [{
      "system" : "url",
      "value" : "http://example.org/example-publisher"
    },
    {
      "system" : "email",
      "value" : "ncpi-fhir-ig@googlegroups.com"
    }]
  }],
  "description" : "Workflow tool options",
  "content" : "complete",
  "count" : 3,
  "concept" : [{
    "code" : "bammem",
    "display" : "BAM-MEM"
  },
  {
    "code" : "GATKHaplotypeCaller",
    "display" : "GATK-Haplotype Caller"
  },
  {
    "code" : "unknown",
    "display" : "Unknown"
  }]
}