{
  "resourceType" : "CodeSystem",
  "id" : "workflow-type-cs",
  "text" : {
    "status" : "generated",
    "div" : "<div xmlns=\"http://www.w3.org/1999/xhtml\"><p class=\"res-header-id\"><b>Generated Narrative: CodeSystem workflow-type-cs</b></p><a name=\"workflow-type-cs\"> </a><a name=\"hcworkflow-type-cs\"> </a><a name=\"workflow-type-cs-en-US\"> </a><p>This  code system <code>https://nih-ncpi.github.io/ncpi-fhir-ig-2/CodeSystem/workflow-type-cs</code> defines the following codes:</p><table class=\"codes\"><tr><td style=\"white-space:nowrap\"><b>Code</b></td><td><b>Display</b></td></tr><tr><td style=\"white-space:nowrap\">alignment<a name=\"workflow-type-cs-alignment\"> </a></td><td>Alignment</td></tr><tr><td style=\"white-space:nowrap\">somatic<a name=\"workflow-type-cs-somatic\"> </a></td><td>Somatic</td></tr><tr><td style=\"white-space:nowrap\">unknown<a name=\"workflow-type-cs-unknown\"> </a></td><td>Unknown</td></tr></table></div>"
  },
  "url" : "https://nih-ncpi.github.io/ncpi-fhir-ig-2/CodeSystem/workflow-type-cs",
  "version" : "0.1.0",
  "name" : "WorkflowTypeCS",
  "title" : "Workflow type options",
  "status" : "draft",
  "date" : "2025-01-28T00:06:22+00:00",
  "publisher" : "NCPI FHIR Working Group",
  "contact" : [{
    "name" : "NCPI FHIR Working Group",
    "telecom" : [{
      "system" : "url",
      "value" : "http://example.org/example-publisher"
    },
    {
      "system" : "email",
      "value" : "ncpi-fhir-ig@googlegroups.com"
    }]
  }],
  "description" : "Workflow type options",
  "content" : "complete",
  "count" : 3,
  "concept" : [{
    "code" : "alignment",
    "display" : "Alignment"
  },
  {
    "code" : "somatic",
    "display" : "Somatic"
  },
  {
    "code" : "unknown",
    "display" : "Unknown"
  }]
}