{
  "resourceType" : "CodeSystem",
  "id" : "platform-instrument-cs",
  "text" : {
    "status" : "generated",
    "div" : "<div xmlns=\"http://www.w3.org/1999/xhtml\"><p class=\"res-header-id\"><b>Generated Narrative: CodeSystem platform-instrument-cs</b></p><a name=\"platform-instrument-cs\"> </a><a name=\"hcplatform-instrument-cs\"> </a><a name=\"platform-instrument-cs-en-US\"> </a><p>This  code system <code>https://nih-ncpi.github.io/ncpi-fhir-ig-2/CodeSystem/platform-instrument-cs</code> defines the following codes:</p><table class=\"codes\"><tr><td style=\"white-space:nowrap\"><b>Code</b></td><td><b>Display</b></td></tr><tr><td style=\"white-space:nowrap\">IlluminaHiSeq2000<a name=\"platform-instrument-cs-IlluminaHiSeq2000\"> </a></td><td>Illumina HiSeq2000</td></tr><tr><td style=\"white-space:nowrap\">unknown<a name=\"platform-instrument-cs-unknown\"> </a></td><td>Unknown</td></tr></table></div>"
  },
  "url" : "https://nih-ncpi.github.io/ncpi-fhir-ig-2/CodeSystem/platform-instrument-cs",
  "version" : "0.1.0",
  "name" : "PlatformInstrumentCS",
  "title" : "Platform instrument options",
  "status" : "draft",
  "date" : "2024-09-26T19:08:25+00:00",
  "publisher" : "NCPI FHIR Working Group",
  "contact" : [{
    "name" : "NCPI FHIR Working Group",
    "telecom" : [{
      "system" : "url",
      "value" : "http://example.org/example-publisher"
    },
    {
      "system" : "email",
      "value" : "ncpi-fhir-ig@googlegroups.com"
    }]
  }],
  "description" : "Platform instrument options",
  "content" : "complete",
  "count" : 2,
  "concept" : [{
    "code" : "IlluminaHiSeq2000",
    "display" : "Illumina HiSeq2000"
  },
  {
    "code" : "unknown",
    "display" : "Unknown"
  }]
}