{
  "resourceType" : "Consent",
  "id" : "kf-gsr-allowed-access",
  "meta" : {
    "profile" : ["https://nih-ncpi.github.io/ncpi-fhir-ig-2/StructureDefinition/ncpi-research-access-policy"]
  },
  "text" : {
    "status" : "extensions",
    "div" : "<div xmlns=\"http://www.w3.org/1999/xhtml\"><p class=\"res-header-id\"><b>Generated Narrative: Consent kf-gsr-allowed-access</b></p><a name=\"kf-gsr-allowed-access\"> </a><a name=\"hckf-gsr-allowed-access\"> </a><div style=\"display: inline-block; background-color: #d9e0e7; padding: 6px; margin: 4px; border: 1px solid #8da1b4; border-radius: 5px; line-height: 60%\"><p style=\"margin-bottom: 0px\"/><p style=\"margin-bottom: 0px\">Profile: <a href=\"StructureDefinition-ncpi-research-access-policy.html\">NCPI Research Access Policy</a></p></div><p><b>Access Policy Description</b>: </p><div><p>Public Posting of Genomic Summary Results - Allowed.</p>\n</div><p><b>Research Web Link</b>: <a href=\"https://www.genome.gov/about-nhgri/Policies-Guidance/Data-Sharing-Policies-and-Expectations/GSR-update-FAQs\">https://www.genome.gov/about-nhgri/Policies-Guidance/Data-Sharing-Policies-and-Expectations/GSR-update-FAQs</a></p><p><b>Access Type</b>: <span title=\"Codes:{https://nih-ncpi.github.io/ncpi-fhir-ig-2/CodeSystem/research-data-access-type gsr-allowed}\">GSR Allowed</span></p><p><b>status</b>: Pending</p><p><b>scope</b>: <span title=\"Codes:{http://terminology.hl7.org/CodeSystem/consentscope research}\">Research</span></p><p><b>category</b>: <span title=\"Codes:{http://terminology.hl7.org/CodeSystem/consentcategorycodes research}\">Research Information Access</span></p><p><b>policyRule</b>: <span title=\"Codes:{http://terminology.hl7.org/CodeSystem/consentpolicycodes cric}\">Common Rule Informed Consent</span></p></div>"
  },
  "extension" : [{
    "url" : "https://nih-ncpi.github.io/ncpi-fhir-ig-2/StructureDefinition/access-policy-description",
    "valueMarkdown" : "Public Posting of Genomic Summary Results - Allowed."
  },
  {
    "url" : "https://nih-ncpi.github.io/ncpi-fhir-ig-2/StructureDefinition/research-web-Link",
    "valueUrl" : "https://www.genome.gov/about-nhgri/Policies-Guidance/Data-Sharing-Policies-and-Expectations/GSR-update-FAQs"
  },
  {
    "url" : "https://nih-ncpi.github.io/ncpi-fhir-ig-2/StructureDefinition/access-type",
    "valueCodeableConcept" : {
      "coding" : [{
        "system" : "https://nih-ncpi.github.io/ncpi-fhir-ig-2/CodeSystem/research-data-access-type",
        "code" : "gsr-allowed"
      }]
    }
  }],
  "status" : "draft",
  "scope" : {
    "coding" : [{
      "system" : "http://terminology.hl7.org/CodeSystem/consentscope",
      "code" : "research"
    }]
  },
  "category" : [{
    "coding" : [{
      "system" : "http://terminology.hl7.org/CodeSystem/consentcategorycodes",
      "code" : "research",
      "display" : "Research Information Access"
    }]
  }],
  "policyRule" : {
    "coding" : [{
      "system" : "http://terminology.hl7.org/CodeSystem/consentpolicycodes",
      "code" : "cric"
    }]
  }
}