{
  "resourceType" : "Group",
  "id" : "cbtn-family-role-son",
  "meta" : {
    "profile" : ["https://nih-ncpi.github.io/ncpi-fhir-ig-2/StructureDefinition/ncpi-family-role"]
  },
  "text" : {
    "status" : "extensions",
    "div" : "<div xmlns=\"http://www.w3.org/1999/xhtml\"><p class=\"res-header-id\"><b>Generated Narrative: Group cbtn-family-role-son</b></p><a name=\"cbtn-family-role-son\"> </a><a name=\"hccbtn-family-role-son\"> </a><a name=\"cbtn-family-role-son-en-US\"> </a><p><b>Study Family Reference</b>: <a href=\"Group-cbtn-study-family.html\">Group: extension = Trio,Cancer; identifier = https://cbtn.org/#FM-00C8Y7DG; type = person; actual = true</a></p><p><b>Study Family Focus</b>: <span title=\"Codes:{http://terminology.hl7.org/CodeSystem/v3-RoleCode SON}\">natural son</span></p><p><b>type</b>: Person</p><p><b>actual</b>: true</p><h3>Members</h3><table class=\"grid\"><tr><td style=\"display: none\">-</td><td><b>Entity</b></td></tr><tr><td style=\"display: none\">*</td><td><a href=\"Patient-PT-005B7CZ4.html\">Anonymous Patient (no stated gender), DoB:  ( http://chdgenes.org/#20757)</a></td></tr></table></div>"
  },
  "extension" : [{
    "url" : "https://nih-ncpi.github.io/ncpi-fhir-ig-2/StructureDefinition/study-family",
    "valueReference" : {
      "reference" : "Group/cbtn-study-family"
    }
  },
  {
    "url" : "https://nih-ncpi.github.io/ncpi-fhir-ig-2/StructureDefinition/family-role",
    "valueCodeableConcept" : {
      "coding" : [{
        "system" : "http://terminology.hl7.org/CodeSystem/v3-RoleCode",
        "code" : "SON",
        "display" : "natural son"
      }]
    }
  }],
  "type" : "person",
  "actual" : true,
  "member" : [{
    "entity" : {
      "reference" : "Patient/PT-005B7CZ4"
    }
  }]
}