{
  "resourceType" : "Group",
  "id" : "gregor-family-role-child",
  "meta" : {
    "profile" : ["https://nih-ncpi.github.io/ncpi-fhir-ig-2/StructureDefinition/ncpi-family-role"]
  },
  "text" : {
    "status" : "generated",
    "div" : "<div xmlns=\"http://www.w3.org/1999/xhtml\"><p class=\"res-header-id\"><b>Generated Narrative: Group gregor-family-role-child</b></p><a name=\"gregor-family-role-child\"> </a><a name=\"hcgregor-family-role-child\"> </a><a name=\"gregor-family-role-child-en-US\"> </a><p><b>type</b>: Person</p><p><b>actual</b>: true</p><h3>Members</h3><table class=\"grid\"><tr><td style=\"display: none\">-</td><td><b>Entity</b></td></tr><tr><td style=\"display: none\">*</td><td><a href=\"Patient-GSS123456.html\">Anonymous Patient (no stated gender), DoB Unknown ( https://anvil.terra.bio/#GSS123456)</a></td></tr></table></div>"
  },
  "type" : "person",
  "actual" : true,
  "member" : [{
    "entity" : {
      "reference" : "Patient/GSS123456"
    }
  }]
}