{
  "resourceType" : "Group",
  "id" : "gregor-study-family",
  "meta" : {
    "profile" : ["https://nih-ncpi.github.io/ncpi-fhir-ig-2/StructureDefinition/ncpi-study-family"]
  },
  "text" : {
    "status" : "extensions",
    "div" : "<div xmlns=\"http://www.w3.org/1999/xhtml\"><p class=\"res-header-id\"><b>Generated Narrative: Group gregor-study-family</b></p><a name=\"gregor-study-family\"> </a><a name=\"hcgregor-study-family\"> </a><div style=\"display: inline-block; background-color: #d9e0e7; padding: 6px; margin: 4px; border: 1px solid #8da1b4; border-radius: 5px; line-height: 60%\"><p style=\"margin-bottom: 0px\"/><p style=\"margin-bottom: 0px\">Profile: <a href=\"StructureDefinition-ncpi-study-family.html\">NCPI Study Family</a></p></div><p><b>Family Type Extension</b>: <span title=\"Codes:{https://nih-ncpi.github.io/ncpi-fhir-ig-2/CodeSystem/ncpi-family-types Duo}\">Duo</span></p><p><b>identifier</b>: <code>https://anvil.terra.bio/</code>/GSS5555</p><p><b>type</b>: Person</p><p><b>actual</b>: true</p><blockquote><p><b>member</b></p><p><b>entity</b>: <a href=\"Patient-GSS123456.html\">Anonymous Patient (no stated gender), DoB Unknown ( https://anvil.terra.bio/#GSS123456)</a></p></blockquote><blockquote><p><b>member</b></p><p><b>entity</b>: <a href=\"Patient-GSS654321.html\">Anonymous Patient (no stated gender), DoB Unknown ( https://anvil.terra.bio/#GSS654321)</a></p></blockquote></div>"
  },
  "extension" : [{
    "url" : "https://nih-ncpi.github.io/ncpi-fhir-ig-2/StructureDefinition/family-type",
    "valueCodeableConcept" : {
      "coding" : [{
        "system" : "https://nih-ncpi.github.io/ncpi-fhir-ig-2/CodeSystem/ncpi-family-types",
        "code" : "Duo",
        "display" : "Duo"
      }]
    }
  }],
  "identifier" : [{
    "system" : "https://anvil.terra.bio/",
    "value" : "GSS5555"
  }],
  "type" : "person",
  "actual" : true,
  "member" : [{
    "entity" : {
      "extension" : [{
        "url" : "https://nih-ncpi.github.io/ncpi-fhir-ig-2/StructureDefinition/family-role",
        "valueCodeableConcept" : {
          "coding" : [{
            "system" : "http://terminology.hl7.org/CodeSystem/v3-RoleCode",
            "code" : "CHILD",
            "display" : "child"
          }]
        }
      }],
      "reference" : "Patient/GSS123456"
    }
  },
  {
    "entity" : {
      "extension" : [{
        "url" : "https://nih-ncpi.github.io/ncpi-fhir-ig-2/StructureDefinition/family-role",
        "valueCodeableConcept" : {
          "coding" : [{
            "system" : "http://terminology.hl7.org/CodeSystem/v3-RoleCode",
            "code" : "MTH",
            "display" : "mother"
          }]
        }
      }],
      "reference" : "Patient/GSS654321"
    }
  }]
}