{
  "resourceType" : "ImplementationGuide",
  "id" : "ncpi-fhir-implementation-guide-v2",
  "text" : {
    "status" : "generated",
    "div" : "<div xmlns=\"http://www.w3.org/1999/xhtml\"><p class=\"res-header-id\"><b>Generated Narrative: ImplementationGuide ncpi-fhir-implementation-guide-v2</b></p><a name=\"ncpi-fhir-implementation-guide-v2\"> </a><a name=\"hcncpi-fhir-implementation-guide-v2\"> </a><a name=\"ncpi-fhir-implementation-guide-v2-en-US\"> </a><h2>NCPIFHIRIGv2</h2><p>The official URL for this implementation guide is: </p><pre>https://nih-ncpi.github.io/ncpi-fhir-ig-2/ImplementationGuide/ncpi-fhir-implementation-guide-v2</pre><div><p>FHIR Implementation Guide for the NIH Cloud Platform Interoperability Effort (NCPI).</p>\n</div></div>"
  },
  "url" : "https://nih-ncpi.github.io/ncpi-fhir-ig-2/ImplementationGuide/ncpi-fhir-implementation-guide-v2",
  "version" : "0.1.0",
  "name" : "NCPIFHIRIGv2",
  "title" : "NCPI FHIR Implementation Guide v2",
  "status" : "draft",
  "date" : "2024-09-10T18:56:29+00:00",
  "publisher" : "NCPI FHIR Working Group",
  "contact" : [{
    "name" : "NCPI FHIR Working Group",
    "telecom" : [{
      "system" : "url",
      "value" : "http://example.org/example-publisher"
    },
    {
      "system" : "email",
      "value" : "ncpi-fhir-ig@googlegroups.com"
    }]
  }],
  "description" : "FHIR Implementation Guide for the NIH Cloud Platform Interoperability Effort (NCPI).",
  "packageId" : "ncpi-fhir-implementation-guide-v2",
  "license" : "CC0-1.0",
  "fhirVersion" : ["4.3.0"],
  "dependsOn" : [{
    "id" : "hl7tx",
    "extension" : [{
      "url" : "http://hl7.org/fhir/tools/StructureDefinition/implementationguide-dependency-comment",
      "valueMarkdown" : "Automatically added as a dependency - all IGs depend on HL7 Terminology"
    }],
    "uri" : "http://terminology.hl7.org/ImplementationGuide/hl7.terminology",
    "packageId" : "hl7.terminology.r4",
    "version" : "6.0.2"
  },
  {
    "id" : "hl7ext",
    "extension" : [{
      "url" : "http://hl7.org/fhir/tools/StructureDefinition/implementationguide-dependency-comment",
      "valueMarkdown" : "Automatically added as a dependency - all IGs depend on the HL7 Extension Pack"
    }],
    "uri" : "http://hl7.org/fhir/extensions/ImplementationGuide/hl7.fhir.uv.extensions",
    "packageId" : "hl7.fhir.uv.extensions.r4",
    "version" : "5.1.0"
  },
  {
    "id" : "hl7_fhir_us_core",
    "uri" : "http://hl7.org/fhir/us/core/ImplementationGuide/hl7.fhir.us.core",
    "packageId" : "hl7.fhir.us.core",
    "version" : "3.1.1"
  }],
  "definition" : {
    "extension" : [{
      "extension" : [{
        "url" : "code",
        "valueString" : "copyrightyear"
      },
      {
        "url" : "value",
        "valueString" : "2023+"
      }],
      "url" : "http://hl7.org/fhir/tools/StructureDefinition/ig-parameter"
    },
    {
      "extension" : [{
        "url" : "code",
        "valueString" : "releaselabel"
      },
      {
        "url" : "value",
        "valueString" : "ci-build"
      }],
      "url" : "http://hl7.org/fhir/tools/StructureDefinition/ig-parameter"
    },
    {
      "extension" : [{
        "url" : "code",
        "valueString" : "autoload-resources"
      },
      {
        "url" : "value",
        "valueString" : "true"
      }],
      "url" : "http://hl7.org/fhir/tools/StructureDefinition/ig-parameter"
    },
    {
      "extension" : [{
        "url" : "code",
        "valueString" : "path-liquid"
      },
      {
        "url" : "value",
        "valueString" : "template/liquid"
      }],
      "url" : "http://hl7.org/fhir/tools/StructureDefinition/ig-parameter"
    },
    {
      "extension" : [{
        "url" : "code",
        "valueString" : "path-liquid"
      },
      {
        "url" : "value",
        "valueString" : "input/liquid"
      }],
      "url" : "http://hl7.org/fhir/tools/StructureDefinition/ig-parameter"
    },
    {
      "extension" : [{
        "url" : "code",
        "valueString" : "path-qa"
      },
      {
        "url" : "value",
        "valueString" : "temp/qa"
      }],
      "url" : "http://hl7.org/fhir/tools/StructureDefinition/ig-parameter"
    },
    {
      "extension" : [{
        "url" : "code",
        "valueString" : "path-temp"
      },
      {
        "url" : "value",
        "valueString" : "temp/pages"
      }],
      "url" : "http://hl7.org/fhir/tools/StructureDefinition/ig-parameter"
    },
    {
      "extension" : [{
        "url" : "code",
        "valueString" : "path-output"
      },
      {
        "url" : "value",
        "valueString" : "output"
      }],
      "url" : "http://hl7.org/fhir/tools/StructureDefinition/ig-parameter"
    },
    {
      "extension" : [{
        "url" : "code",
        "valueString" : "path-suppressed-warnings"
      },
      {
        "url" : "value",
        "valueString" : "input/ignoreWarnings.txt"
      }],
      "url" : "http://hl7.org/fhir/tools/StructureDefinition/ig-parameter"
    },
    {
      "extension" : [{
        "url" : "code",
        "valueString" : "path-history"
      },
      {
        "url" : "value",
        "valueString" : "https://nih-ncpi.github.io/ncpi-fhir-ig-2/history.html"
      }],
      "url" : "http://hl7.org/fhir/tools/StructureDefinition/ig-parameter"
    },
    {
      "extension" : [{
        "url" : "code",
        "valueString" : "template-html"
      },
      {
        "url" : "value",
        "valueString" : "template-page.html"
      }],
      "url" : "http://hl7.org/fhir/tools/StructureDefinition/ig-parameter"
    },
    {
      "extension" : [{
        "url" : "code",
        "valueString" : "template-md"
      },
      {
        "url" : "value",
        "valueString" : "template-page-md.html"
      }],
      "url" : "http://hl7.org/fhir/tools/StructureDefinition/ig-parameter"
    },
    {
      "extension" : [{
        "url" : "code",
        "valueString" : "apply-contact"
      },
      {
        "url" : "value",
        "valueString" : "true"
      }],
      "url" : "http://hl7.org/fhir/tools/StructureDefinition/ig-parameter"
    },
    {
      "extension" : [{
        "url" : "code",
        "valueString" : "apply-context"
      },
      {
        "url" : "value",
        "valueString" : "true"
      }],
      "url" : "http://hl7.org/fhir/tools/StructureDefinition/ig-parameter"
    },
    {
      "extension" : [{
        "url" : "code",
        "valueString" : "apply-copyright"
      },
      {
        "url" : "value",
        "valueString" : "true"
      }],
      "url" : "http://hl7.org/fhir/tools/StructureDefinition/ig-parameter"
    },
    {
      "extension" : [{
        "url" : "code",
        "valueString" : "apply-jurisdiction"
      },
      {
        "url" : "value",
        "valueString" : "true"
      }],
      "url" : "http://hl7.org/fhir/tools/StructureDefinition/ig-parameter"
    },
    {
      "extension" : [{
        "url" : "code",
        "valueString" : "apply-license"
      },
      {
        "url" : "value",
        "valueString" : "true"
      }],
      "url" : "http://hl7.org/fhir/tools/StructureDefinition/ig-parameter"
    },
    {
      "extension" : [{
        "url" : "code",
        "valueString" : "apply-publisher"
      },
      {
        "url" : "value",
        "valueString" : "true"
      }],
      "url" : "http://hl7.org/fhir/tools/StructureDefinition/ig-parameter"
    },
    {
      "extension" : [{
        "url" : "code",
        "valueString" : "apply-version"
      },
      {
        "url" : "value",
        "valueString" : "true"
      }],
      "url" : "http://hl7.org/fhir/tools/StructureDefinition/ig-parameter"
    },
    {
      "extension" : [{
        "url" : "code",
        "valueString" : "apply-wg"
      },
      {
        "url" : "value",
        "valueString" : "true"
      }],
      "url" : "http://hl7.org/fhir/tools/StructureDefinition/ig-parameter"
    },
    {
      "extension" : [{
        "url" : "code",
        "valueString" : "active-tables"
      },
      {
        "url" : "value",
        "valueString" : "true"
      }],
      "url" : "http://hl7.org/fhir/tools/StructureDefinition/ig-parameter"
    },
    {
      "extension" : [{
        "url" : "code",
        "valueString" : "fmm-definition"
      },
      {
        "url" : "value",
        "valueString" : "http://hl7.org/fhir/versions.html#maturity"
      }],
      "url" : "http://hl7.org/fhir/tools/StructureDefinition/ig-parameter"
    },
    {
      "extension" : [{
        "url" : "code",
        "valueString" : "propagate-status"
      },
      {
        "url" : "value",
        "valueString" : "true"
      }],
      "url" : "http://hl7.org/fhir/tools/StructureDefinition/ig-parameter"
    },
    {
      "extension" : [{
        "url" : "code",
        "valueString" : "excludelogbinaryformat"
      },
      {
        "url" : "value",
        "valueString" : "true"
      }],
      "url" : "http://hl7.org/fhir/tools/StructureDefinition/ig-parameter"
    },
    {
      "extension" : [{
        "url" : "code",
        "valueString" : "tabbed-snapshots"
      },
      {
        "url" : "value",
        "valueString" : "true"
      }],
      "url" : "http://hl7.org/fhir/tools/StructureDefinition/ig-parameter"
    },
    {
      "url" : "http://hl7.org/fhir/tools/StructureDefinition/ig-internal-dependency",
      "valueCode" : "hl7.fhir.uv.tools#0.2.0"
    },
    {
      "extension" : [{
        "url" : "code",
        "valueCode" : "copyrightyear"
      },
      {
        "url" : "value",
        "valueString" : "2023+"
      }],
      "url" : "http://hl7.org/fhir/tools/StructureDefinition/ig-parameter"
    },
    {
      "extension" : [{
        "url" : "code",
        "valueCode" : "releaselabel"
      },
      {
        "url" : "value",
        "valueString" : "ci-build"
      }],
      "url" : "http://hl7.org/fhir/tools/StructureDefinition/ig-parameter"
    },
    {
      "extension" : [{
        "url" : "code",
        "valueCode" : "autoload-resources"
      },
      {
        "url" : "value",
        "valueString" : "true"
      }],
      "url" : "http://hl7.org/fhir/tools/StructureDefinition/ig-parameter"
    },
    {
      "extension" : [{
        "url" : "code",
        "valueCode" : "path-liquid"
      },
      {
        "url" : "value",
        "valueString" : "template/liquid"
      }],
      "url" : "http://hl7.org/fhir/tools/StructureDefinition/ig-parameter"
    },
    {
      "extension" : [{
        "url" : "code",
        "valueCode" : "path-liquid"
      },
      {
        "url" : "value",
        "valueString" : "input/liquid"
      }],
      "url" : "http://hl7.org/fhir/tools/StructureDefinition/ig-parameter"
    },
    {
      "extension" : [{
        "url" : "code",
        "valueCode" : "path-qa"
      },
      {
        "url" : "value",
        "valueString" : "temp/qa"
      }],
      "url" : "http://hl7.org/fhir/tools/StructureDefinition/ig-parameter"
    },
    {
      "extension" : [{
        "url" : "code",
        "valueCode" : "path-temp"
      },
      {
        "url" : "value",
        "valueString" : "temp/pages"
      }],
      "url" : "http://hl7.org/fhir/tools/StructureDefinition/ig-parameter"
    },
    {
      "extension" : [{
        "url" : "code",
        "valueCode" : "path-output"
      },
      {
        "url" : "value",
        "valueString" : "output"
      }],
      "url" : "http://hl7.org/fhir/tools/StructureDefinition/ig-parameter"
    },
    {
      "extension" : [{
        "url" : "code",
        "valueCode" : "path-suppressed-warnings"
      },
      {
        "url" : "value",
        "valueString" : "input/ignoreWarnings.txt"
      }],
      "url" : "http://hl7.org/fhir/tools/StructureDefinition/ig-parameter"
    },
    {
      "extension" : [{
        "url" : "code",
        "valueCode" : "path-history"
      },
      {
        "url" : "value",
        "valueString" : "https://nih-ncpi.github.io/ncpi-fhir-ig-2/history.html"
      }],
      "url" : "http://hl7.org/fhir/tools/StructureDefinition/ig-parameter"
    },
    {
      "extension" : [{
        "url" : "code",
        "valueCode" : "template-html"
      },
      {
        "url" : "value",
        "valueString" : "template-page.html"
      }],
      "url" : "http://hl7.org/fhir/tools/StructureDefinition/ig-parameter"
    },
    {
      "extension" : [{
        "url" : "code",
        "valueCode" : "template-md"
      },
      {
        "url" : "value",
        "valueString" : "template-page-md.html"
      }],
      "url" : "http://hl7.org/fhir/tools/StructureDefinition/ig-parameter"
    },
    {
      "extension" : [{
        "url" : "code",
        "valueCode" : "apply-contact"
      },
      {
        "url" : "value",
        "valueString" : "true"
      }],
      "url" : "http://hl7.org/fhir/tools/StructureDefinition/ig-parameter"
    },
    {
      "extension" : [{
        "url" : "code",
        "valueCode" : "apply-context"
      },
      {
        "url" : "value",
        "valueString" : "true"
      }],
      "url" : "http://hl7.org/fhir/tools/StructureDefinition/ig-parameter"
    },
    {
      "extension" : [{
        "url" : "code",
        "valueCode" : "apply-copyright"
      },
      {
        "url" : "value",
        "valueString" : "true"
      }],
      "url" : "http://hl7.org/fhir/tools/StructureDefinition/ig-parameter"
    },
    {
      "extension" : [{
        "url" : "code",
        "valueCode" : "apply-jurisdiction"
      },
      {
        "url" : "value",
        "valueString" : "true"
      }],
      "url" : "http://hl7.org/fhir/tools/StructureDefinition/ig-parameter"
    },
    {
      "extension" : [{
        "url" : "code",
        "valueCode" : "apply-license"
      },
      {
        "url" : "value",
        "valueString" : "true"
      }],
      "url" : "http://hl7.org/fhir/tools/StructureDefinition/ig-parameter"
    },
    {
      "extension" : [{
        "url" : "code",
        "valueCode" : "apply-publisher"
      },
      {
        "url" : "value",
        "valueString" : "true"
      }],
      "url" : "http://hl7.org/fhir/tools/StructureDefinition/ig-parameter"
    },
    {
      "extension" : [{
        "url" : "code",
        "valueCode" : "apply-version"
      },
      {
        "url" : "value",
        "valueString" : "true"
      }],
      "url" : "http://hl7.org/fhir/tools/StructureDefinition/ig-parameter"
    },
    {
      "extension" : [{
        "url" : "code",
        "valueCode" : "apply-wg"
      },
      {
        "url" : "value",
        "valueString" : "true"
      }],
      "url" : "http://hl7.org/fhir/tools/StructureDefinition/ig-parameter"
    },
    {
      "extension" : [{
        "url" : "code",
        "valueCode" : "active-tables"
      },
      {
        "url" : "value",
        "valueString" : "true"
      }],
      "url" : "http://hl7.org/fhir/tools/StructureDefinition/ig-parameter"
    },
    {
      "extension" : [{
        "url" : "code",
        "valueCode" : "fmm-definition"
      },
      {
        "url" : "value",
        "valueString" : "http://hl7.org/fhir/versions.html#maturity"
      }],
      "url" : "http://hl7.org/fhir/tools/StructureDefinition/ig-parameter"
    },
    {
      "extension" : [{
        "url" : "code",
        "valueCode" : "propagate-status"
      },
      {
        "url" : "value",
        "valueString" : "true"
      }],
      "url" : "http://hl7.org/fhir/tools/StructureDefinition/ig-parameter"
    },
    {
      "extension" : [{
        "url" : "code",
        "valueCode" : "excludelogbinaryformat"
      },
      {
        "url" : "value",
        "valueString" : "true"
      }],
      "url" : "http://hl7.org/fhir/tools/StructureDefinition/ig-parameter"
    },
    {
      "extension" : [{
        "url" : "code",
        "valueCode" : "tabbed-snapshots"
      },
      {
        "url" : "value",
        "valueString" : "true"
      }],
      "url" : "http://hl7.org/fhir/tools/StructureDefinition/ig-parameter"
    }],
    "resource" : [{
      "extension" : [{
        "url" : "http://hl7.org/fhir/tools/StructureDefinition/resource-information",
        "valueString" : "StructureDefinition:extension"
      }],
      "reference" : {
        "reference" : "StructureDefinition/access-policy"
      },
      "name" : "Access policy",
      "description" : "Access Policy Extension",
      "exampleBoolean" : false
    },
    {
      "extension" : [{
        "url" : "http://hl7.org/fhir/tools/StructureDefinition/resource-information",
        "valueString" : "StructureDefinition:extension"
      }],
      "reference" : {
        "reference" : "StructureDefinition/access-policy-description"
      },
      "name" : "Access Policy Description",
      "description" : "Descriptive text summarizing the policy restrictions and other details associated with this access provision.",
      "exampleBoolean" : false
    },
    {
      "extension" : [{
        "url" : "http://hl7.org/fhir/tools/StructureDefinition/resource-information",
        "valueString" : "StructureDefinition:extension"
      }],
      "reference" : {
        "reference" : "StructureDefinition/access-type"
      },
      "name" : "Access Type",
      "description" : "Access type code associated with downloads affected by this Access Policy ( open | registered | controlled )",
      "exampleBoolean" : false
    },
    {
      "extension" : [{
        "url" : "http://hl7.org/fhir/tools/StructureDefinition/resource-information",
        "valueString" : "StructureDefinition:extension"
      }],
      "reference" : {
        "reference" : "StructureDefinition/age-at-assertion"
      },
      "name" : "Age at Assertion",
      "description" : "Age at Assertion Extension",
      "exampleBoolean" : false
    },
    {
      "extension" : [{
        "url" : "http://hl7.org/fhir/tools/StructureDefinition/resource-information",
        "valueString" : "StructureDefinition:extension"
      }],
      "reference" : {
        "reference" : "StructureDefinition/research-age-at-last-vital-status"
      },
      "name" : "Age at Last Vital Status Extension",
      "description" : "Age at Last Vital Status Extension",
      "exampleBoolean" : false
    },
    {
      "extension" : [{
        "url" : "http://hl7.org/fhir/tools/StructureDefinition/resource-information",
        "valueString" : "StructureDefinition:extension"
      }],
      "reference" : {
        "reference" : "StructureDefinition/hash-type"
      },
      "name" : "Algorithm used to calculate the hash (and size, where applicable)",
      "description" : "Algorithm used to calculate the hash (and size, where applicable)",
      "exampleBoolean" : false
    },
    {
      "extension" : [{
        "url" : "http://hl7.org/fhir/tools/StructureDefinition/resource-information",
        "valueString" : "Observation"
      }],
      "reference" : {
        "reference" : "Observation/cbtn-family-relationship-mother"
      },
      "name" : "An example family relationship based on data from CBTN",
      "description" : "An example family relationship based on data from CBTN.",
      "exampleCanonical" : "https://nih-ncpi.github.io/ncpi-fhir-ig-2/StructureDefinition/ncpi-family-relationship"
    },
    {
      "extension" : [{
        "url" : "http://hl7.org/fhir/tools/StructureDefinition/resource-information",
        "valueString" : "Observation"
      }],
      "reference" : {
        "reference" : "Observation/cbtn-family-relationship-son"
      },
      "name" : "An example family relationship based on data from CBTN",
      "description" : "An example family relationship based on data from CBTN.",
      "exampleCanonical" : "https://nih-ncpi.github.io/ncpi-fhir-ig-2/StructureDefinition/ncpi-family-relationship"
    },
    {
      "extension" : [{
        "url" : "http://hl7.org/fhir/tools/StructureDefinition/resource-information",
        "valueString" : "Group"
      }],
      "reference" : {
        "reference" : "Group/cbtn-family-role-mother"
      },
      "name" : "An example family role based on data from CBTN",
      "description" : "An example family role based on data from CBTN.",
      "exampleCanonical" : "https://nih-ncpi.github.io/ncpi-fhir-ig-2/StructureDefinition/ncpi-family-role"
    },
    {
      "extension" : [{
        "url" : "http://hl7.org/fhir/tools/StructureDefinition/resource-information",
        "valueString" : "Group"
      }],
      "reference" : {
        "reference" : "Group/cbtn-family-role-son"
      },
      "name" : "An example family role based on data from CBTN",
      "description" : "An example family role based on data from CBTN.",
      "exampleCanonical" : "https://nih-ncpi.github.io/ncpi-fhir-ig-2/StructureDefinition/ncpi-family-role"
    },
    {
      "extension" : [{
        "url" : "http://hl7.org/fhir/tools/StructureDefinition/resource-information",
        "valueString" : "ValueSet"
      }],
      "reference" : {
        "reference" : "ValueSet/condition-assertion-vs"
      },
      "name" : "Assertion of Condition Codes",
      "exampleBoolean" : false
    },
    {
      "extension" : [{
        "url" : "http://hl7.org/fhir/tools/StructureDefinition/resource-information",
        "valueString" : "CodeSystem"
      }],
      "reference" : {
        "reference" : "CodeSystem/condition-assertion"
      },
      "name" : "Assertion of Condition Codes",
      "description" : "Code System for assertion of condition presence",
      "exampleBoolean" : false
    },
    {
      "extension" : [{
        "url" : "http://hl7.org/fhir/tools/StructureDefinition/resource-information",
        "valueString" : "StructureDefinition:extension"
      }],
      "reference" : {
        "reference" : "StructureDefinition/aliquot-availability"
      },
      "name" : "Availability Status of Aliquot",
      "description" : "Availability Status of Aliquot",
      "exampleBoolean" : false
    },
    {
      "extension" : [{
        "url" : "http://hl7.org/fhir/tools/StructureDefinition/resource-information",
        "valueString" : "ResearchStudy"
      }],
      "reference" : {
        "reference" : "ResearchStudy/cmg-research-study-bhcmg"
      },
      "name" : "Baylor Hopkins Center for Mendelian Genomics (BH CMG)",
      "description" : "The Centers for Mendelian Genomics project uses next-generation sequencing and computational approaches to discover the genes and variants that underlie Mendelian conditions. By discovering genes that cause Mendelian conditions, we will expand our understanding of their biology to facilitate diagnosis and new treatments.",
      "exampleCanonical" : "https://nih-ncpi.github.io/ncpi-fhir-ig-2/StructureDefinition/ncpi-research-study"
    },
    {
      "extension" : [{
        "url" : "http://hl7.org/fhir/tools/StructureDefinition/resource-information",
        "valueString" : "Consent"
      }],
      "reference" : {
        "reference" : "Consent/kf-gru-dac-consent"
      },
      "name" : "CBTN General Research Use (GRU) Consent DAC",
      "description" : "General Research Use (GRU)",
      "exampleCanonical" : "https://nih-ncpi.github.io/ncpi-fhir-ig-2/StructureDefinition/ncpi-research-access-policy"
    },
    {
      "extension" : [{
        "url" : "http://hl7.org/fhir/tools/StructureDefinition/resource-information",
        "valueString" : "Consent"
      }],
      "reference" : {
        "reference" : "Consent/kf-gru-dbgap-consent"
      },
      "name" : "CBTN General Research Use (GRU) Consent dbGaP",
      "description" : "General Research Use (GRU)",
      "exampleCanonical" : "https://nih-ncpi.github.io/ncpi-fhir-ig-2/StructureDefinition/ncpi-research-access-policy"
    },
    {
      "extension" : [{
        "url" : "http://hl7.org/fhir/tools/StructureDefinition/resource-information",
        "valueString" : "ResearchStudy"
      }],
      "reference" : {
        "reference" : "ResearchStudy/kf-research-study-subject-gsr-allowed"
      },
      "name" : "CBTN Genomic Summary Results (GSR) Allowed Access",
      "description" : "Genomic Summary Results (GSR) Allowed Access",
      "exampleCanonical" : "https://nih-ncpi.github.io/ncpi-fhir-ig-2/StructureDefinition/research-study-subject"
    },
    {
      "extension" : [{
        "url" : "http://hl7.org/fhir/tools/StructureDefinition/resource-information",
        "valueString" : "ResearchStudy"
      }],
      "reference" : {
        "reference" : "ResearchStudy/kf-research-study-subject-gru-dac"
      },
      "name" : "CBTN GRU data access via DAC",
      "description" : "GRU data access via DAC",
      "exampleCanonical" : "https://nih-ncpi.github.io/ncpi-fhir-ig-2/StructureDefinition/research-study-subject"
    },
    {
      "extension" : [{
        "url" : "http://hl7.org/fhir/tools/StructureDefinition/resource-information",
        "valueString" : "ResearchStudy"
      }],
      "reference" : {
        "reference" : "ResearchStudy/kf-research-study-subject-gru-dbgap"
      },
      "name" : "CBTN GRU data access via dbGaP",
      "description" : "GRU data access via dbGaP",
      "exampleCanonical" : "https://nih-ncpi.github.io/ncpi-fhir-ig-2/StructureDefinition/research-study-subject"
    },
    {
      "extension" : [{
        "url" : "http://hl7.org/fhir/tools/StructureDefinition/resource-information",
        "valueString" : "PractitionerRole"
      }],
      "reference" : {
        "reference" : "PractitionerRole/kf-research-study-personnel-role-op-lead"
      },
      "name" : "CBTN Operations Lead",
      "description" : "CBTN Operations Lead",
      "exampleBoolean" : true
    },
    {
      "extension" : [{
        "url" : "http://hl7.org/fhir/tools/StructureDefinition/resource-information",
        "valueString" : "ResearchStudy"
      }],
      "reference" : {
        "reference" : "ResearchStudy/kf-research-study-subject-registered"
      },
      "name" : "CBTN Registered Tier Access",
      "description" : "CBTN Registered Tier Access",
      "exampleCanonical" : "https://nih-ncpi.github.io/ncpi-fhir-ig-2/StructureDefinition/research-study-subject"
    },
    {
      "extension" : [{
        "url" : "http://hl7.org/fhir/tools/StructureDefinition/resource-information",
        "valueString" : "ResearchStudy"
      }],
      "reference" : {
        "reference" : "ResearchStudy/kf-research-study-cbtn"
      },
      "name" : "Children's Brain Tumor Network (CBTN)",
      "description" : "Brain tumors are the most common form of cancer in children aged 0-19 in the United States, and are the largest cause of cancer-related deaths. The estimated number of new cases in 2019 is nearly 3,800 and thus brain tumors are a rare disease. Despite their relative rarity, the years of potential life lost due to brain tumors in 2009 was estimated at 47,631 years for children and adolescents aged 0-19 in the United States; this is a disproportionate amount of life lost compared to adult cancers and represents an unrecognized societal threat. There is an urgent need to improve therapies for these children. Most of the high-grade glial and embryonal brain cancers still remain largely incurable despite decades of clinical and laboratory research. Existing non-targeted chemotherapies and radiation, while at times effective, often represent pyrrhic victories, leaving behind life-long health burdens and causing a significant risk of secondary malignancies. NIH funded pediatric brain tumor cohort-based genomic dataset generation efforts have lagged behind other histologies and have yet to be included as part of large-scale sequencing efforts. However, consortia-based initiatives like those supported by the Children's Brain Tumor Network (CBTN) have demonstrated the early potential for clinically annotated genomic cohorts and their utility and interest by both the pediatric cancer and structural birth defect community with more than 130 data access requests for a non-embargoed cohort of tumor/normal whole genomes and paired tumor RNAseq. Indeed more than one quarter of this 800-subject initial sequencing cohort were identified to have birth-defect-associated clinical annotations in their clinical records, however, to our knowledge limited to no trio-based genomics cohort studies exist for any one pediatric brain tumor histology. The project's proposed sequencing cohort defines the largest, clinically annotated pediatric brain tumor cohort study to date and seeks to define the intersection of germline and somatic underpinnings of pediatric brain tumors across a shared developmental context of cancer and structural birth defects.",
      "exampleCanonical" : "https://nih-ncpi.github.io/ncpi-fhir-ig-2/StructureDefinition/ncpi-research-study"
    },
    {
      "extension" : [{
        "url" : "http://hl7.org/fhir/tools/StructureDefinition/resource-information",
        "valueString" : "Organization"
      }],
      "reference" : {
        "reference" : "Organization/kf-research-study-organization-chop"
      },
      "name" : "Children's Hospital of Philadelphia",
      "description" : "Represents the Organization for which CHOP PIs are affiliated",
      "exampleBoolean" : true
    },
    {
      "extension" : [{
        "url" : "http://hl7.org/fhir/tools/StructureDefinition/resource-information",
        "valueString" : "ValueSet"
      }],
      "reference" : {
        "reference" : "ValueSet/collection-type-vs"
      },
      "name" : "Collection Type",
      "description" : "Enumerated list of Collection types",
      "exampleBoolean" : false
    },
    {
      "extension" : [{
        "url" : "http://hl7.org/fhir/tools/StructureDefinition/resource-information",
        "valueString" : "CodeSystem"
      }],
      "reference" : {
        "reference" : "CodeSystem/collection-type"
      },
      "name" : "Collection Type",
      "description" : "Enumerated list of collection types",
      "exampleBoolean" : false
    },
    {
      "extension" : [{
        "url" : "http://hl7.org/fhir/tools/StructureDefinition/resource-information",
        "valueString" : "StructureDefinition:extension"
      }],
      "reference" : {
        "reference" : "StructureDefinition/aliquot-concentration"
      },
      "name" : "Concentration of the Aliquot",
      "description" : "Concentration of the Aliquot",
      "exampleBoolean" : false
    },
    {
      "extension" : [{
        "url" : "http://hl7.org/fhir/tools/StructureDefinition/resource-information",
        "valueString" : "ValueSet"
      }],
      "reference" : {
        "reference" : "ValueSet/condition-code-vs"
      },
      "name" : "Conditon Codes",
      "description" : "Includes all codes from **HPO** and **MONDO**",
      "exampleBoolean" : false
    },
    {
      "extension" : [{
        "url" : "http://hl7.org/fhir/tools/StructureDefinition/resource-information",
        "valueString" : "StructureDefinition:extension"
      }],
      "reference" : {
        "reference" : "StructureDefinition/consanguinity"
      },
      "name" : "Consanguinity Extension",
      "description" : "Extension containing Consanguinity",
      "exampleBoolean" : false
    },
    {
      "extension" : [{
        "url" : "http://hl7.org/fhir/tools/StructureDefinition/resource-information",
        "valueString" : "ValueSet"
      }],
      "reference" : {
        "reference" : "ValueSet/consanguinity-assertion-vs"
      },
      "name" : "Consanguinity Value Codes",
      "description" : "List of codes indicates the level of known consanguinity (blood relation) within a study family.",
      "exampleBoolean" : false
    },
    {
      "extension" : [{
        "url" : "http://hl7.org/fhir/tools/StructureDefinition/resource-information",
        "valueString" : "PractitionerRole"
      }],
      "reference" : {
        "reference" : "PractitionerRole/kf-research-study-personnel-role-pi"
      },
      "name" : "dbGaP PI",
      "description" : "dbGaP PI",
      "exampleBoolean" : true
    },
    {
      "extension" : [{
        "url" : "http://hl7.org/fhir/tools/StructureDefinition/resource-information",
        "valueString" : "PractitionerRole"
      }],
      "reference" : {
        "reference" : "PractitionerRole/kf-research-study-personnel-role-pi-x01"
      },
      "name" : "dbGaP PI, X01 FY 2021",
      "description" : "dbGaP PI, X01 FY 2021",
      "exampleBoolean" : true
    },
    {
      "extension" : [{
        "url" : "http://hl7.org/fhir/tools/StructureDefinition/resource-information",
        "valueString" : "CodeSystem"
      }],
      "reference" : {
        "reference" : "CodeSystem/component-elements"
      },
      "name" : "Elements of Component",
      "description" : "Slicing for elements of component",
      "exampleBoolean" : false
    },
    {
      "extension" : [{
        "url" : "http://hl7.org/fhir/tools/StructureDefinition/resource-information",
        "valueString" : "ValueSet"
      }],
      "reference" : {
        "reference" : "ValueSet/research-data-date-of-birth-method-vs"
      },
      "name" : "Enumerations for how DOB was constructed",
      "description" : "Enumerations for how DOB was constructed",
      "exampleBoolean" : false
    },
    {
      "extension" : [{
        "url" : "http://hl7.org/fhir/tools/StructureDefinition/resource-information",
        "valueString" : "CodeSystem"
      }],
      "reference" : {
        "reference" : "CodeSystem/research-data-date-of-birth-method"
      },
      "name" : "Enumerations for how DOB was constructed",
      "description" : "Enumerations for how DOB was constructed",
      "exampleBoolean" : false
    },
    {
      "extension" : [{
        "url" : "http://hl7.org/fhir/tools/StructureDefinition/resource-information",
        "valueString" : "ValueSet"
      }],
      "reference" : {
        "reference" : "ValueSet/edam-ontology-terms"
      },
      "name" : "Enumerations for the EDAM ontology",
      "description" : "Enumerations for the EDAM ontology",
      "exampleBoolean" : false
    },
    {
      "extension" : [{
        "url" : "http://hl7.org/fhir/tools/StructureDefinition/resource-information",
        "valueString" : "Specimen"
      }],
      "reference" : {
        "reference" : "Specimen/SA-000"
      },
      "name" : "Example biospecimen based on data from CBTN",
      "description" : "Example biospecimen based on data from CBTN",
      "exampleCanonical" : "https://nih-ncpi.github.io/ncpi-fhir-ig-2/StructureDefinition/ncpi-collected-sample"
    },
    {
      "extension" : [{
        "url" : "http://hl7.org/fhir/tools/StructureDefinition/resource-information",
        "valueString" : "Observation"
      }],
      "reference" : {
        "reference" : "Observation/PT-006SP660-condition"
      },
      "name" : "Example condition using data from Kids First",
      "description" : "Example condition using data from Kids First.",
      "exampleCanonical" : "https://nih-ncpi.github.io/ncpi-fhir-ig-2/StructureDefinition/ncpi-condition"
    },
    {
      "extension" : [{
        "url" : "http://hl7.org/fhir/tools/StructureDefinition/resource-information",
        "valueString" : "DocumentReference"
      }],
      "reference" : {
        "reference" : "DocumentReference/PT-006SP660"
      },
      "name" : "Example file based on CBTN",
      "description" : "Use case of file information from CBTN",
      "exampleCanonical" : "https://nih-ncpi.github.io/ncpi-fhir-ig-2/StructureDefinition/ncpi-file"
    },
    {
      "extension" : [{
        "url" : "http://hl7.org/fhir/tools/StructureDefinition/resource-information",
        "valueString" : "ResearchSubject"
      }],
      "reference" : {
        "reference" : "ResearchSubject/cbtn-example-participantstudy"
      },
      "name" : "Example mappings based on data from CBTN",
      "description" : "Example mappings based on data from CBTN",
      "exampleCanonical" : "https://nih-ncpi.github.io/ncpi-fhir-ig-2/StructureDefinition/ncpi-Study-Participant"
    },
    {
      "extension" : [{
        "url" : "http://hl7.org/fhir/tools/StructureDefinition/resource-information",
        "valueString" : "ResearchSubject"
      }],
      "reference" : {
        "reference" : "ResearchSubject/emerge-example-participantstudy"
      },
      "name" : "Example mappings based on data from eMERGE",
      "description" : "Example mappings based on data from eMERGE",
      "exampleCanonical" : "https://nih-ncpi.github.io/ncpi-fhir-ig-2/StructureDefinition/ncpi-Study-Participant"
    },
    {
      "extension" : [{
        "url" : "http://hl7.org/fhir/tools/StructureDefinition/resource-information",
        "valueString" : "ResearchSubject"
      }],
      "reference" : {
        "reference" : "ResearchSubject/pcgc-example-participantstudy"
      },
      "name" : "Example mappings based on data from PCGC",
      "description" : "Example mappings based on data from PCGC",
      "exampleCanonical" : "https://nih-ncpi.github.io/ncpi-fhir-ig-2/StructureDefinition/ncpi-Study-Participant"
    },
    {
      "extension" : [{
        "url" : "http://hl7.org/fhir/tools/StructureDefinition/resource-information",
        "valueString" : "Group"
      }],
      "reference" : {
        "reference" : "Group/cbtn-study-family"
      },
      "name" : "Example patients based on data from CBTN",
      "description" : "Example patients based on data from CBTN.",
      "exampleCanonical" : "https://nih-ncpi.github.io/ncpi-fhir-ig-2/StructureDefinition/ncpi-study-family"
    },
    {
      "extension" : [{
        "url" : "http://hl7.org/fhir/tools/StructureDefinition/resource-information",
        "valueString" : "Patient"
      }],
      "reference" : {
        "reference" : "Patient/PT-KZG2CZ95"
      },
      "name" : "Example patients based on data from CBTN",
      "description" : "Example patients based on data from CBTN.",
      "exampleCanonical" : "https://nih-ncpi.github.io/ncpi-fhir-ig-2/StructureDefinition/ncpi-participant"
    },
    {
      "extension" : [{
        "url" : "http://hl7.org/fhir/tools/StructureDefinition/resource-information",
        "valueString" : "Person"
      }],
      "reference" : {
        "reference" : "Person/cbtn-example-person"
      },
      "name" : "Example patients based on data from CBTN",
      "description" : "Example patients based on data from CBTN",
      "exampleCanonical" : "https://nih-ncpi.github.io/ncpi-fhir-ig-2/StructureDefinition/ncpi-person"
    },
    {
      "extension" : [{
        "url" : "http://hl7.org/fhir/tools/StructureDefinition/resource-information",
        "valueString" : "Patient"
      }],
      "reference" : {
        "reference" : "Patient/6812345"
      },
      "name" : "Example patients based on data from eMERGE",
      "description" : "Example patients based on data from eMERGE",
      "exampleCanonical" : "https://nih-ncpi.github.io/ncpi-fhir-ig-2/StructureDefinition/ncpi-participant"
    },
    {
      "extension" : [{
        "url" : "http://hl7.org/fhir/tools/StructureDefinition/resource-information",
        "valueString" : "Person"
      }],
      "reference" : {
        "reference" : "Person/emerge-example-person"
      },
      "name" : "Example patients based on data from eMERGE",
      "description" : "Example patients based on data from eMERGE",
      "exampleCanonical" : "https://nih-ncpi.github.io/ncpi-fhir-ig-2/StructureDefinition/ncpi-person"
    },
    {
      "extension" : [{
        "url" : "http://hl7.org/fhir/tools/StructureDefinition/resource-information",
        "valueString" : "Patient"
      }],
      "reference" : {
        "reference" : "Patient/PT-005B7CZ4"
      },
      "name" : "Example patients based on data from PCGC",
      "description" : "Example patients based on data from PCGC.",
      "exampleCanonical" : "https://nih-ncpi.github.io/ncpi-fhir-ig-2/StructureDefinition/ncpi-participant"
    },
    {
      "extension" : [{
        "url" : "http://hl7.org/fhir/tools/StructureDefinition/resource-information",
        "valueString" : "Person"
      }],
      "reference" : {
        "reference" : "Person/pcgc-example-person"
      },
      "name" : "Example patients based on data from PCGC",
      "description" : "Example patients based on data from PCGC",
      "exampleCanonical" : "https://nih-ncpi.github.io/ncpi-fhir-ig-2/StructureDefinition/ncpi-person"
    },
    {
      "extension" : [{
        "url" : "http://hl7.org/fhir/tools/StructureDefinition/resource-information",
        "valueString" : "StructureDefinition:resource"
      }],
      "reference" : {
        "reference" : "StructureDefinition/ncpi-family-relationship"
      },
      "name" : "Family Relationship",
      "description" : "Family Relationship",
      "exampleBoolean" : false
    },
    {
      "extension" : [{
        "url" : "http://hl7.org/fhir/tools/StructureDefinition/resource-information",
        "valueString" : "StructureDefinition:resource"
      }],
      "reference" : {
        "reference" : "StructureDefinition/ncpi-family-role"
      },
      "name" : "Family Role",
      "description" : "Family Role",
      "exampleBoolean" : false
    },
    {
      "extension" : [{
        "url" : "http://hl7.org/fhir/tools/StructureDefinition/resource-information",
        "valueString" : "StructureDefinition:extension"
      }],
      "reference" : {
        "reference" : "StructureDefinition/family-type"
      },
      "name" : "Family Type Extension",
      "description" : "Extension containing Family Type",
      "exampleBoolean" : false
    },
    {
      "extension" : [{
        "url" : "http://hl7.org/fhir/tools/StructureDefinition/resource-information",
        "valueString" : "ValueSet"
      }],
      "reference" : {
        "reference" : "ValueSet/ncpi-family-types-vs"
      },
      "name" : "Family Types Codes",
      "description" : "A value set with all codes used for the expected family types.",
      "exampleBoolean" : false
    },
    {
      "extension" : [{
        "url" : "http://hl7.org/fhir/tools/StructureDefinition/resource-information",
        "valueString" : "StructureDefinition:resource"
      }],
      "reference" : {
        "reference" : "StructureDefinition/ncpi-sample"
      },
      "name" : "FHIR Profile for NCPI Sample",
      "description" : "FHIR Profile for NCPI Sample",
      "exampleBoolean" : false
    },
    {
      "extension" : [{
        "url" : "http://hl7.org/fhir/tools/StructureDefinition/resource-information",
        "valueString" : "Consent"
      }],
      "reference" : {
        "reference" : "Consent/kf-gsr-allowed-access"
      },
      "name" : "Genomic Summary Results (GSR) Allowed Access",
      "description" : "Genomic Summary Results (GSR) Allowed Access",
      "exampleCanonical" : "https://nih-ncpi.github.io/ncpi-fhir-ig-2/StructureDefinition/ncpi-research-access-policy"
    },
    {
      "extension" : [{
        "url" : "http://hl7.org/fhir/tools/StructureDefinition/resource-information",
        "valueString" : "CodeSystem"
      }],
      "reference" : {
        "reference" : "CodeSystem/example-hash-type-code-system"
      },
      "name" : "Hash Types Code System",
      "description" : "Algorithm used to calculate the hash (and size, where applicable)",
      "exampleBoolean" : false
    },
    {
      "extension" : [{
        "url" : "http://hl7.org/fhir/tools/StructureDefinition/resource-information",
        "valueString" : "Consent"
      }],
      "reference" : {
        "reference" : "Consent/hmb-irb-npu-consent"
      },
      "name" : "HMB-IRB-NPU Consent",
      "description" : "Consented with Health/Medical/Biomedical + IRB Required + Not for profit use",
      "exampleCanonical" : "https://nih-ncpi.github.io/ncpi-fhir-ig-2/StructureDefinition/ncpi-research-access-policy"
    },
    {
      "extension" : [{
        "url" : "http://hl7.org/fhir/tools/StructureDefinition/resource-information",
        "valueString" : "Consent"
      }],
      "reference" : {
        "reference" : "Consent/hmb-npu-consent"
      },
      "name" : "HMB-NPU Consent",
      "description" : "Consented with Health/Medical/Biomedical + Not for profit use",
      "exampleCanonical" : "https://nih-ncpi.github.io/ncpi-fhir-ig-2/StructureDefinition/ncpi-research-access-policy"
    },
    {
      "extension" : [{
        "url" : "http://hl7.org/fhir/tools/StructureDefinition/resource-information",
        "valueString" : "StructureDefinition:extension"
      }],
      "reference" : {
        "reference" : "StructureDefinition/location-access"
      },
      "name" : "If present, only those under the specific Access Policy can access the file in this location.",
      "description" : "If present, only those under the specific Access Policy can access the file in this location.",
      "exampleBoolean" : false
    },
    {
      "extension" : [{
        "url" : "http://hl7.org/fhir/tools/StructureDefinition/resource-information",
        "valueString" : "List"
      }],
      "reference" : {
        "reference" : "List/ncpi-research-collection-kfx01"
      },
      "name" : "Kids First X01s",
      "description" : "Kids First X01s",
      "exampleCanonical" : "https://nih-ncpi.github.io/ncpi-fhir-ig-2/StructureDefinition/ncpi-research-collection"
    },
    {
      "extension" : [{
        "url" : "http://hl7.org/fhir/tools/StructureDefinition/resource-information",
        "valueString" : "StructureDefinition:extension"
      }],
      "reference" : {
        "reference" : "StructureDefinition/label-extension"
      },
      "name" : "Label",
      "description" : "A text label accompanied by a code indicating the label type (such as Acronym, subtitle, etc)",
      "exampleBoolean" : false
    },
    {
      "extension" : [{
        "url" : "http://hl7.org/fhir/tools/StructureDefinition/resource-information",
        "valueString" : "StructureDefinition:extension"
      }],
      "reference" : {
        "reference" : "StructureDefinition/biospecimen-laterality"
      },
      "name" : "Laterality Information",
      "description" : "Laterality Information",
      "exampleBoolean" : false
    },
    {
      "extension" : [{
        "url" : "http://hl7.org/fhir/tools/StructureDefinition/resource-information",
        "valueString" : "StructureDefinition:extension"
      }],
      "reference" : {
        "reference" : "StructureDefinition/condition-laterality"
      },
      "name" : "Laterality Information",
      "description" : "Laterality Information",
      "exampleBoolean" : false
    },
    {
      "extension" : [{
        "url" : "http://hl7.org/fhir/tools/StructureDefinition/resource-information",
        "valueString" : "ValueSet"
      }],
      "reference" : {
        "reference" : "ValueSet/condition-laterality-vs"
      },
      "name" : "Laterality Information",
      "description" : "Laterality Information",
      "exampleBoolean" : false
    },
    {
      "extension" : [{
        "url" : "http://hl7.org/fhir/tools/StructureDefinition/resource-information",
        "valueString" : "StructureDefinition:extension"
      }],
      "reference" : {
        "reference" : "StructureDefinition/condition-location"
      },
      "name" : "Location Information",
      "description" : "Location Information",
      "exampleBoolean" : false
    },
    {
      "extension" : [{
        "url" : "http://hl7.org/fhir/tools/StructureDefinition/resource-information",
        "valueString" : "ValueSet"
      }],
      "reference" : {
        "reference" : "ValueSet/condition-location-vs"
      },
      "name" : "Location Information",
      "description" : "Location Information",
      "exampleBoolean" : false
    },
    {
      "extension" : [{
        "url" : "http://hl7.org/fhir/tools/StructureDefinition/resource-information",
        "valueString" : "ValueSet"
      }],
      "reference" : {
        "reference" : "ValueSet/mesh-terms"
      },
      "name" : "MeSH Terms",
      "description" : "Example terms from Medical Subject Headings (MeSH) Ontology",
      "exampleBoolean" : false
    },
    {
      "extension" : [{
        "url" : "http://hl7.org/fhir/tools/StructureDefinition/resource-information",
        "valueString" : "Consent"
      }],
      "reference" : {
        "reference" : "Consent/GRU"
      },
      "name" : "Mock consent based on kf-gru-dac-consent",
      "description" : "General Research Use (GRU)",
      "exampleCanonical" : "https://nih-ncpi.github.io/ncpi-fhir-ig-2/StructureDefinition/ncpi-research-access-policy"
    },
    {
      "extension" : [{
        "url" : "http://hl7.org/fhir/tools/StructureDefinition/resource-information",
        "valueString" : "Consent"
      }],
      "reference" : {
        "reference" : "Consent/HMB"
      },
      "name" : "Mock consent based on kf-gru-dbgap-consent",
      "description" : "General Research Use (GRU)",
      "exampleCanonical" : "https://nih-ncpi.github.io/ncpi-fhir-ig-2/StructureDefinition/ncpi-research-access-policy"
    },
    {
      "extension" : [{
        "url" : "http://hl7.org/fhir/tools/StructureDefinition/resource-information",
        "valueString" : "ResearchStudy"
      }],
      "reference" : {
        "reference" : "ResearchStudy/SD-BHJXBDQK"
      },
      "name" : "Mock study based on kf-research-study-subject-gru-dac",
      "description" : "GRU data access via DAC",
      "exampleCanonical" : "https://nih-ncpi.github.io/ncpi-fhir-ig-2/StructureDefinition/research-study-subject"
    },
    {
      "extension" : [{
        "url" : "http://hl7.org/fhir/tools/StructureDefinition/resource-information",
        "valueString" : "ResearchStudy"
      }],
      "reference" : {
        "reference" : "ResearchStudy/SD-PREASA7S"
      },
      "name" : "Mock Study based on kf-research-study-subject-gru-dbgap",
      "description" : "GRU data access via dbGaP",
      "exampleCanonical" : "https://nih-ncpi.github.io/ncpi-fhir-ig-2/StructureDefinition/research-study-subject"
    },
    {
      "extension" : [{
        "url" : "http://hl7.org/fhir/tools/StructureDefinition/resource-information",
        "valueString" : "ResearchStudy"
      }],
      "reference" : {
        "reference" : "ResearchStudy/phv00407460.v2"
      },
      "name" : "Mock study based on kf-research-study-subject-gsr-allowed",
      "description" : "Genomic Summary Results (GSR) Allowed Access",
      "exampleCanonical" : "https://nih-ncpi.github.io/ncpi-fhir-ig-2/StructureDefinition/research-study-subject"
    },
    {
      "extension" : [{
        "url" : "http://hl7.org/fhir/tools/StructureDefinition/resource-information",
        "valueString" : "StructureDefinition:resource"
      }],
      "reference" : {
        "reference" : "StructureDefinition/ncpi-collected-sample"
      },
      "name" : "NCPI biospecimen definition for collected samples",
      "description" : "NCPI biospecimen definition for collected samples",
      "exampleBoolean" : false
    },
    {
      "extension" : [{
        "url" : "http://hl7.org/fhir/tools/StructureDefinition/resource-information",
        "valueString" : "StructureDefinition:resource"
      }],
      "reference" : {
        "reference" : "StructureDefinition/ncpi-non-collected-sample"
      },
      "name" : "NCPI biospecimen definition for non-collected samples",
      "description" : "NCPI biospecimen definition for non-collected samples",
      "exampleBoolean" : false
    },
    {
      "extension" : [{
        "url" : "http://hl7.org/fhir/tools/StructureDefinition/resource-information",
        "valueString" : "StructureDefinition:resource"
      }],
      "reference" : {
        "reference" : "StructureDefinition/ncpi-condition"
      },
      "name" : "NCPI Conditon",
      "description" : "Information about a condition related to a research participant",
      "exampleBoolean" : false
    },
    {
      "extension" : [{
        "url" : "http://hl7.org/fhir/tools/StructureDefinition/resource-information",
        "valueString" : "CodeSystem"
      }],
      "reference" : {
        "reference" : "CodeSystem/ncpi-family-types"
      },
      "name" : "NCPI Family Types CodeSystem",
      "description" : "CodeSystem for Types of Families",
      "exampleBoolean" : false
    },
    {
      "extension" : [{
        "url" : "http://hl7.org/fhir/tools/StructureDefinition/resource-information",
        "valueString" : "CodeSystem"
      }],
      "reference" : {
        "reference" : "CodeSystem/ncpi"
      },
      "name" : "NCPI FHIR Codes",
      "description" : "Codes that would apply to NCPI projects",
      "exampleBoolean" : false
    },
    {
      "extension" : [{
        "url" : "http://hl7.org/fhir/tools/StructureDefinition/resource-information",
        "valueString" : "StructureDefinition:resource"
      }],
      "reference" : {
        "reference" : "StructureDefinition/ncpi-file"
      },
      "name" : "NCPI File",
      "description" : "Information about a file related to a research participant",
      "exampleBoolean" : false
    },
    {
      "extension" : [{
        "url" : "http://hl7.org/fhir/tools/StructureDefinition/resource-information",
        "valueString" : "StructureDefinition:resource"
      }],
      "reference" : {
        "reference" : "StructureDefinition/ncpi-participant"
      },
      "name" : "NCPI Participant",
      "description" : "Research oriented patient",
      "exampleBoolean" : false
    },
    {
      "extension" : [{
        "url" : "http://hl7.org/fhir/tools/StructureDefinition/resource-information",
        "valueString" : "StructureDefinition:resource"
      }],
      "reference" : {
        "reference" : "StructureDefinition/ncpi-person"
      },
      "name" : "NCPI Person",
      "description" : "Person",
      "exampleBoolean" : false
    },
    {
      "extension" : [{
        "url" : "http://hl7.org/fhir/tools/StructureDefinition/resource-information",
        "valueString" : "StructureDefinition:resource"
      }],
      "reference" : {
        "reference" : "StructureDefinition/ncpi-research-access-policy"
      },
      "name" : "NCPI Research Access Policy",
      "description" : "Limitations and/or requirements that define how a user may gain access to a particular set of data.",
      "exampleBoolean" : false
    },
    {
      "extension" : [{
        "url" : "http://hl7.org/fhir/tools/StructureDefinition/resource-information",
        "valueString" : "StructureDefinition:resource"
      }],
      "reference" : {
        "reference" : "StructureDefinition/ncpi-research-collection"
      },
      "name" : "NCPI Research Collection",
      "description" : "Collections of research data including, but not limited, to Consortia, Programs, adhoc collections of Studies and datasets among other types of collections.",
      "exampleBoolean" : false
    },
    {
      "extension" : [{
        "url" : "http://hl7.org/fhir/tools/StructureDefinition/resource-information",
        "valueString" : "StructureDefinition:resource"
      }],
      "reference" : {
        "reference" : "StructureDefinition/ncpi-research-study"
      },
      "name" : "NCPI Research Study",
      "description" : "The NCPI Research Study FHIR resource represents an individual research effort and acts as a grouper or “container” for that effort’s study participants and their related data files.",
      "exampleBoolean" : false
    },
    {
      "extension" : [{
        "url" : "http://hl7.org/fhir/tools/StructureDefinition/resource-information",
        "valueString" : "StructureDefinition:resource"
      }],
      "reference" : {
        "reference" : "StructureDefinition/research-study-group"
      },
      "name" : "NCPI Research Study Group",
      "description" : "Grouping subject participation within a research study is helpful to provide definitive lists of participants that fit a specific criteria such as *All Participants* or *Participants From a Particular Consent Group*, etc.",
      "exampleBoolean" : false
    },
    {
      "extension" : [{
        "url" : "http://hl7.org/fhir/tools/StructureDefinition/resource-information",
        "valueString" : "StructureDefinition:resource"
      }],
      "reference" : {
        "reference" : "StructureDefinition/ncpi-study-family"
      },
      "name" : "NCPI Study Family",
      "description" : "Study Family",
      "exampleBoolean" : false
    },
    {
      "extension" : [{
        "url" : "http://hl7.org/fhir/tools/StructureDefinition/resource-information",
        "valueString" : "StructureDefinition:resource"
      }],
      "reference" : {
        "reference" : "StructureDefinition/ncpi-Study-Participant"
      },
      "name" : "NCPI Study Participant",
      "description" : "Research Study",
      "exampleBoolean" : false
    },
    {
      "extension" : [{
        "url" : "http://hl7.org/fhir/tools/StructureDefinition/resource-information",
        "valueString" : "Group"
      }],
      "reference" : {
        "reference" : "Group/cmg-research-study-bhcmg-consent-group-hmb-npu"
      },
      "name" : "Participants consented under HMB-NPU",
      "description" : "BH-CMG study's population consented under Health/Medical/Biomedical + Not for profit use",
      "exampleCanonical" : "https://nih-ncpi.github.io/ncpi-fhir-ig-2/StructureDefinition/research-study-group"
    },
    {
      "extension" : [{
        "url" : "http://hl7.org/fhir/tools/StructureDefinition/resource-information",
        "valueString" : "ResearchStudy"
      }],
      "reference" : {
        "reference" : "ResearchStudy/cmg-research-study-subject-cmg-hmb-npu"
      },
      "name" : "Participants consented under HMB-NPU",
      "description" : "CMG Consent Group, Health/Medical/Biomedical + Not for profit use",
      "exampleCanonical" : "https://nih-ncpi.github.io/ncpi-fhir-ig-2/StructureDefinition/research-study-subject"
    },
    {
      "extension" : [{
        "url" : "http://hl7.org/fhir/tools/StructureDefinition/resource-information",
        "valueString" : "Group"
      }],
      "reference" : {
        "reference" : "Group/cmg-research-study-bhcmg-consent-group-irb-hmb-npu"
      },
      "name" : "Participants consented under IRB-HMB-NPU",
      "description" : "BH-CMG study's population consented under Health/Medical/Biomedical + IRB Required + Not for profit use",
      "exampleCanonical" : "https://nih-ncpi.github.io/ncpi-fhir-ig-2/StructureDefinition/research-study-group"
    },
    {
      "extension" : [{
        "url" : "http://hl7.org/fhir/tools/StructureDefinition/resource-information",
        "valueString" : "ResearchStudy"
      }],
      "reference" : {
        "reference" : "ResearchStudy/cmg-research-study-subject-cmg-irb-hmb-npu"
      },
      "name" : "Participants consented under IRB-HMB-NPU",
      "description" : "BH-CMG Consent Group, Health/Medical/Biomedical + IRB Required + Not for profit use",
      "exampleCanonical" : "https://nih-ncpi.github.io/ncpi-fhir-ig-2/StructureDefinition/research-study-subject"
    },
    {
      "extension" : [{
        "url" : "http://hl7.org/fhir/tools/StructureDefinition/resource-information",
        "valueString" : "Group"
      }],
      "reference" : {
        "reference" : "Group/kf-research-study-cbtn-participants"
      },
      "name" : "Participants from the CBTN research study",
      "description" : "Participants from the CBTN research study",
      "exampleCanonical" : "https://nih-ncpi.github.io/ncpi-fhir-ig-2/StructureDefinition/research-study-group"
    },
    {
      "extension" : [{
        "url" : "http://hl7.org/fhir/tools/StructureDefinition/resource-information",
        "valueString" : "List"
      }],
      "reference" : {
        "reference" : "List/ncpi-research-collection-pbta"
      },
      "name" : "Pediatric Brain Tumor Atlas",
      "description" : "Pediatric Brain Tumor Atlas",
      "exampleCanonical" : "https://nih-ncpi.github.io/ncpi-fhir-ig-2/StructureDefinition/ncpi-research-collection"
    },
    {
      "extension" : [{
        "url" : "http://hl7.org/fhir/tools/StructureDefinition/resource-information",
        "valueString" : "StructureDefinition:extension"
      }],
      "reference" : {
        "reference" : "StructureDefinition/condition-asserter"
      },
      "name" : "Person who recorded assertion about participant",
      "description" : "Person who recorded assertion about participant",
      "exampleBoolean" : false
    },
    {
      "extension" : [{
        "url" : "http://hl7.org/fhir/tools/StructureDefinition/resource-information",
        "valueString" : "StructureDefinition:extension"
      }],
      "reference" : {
        "reference" : "StructureDefinition/hash-extension"
      },
      "name" : "Provides a list of hashes for confirming file transfers",
      "description" : "Provides a list of hashes for confirming file transfers",
      "exampleBoolean" : false
    },
    {
      "extension" : [{
        "url" : "http://hl7.org/fhir/tools/StructureDefinition/resource-information",
        "valueString" : "Consent"
      }],
      "reference" : {
        "reference" : "Consent/kf-registered-allowed-access"
      },
      "name" : "Registered Tier Access",
      "description" : "Registered Tier Access",
      "exampleCanonical" : "https://nih-ncpi.github.io/ncpi-fhir-ig-2/StructureDefinition/ncpi-research-access-policy"
    },
    {
      "extension" : [{
        "url" : "http://hl7.org/fhir/tools/StructureDefinition/resource-information",
        "valueString" : "CodeSystem"
      }],
      "reference" : {
        "reference" : "CodeSystem/related-file-type-code-system"
      },
      "name" : "Related File Type Code System",
      "description" : "Explains the relationship of this file to the file of reference",
      "exampleBoolean" : false
    },
    {
      "extension" : [{
        "url" : "http://hl7.org/fhir/tools/StructureDefinition/resource-information",
        "valueString" : "ValueSet"
      }],
      "reference" : {
        "reference" : "ValueSet/research-data-access-code-vs"
      },
      "name" : "Research Data Access Codes",
      "description" : "Enumerated list of access codes such as dbGaP consent codes among others.",
      "exampleBoolean" : false
    },
    {
      "extension" : [{
        "url" : "http://hl7.org/fhir/tools/StructureDefinition/resource-information",
        "valueString" : "CodeSystem"
      }],
      "reference" : {
        "reference" : "CodeSystem/research-data-access-code"
      },
      "name" : "Research Data Access Codes",
      "description" : "Enumerated list of access codes such as dbGaP consent codes among others.",
      "exampleBoolean" : false
    },
    {
      "extension" : [{
        "url" : "http://hl7.org/fhir/tools/StructureDefinition/resource-information",
        "valueString" : "ValueSet"
      }],
      "reference" : {
        "reference" : "ValueSet/research-data-access-type-vs"
      },
      "name" : "Research Data Access Type Codes",
      "description" : "Enumerated list of access type codes such as 'Open Access', 'Registered Access' and 'Controlled Access'",
      "exampleBoolean" : false
    },
    {
      "extension" : [{
        "url" : "http://hl7.org/fhir/tools/StructureDefinition/resource-information",
        "valueString" : "CodeSystem"
      }],
      "reference" : {
        "reference" : "CodeSystem/research-data-access-type"
      },
      "name" : "Research Data Access Type Codes",
      "description" : "Enumerated list of access type codes such as 'Open Access', 'Registered Access' and 'Controlled Access'",
      "exampleBoolean" : false
    },
    {
      "extension" : [{
        "url" : "http://hl7.org/fhir/tools/StructureDefinition/resource-information",
        "valueString" : "StructureDefinition:extension"
      }],
      "reference" : {
        "reference" : "StructureDefinition/research-date-of-birth-method"
      },
      "name" : "Research Date of Birth Method",
      "description" : "Code indicating method of the DOB construction",
      "exampleBoolean" : false
    },
    {
      "extension" : [{
        "url" : "http://hl7.org/fhir/tools/StructureDefinition/resource-information",
        "valueString" : "StructureDefinition:extension"
      }],
      "reference" : {
        "reference" : "StructureDefinition/research-population"
      },
      "name" : "Research Population",
      "description" : "Code describing the population (CDC)",
      "exampleBoolean" : false
    },
    {
      "extension" : [{
        "url" : "http://hl7.org/fhir/tools/StructureDefinition/resource-information",
        "valueString" : "StructureDefinition:extension"
      }],
      "reference" : {
        "reference" : "StructureDefinition/research-study-acknowledgement"
      },
      "name" : "Research Study Acknowledgement",
      "description" : "Provides an informative description of acknowledgement expectations for those using data from the research study.",
      "exampleBoolean" : false
    },
    {
      "extension" : [{
        "url" : "http://hl7.org/fhir/tools/StructureDefinition/resource-information",
        "valueString" : "StructureDefinition:extension"
      }],
      "reference" : {
        "reference" : "StructureDefinition/research-study-associated-party"
      },
      "name" : "Research Study Associated Party",
      "description" : "Sponsors, collaborators, and other parties affiliated with a research study.",
      "exampleBoolean" : false
    },
    {
      "extension" : [{
        "url" : "http://hl7.org/fhir/tools/StructureDefinition/resource-information",
        "valueString" : "StructureDefinition:extension"
      }],
      "reference" : {
        "reference" : "StructureDefinition/research-study-design"
      },
      "name" : "Research Study Design",
      "description" : "Codes categorizing the type of study such as investigational vs. observational, type of blinding, type of randomization, safety vs. efficacy, etc.",
      "exampleBoolean" : false
    },
    {
      "extension" : [{
        "url" : "http://hl7.org/fhir/tools/StructureDefinition/resource-information",
        "valueString" : "StructureDefinition:extension"
      }],
      "reference" : {
        "reference" : "StructureDefinition/research-study-result"
      },
      "name" : "Research Study Result",
      "description" : "Link to citations associated with the study's publications.",
      "exampleBoolean" : false
    },
    {
      "extension" : [{
        "url" : "http://hl7.org/fhir/tools/StructureDefinition/resource-information",
        "valueString" : "StructureDefinition:resource"
      }],
      "reference" : {
        "reference" : "StructureDefinition/research-study-subject"
      },
      "name" : "Research Study Subject",
      "description" : "A ResearchStudySubject is representative of a group of participants whose consent and data use is governed by the same restrictions. This profile is an R4 proxy for the more flexible R5 ResearchSubject.",
      "exampleBoolean" : false
    },
    {
      "extension" : [{
        "url" : "http://hl7.org/fhir/tools/StructureDefinition/resource-information",
        "valueString" : "StructureDefinition:extension"
      }],
      "reference" : {
        "reference" : "StructureDefinition/research-study-subject-consent"
      },
      "name" : "Research Study Subject Consent",
      "description" : "ResearchStudySubjectConsent provides link to a consent through which participants were enrolled.",
      "exampleBoolean" : false
    },
    {
      "extension" : [{
        "url" : "http://hl7.org/fhir/tools/StructureDefinition/resource-information",
        "valueString" : "StructureDefinition:extension"
      }],
      "reference" : {
        "reference" : "StructureDefinition/research-disease-use-limitation"
      },
      "name" : "Research Usage Limitation Disease Code",
      "description" : "Coding associated with limitation on what research can be performed this data.",
      "exampleBoolean" : false
    },
    {
      "extension" : [{
        "url" : "http://hl7.org/fhir/tools/StructureDefinition/resource-information",
        "valueString" : "StructureDefinition:extension"
      }],
      "reference" : {
        "reference" : "StructureDefinition/research-web-Link"
      },
      "name" : "Research Web Link",
      "description" : "A URL pointing to a either a research study's website, an online document or other research related site or document.",
      "exampleBoolean" : false
    },
    {
      "extension" : [{
        "url" : "http://hl7.org/fhir/tools/StructureDefinition/resource-information",
        "valueString" : "CodeSystem"
      }],
      "reference" : {
        "reference" : "CodeSystem/biospecimen-availability"
      },
      "name" : "Sample availability for Sample and Aliquot modules",
      "description" : "Sample availability for Sample and Aliquot modules",
      "exampleBoolean" : false
    },
    {
      "extension" : [{
        "url" : "http://hl7.org/fhir/tools/StructureDefinition/resource-information",
        "valueString" : "StructureDefinition:logical"
      }],
      "reference" : {
        "reference" : "StructureDefinition/SharedDataModelAliquot"
      },
      "name" : "Shared Data Model for Aliquot",
      "description" : "Shared Data Model for Aliquot",
      "exampleBoolean" : false
    },
    {
      "extension" : [{
        "url" : "http://hl7.org/fhir/tools/StructureDefinition/resource-information",
        "valueString" : "StructureDefinition:logical"
      }],
      "reference" : {
        "reference" : "StructureDefinition/SharedDataModelBiospecimenCollection"
      },
      "name" : "Shared Data Model for Biospecimen Collection",
      "description" : "Shared Data Model for Biospecimen Collection",
      "exampleBoolean" : false
    },
    {
      "extension" : [{
        "url" : "http://hl7.org/fhir/tools/StructureDefinition/resource-information",
        "valueString" : "StructureDefinition:logical"
      }],
      "reference" : {
        "reference" : "StructureDefinition/SharedDataModelCondition"
      },
      "name" : "Shared Data Model for Condition",
      "description" : "The Shared Data Model for **Condition**",
      "exampleBoolean" : false
    },
    {
      "extension" : [{
        "url" : "http://hl7.org/fhir/tools/StructureDefinition/resource-information",
        "valueString" : "StructureDefinition:logical"
      }],
      "reference" : {
        "reference" : "StructureDefinition/SharedDataModelFamilyRelationship"
      },
      "name" : "Shared Data Model for Family Relationship",
      "description" : "The **Shared Data Model for Family Relationship**",
      "exampleBoolean" : false
    },
    {
      "extension" : [{
        "url" : "http://hl7.org/fhir/tools/StructureDefinition/resource-information",
        "valueString" : "StructureDefinition:logical"
      }],
      "reference" : {
        "reference" : "StructureDefinition/SharedDataModelFamilyRole"
      },
      "name" : "Shared Data Model for Family Role",
      "description" : "The **Shared Data Model for Family Role**",
      "exampleBoolean" : false
    },
    {
      "extension" : [{
        "url" : "http://hl7.org/fhir/tools/StructureDefinition/resource-information",
        "valueString" : "StructureDefinition:logical"
      }],
      "reference" : {
        "reference" : "StructureDefinition/SharedDataModelFile"
      },
      "name" : "Shared Data Model for File",
      "description" : "The **Shared Data Model for File**",
      "exampleBoolean" : false
    },
    {
      "extension" : [{
        "url" : "http://hl7.org/fhir/tools/StructureDefinition/resource-information",
        "valueString" : "StructureDefinition:logical"
      }],
      "reference" : {
        "reference" : "StructureDefinition/SharedDataModelResearchCollection"
      },
      "name" : "Shared Data Model for Research Collection",
      "description" : "The **Shared Data Model for Research Collection** represent various collections of research data including, but not limited, to Consortia, Programs, adhoc collections of Studies and datasets among other types of collections.",
      "exampleBoolean" : false
    },
    {
      "extension" : [{
        "url" : "http://hl7.org/fhir/tools/StructureDefinition/resource-information",
        "valueString" : "StructureDefinition:logical"
      }],
      "reference" : {
        "reference" : "StructureDefinition/SharedDataModelResearchDataAccessPolicy"
      },
      "name" : "Shared Data Model for Research Data Access Policy",
      "description" : "The **Shared Data Model for Research Data Access Policy** represent the various Data Use Agreements that govern a researcher's access and use of research data.",
      "exampleBoolean" : false
    },
    {
      "extension" : [{
        "url" : "http://hl7.org/fhir/tools/StructureDefinition/resource-information",
        "valueString" : "StructureDefinition:logical"
      }],
      "reference" : {
        "reference" : "StructureDefinition/SharedDataModelStudyParticipant"
      },
      "name" : "Shared Data Model for Research Participant and Study Mapping",
      "description" : "The **Shared data model for StudyParticipant**",
      "exampleBoolean" : false
    },
    {
      "extension" : [{
        "url" : "http://hl7.org/fhir/tools/StructureDefinition/resource-information",
        "valueString" : "StructureDefinition:logical"
      }],
      "reference" : {
        "reference" : "StructureDefinition/SharedDataModelResearchParticipant"
      },
      "name" : "Shared Data Model for Research Participants",
      "description" : "The **Shared Data Model for Research Participants**",
      "exampleBoolean" : false
    },
    {
      "extension" : [{
        "url" : "http://hl7.org/fhir/tools/StructureDefinition/resource-information",
        "valueString" : "StructureDefinition:logical"
      }],
      "reference" : {
        "reference" : "StructureDefinition/SharedDataModelPerson"
      },
      "name" : "Shared Data Model for Research Persons",
      "description" : "The **Shared data model for Person**",
      "exampleBoolean" : false
    },
    {
      "extension" : [{
        "url" : "http://hl7.org/fhir/tools/StructureDefinition/resource-information",
        "valueString" : "StructureDefinition:logical"
      }],
      "reference" : {
        "reference" : "StructureDefinition/SharedDataModelResearchStudy"
      },
      "name" : "Shared Data Model for Research Study",
      "description" : "The **Shared Data Model for Research Study** represents the understanding of what a Research Study is from the context of users and authors of the NCPI FHIR IG.",
      "exampleBoolean" : false
    },
    {
      "extension" : [{
        "url" : "http://hl7.org/fhir/tools/StructureDefinition/resource-information",
        "valueString" : "StructureDefinition:logical"
      }],
      "reference" : {
        "reference" : "StructureDefinition/SharedDataModelSample"
      },
      "name" : "Shared Data Model for Sample",
      "description" : "Shared Data Model for Sample",
      "exampleBoolean" : false
    },
    {
      "extension" : [{
        "url" : "http://hl7.org/fhir/tools/StructureDefinition/resource-information",
        "valueString" : "StructureDefinition:logical"
      }],
      "reference" : {
        "reference" : "StructureDefinition/SharedDataModelStudyFamily"
      },
      "name" : "Shared Data Model for Study Family",
      "description" : "The **Shared Data Model for Study Family**",
      "exampleBoolean" : false
    },
    {
      "extension" : [{
        "url" : "http://hl7.org/fhir/tools/StructureDefinition/resource-information",
        "valueString" : "StructureDefinition:extension"
      }],
      "reference" : {
        "reference" : "StructureDefinition/biospecimen-spatial"
      },
      "name" : "Spatial Information",
      "description" : "Spatial Information",
      "exampleBoolean" : false
    },
    {
      "extension" : [{
        "url" : "http://hl7.org/fhir/tools/StructureDefinition/resource-information",
        "valueString" : "StructureDefinition:extension"
      }],
      "reference" : {
        "reference" : "StructureDefinition/description"
      },
      "name" : "Study Family Description",
      "description" : "Free text describing the study family, such as potential inheritance or details about consanguinity",
      "exampleBoolean" : false
    },
    {
      "extension" : [{
        "url" : "http://hl7.org/fhir/tools/StructureDefinition/resource-information",
        "valueString" : "StructureDefinition:extension"
      }],
      "reference" : {
        "reference" : "StructureDefinition/family-role"
      },
      "name" : "Study Family Focus",
      "description" : "Extension containing Family Role",
      "exampleBoolean" : false
    },
    {
      "extension" : [{
        "url" : "http://hl7.org/fhir/tools/StructureDefinition/resource-information",
        "valueString" : "StructureDefinition:extension"
      }],
      "reference" : {
        "reference" : "StructureDefinition/study-family-focus"
      },
      "name" : "Study Family Focus Extension",
      "description" : "Extension containing Study Family Focus",
      "exampleBoolean" : false
    },
    {
      "extension" : [{
        "url" : "http://hl7.org/fhir/tools/StructureDefinition/resource-information",
        "valueString" : "StructureDefinition:extension"
      }],
      "reference" : {
        "reference" : "StructureDefinition/study-family"
      },
      "name" : "Study Family Reference",
      "description" : "Extension containing Study Family Reference",
      "exampleBoolean" : false
    },
    {
      "extension" : [{
        "url" : "http://hl7.org/fhir/tools/StructureDefinition/resource-information",
        "valueString" : "ValueSet"
      }],
      "reference" : {
        "reference" : "ValueSet/study-name-type-vs"
      },
      "name" : "Study Name Type",
      "description" : "Some common types of study 'names'.",
      "exampleBoolean" : false
    },
    {
      "extension" : [{
        "url" : "http://hl7.org/fhir/tools/StructureDefinition/resource-information",
        "valueString" : "CodeSystem"
      }],
      "reference" : {
        "reference" : "CodeSystem/study-name-type"
      },
      "name" : "Study Name Type",
      "description" : "Some common types of study 'names'.",
      "exampleBoolean" : false
    },
    {
      "extension" : [{
        "url" : "http://hl7.org/fhir/tools/StructureDefinition/resource-information",
        "valueString" : "ValueSet"
      }],
      "reference" : {
        "reference" : "ValueSet/study-personnel-role-vs"
      },
      "name" : "Study Personnel Role",
      "description" : "Roles associated with study personnel.",
      "exampleBoolean" : false
    },
    {
      "extension" : [{
        "url" : "http://hl7.org/fhir/tools/StructureDefinition/resource-information",
        "valueString" : "CodeSystem"
      }],
      "reference" : {
        "reference" : "CodeSystem/study-personnel-role"
      },
      "name" : "Study Personnel Role",
      "description" : "Roles associated with study personnel.",
      "exampleBoolean" : false
    },
    {
      "extension" : [{
        "url" : "http://hl7.org/fhir/tools/StructureDefinition/resource-information",
        "valueString" : "List"
      }],
      "reference" : {
        "reference" : "List/ncpi-research-collection-cmg"
      },
      "name" : "The Centers for Medelian Genetics",
      "description" : "The Centers for Medelian Genetics",
      "exampleCanonical" : "https://nih-ncpi.github.io/ncpi-fhir-ig-2/StructureDefinition/ncpi-research-collection"
    },
    {
      "extension" : [{
        "url" : "http://hl7.org/fhir/tools/StructureDefinition/resource-information",
        "valueString" : "StructureDefinition:extension"
      }],
      "reference" : {
        "reference" : "StructureDefinition/file-format"
      },
      "name" : "The file format used",
      "description" : "The file format used",
      "exampleBoolean" : false
    },
    {
      "extension" : [{
        "url" : "http://hl7.org/fhir/tools/StructureDefinition/resource-information",
        "valueString" : "StructureDefinition:extension"
      }],
      "reference" : {
        "reference" : "StructureDefinition/file-size"
      },
      "name" : "The size of the file, e.g., in bytes.",
      "description" : "The size of the file, e.g., in bytes.",
      "exampleBoolean" : false
    },
    {
      "extension" : [{
        "url" : "http://hl7.org/fhir/tools/StructureDefinition/resource-information",
        "valueString" : "ValueSet"
      }],
      "reference" : {
        "reference" : "ValueSet/condition-type-vs"
      },
      "name" : "Type of Condition",
      "exampleBoolean" : false
    },
    {
      "extension" : [{
        "url" : "http://hl7.org/fhir/tools/StructureDefinition/resource-information",
        "valueString" : "CodeSystem"
      }],
      "reference" : {
        "reference" : "CodeSystem/condition-type"
      },
      "name" : "Type of Condition",
      "description" : "Code System for type of condition",
      "exampleBoolean" : false
    },
    {
      "extension" : [{
        "url" : "http://hl7.org/fhir/tools/StructureDefinition/resource-information",
        "valueString" : "StructureDefinition:extension"
      }],
      "reference" : {
        "reference" : "StructureDefinition/hash-value"
      },
      "name" : "Value of hashing the file",
      "description" : "Value of hashing the file",
      "exampleBoolean" : false
    },
    {
      "extension" : [{
        "url" : "http://hl7.org/fhir/tools/StructureDefinition/resource-information",
        "valueString" : "StructureDefinition:extension"
      }],
      "reference" : {
        "reference" : "StructureDefinition/content-version"
      },
      "name" : "Version of the contents of the file",
      "description" : "Version of the contents of the file",
      "exampleBoolean" : false
    }],
    "page" : {
      "nameUrl" : "toc.html",
      "title" : "Table of Contents",
      "generation" : "html",
      "page" : [{
        "nameUrl" : "index.html",
        "title" : "Home",
        "generation" : "markdown"
      },
      {
        "nameUrl" : "authors.html",
        "title" : "Authors",
        "generation" : "markdown"
      },
      {
        "nameUrl" : "conformance.html",
        "title" : "Conformance",
        "generation" : "markdown"
      },
      {
        "nameUrl" : "contact.html",
        "title" : "Contact",
        "generation" : "markdown"
      },
      {
        "nameUrl" : "contributing.html",
        "title" : "Contributing",
        "generation" : "markdown"
      },
      {
        "nameUrl" : "downloads.html",
        "title" : "Downloads",
        "generation" : "markdown"
      },
      {
        "nameUrl" : "example_assays.html",
        "title" : "Example Assays",
        "generation" : "markdown"
      },
      {
        "nameUrl" : "example_family.html",
        "title" : "Example Family",
        "generation" : "markdown"
      },
      {
        "nameUrl" : "example_files.html",
        "title" : "Example Files",
        "generation" : "markdown"
      },
      {
        "nameUrl" : "example_participant.html",
        "title" : "Example Participant",
        "generation" : "markdown"
      },
      {
        "nameUrl" : "example_phenotype_condition.html",
        "title" : "Example Phenotype Condition",
        "generation" : "markdown"
      },
      {
        "nameUrl" : "example_research_study.html",
        "title" : "Example Research Study",
        "generation" : "markdown"
      },
      {
        "nameUrl" : "example_specimen.html",
        "title" : "Example Specimen",
        "generation" : "markdown"
      },
      {
        "nameUrl" : "FHIR_Basics.html",
        "title" : "FHIR Basics",
        "generation" : "markdown"
      },
      {
        "nameUrl" : "fhir_version.html",
        "title" : "Fhir Version",
        "generation" : "markdown"
      },
      {
        "nameUrl" : "IG_Versioning.html",
        "title" : "IG Versioning",
        "generation" : "markdown"
      },
      {
        "nameUrl" : "module_assays.html",
        "title" : "Module Assays",
        "generation" : "markdown"
      },
      {
        "nameUrl" : "module_family.html",
        "title" : "Module Family",
        "generation" : "markdown"
      },
      {
        "nameUrl" : "module_files.html",
        "title" : "Module Files",
        "generation" : "markdown"
      },
      {
        "nameUrl" : "module_overview.html",
        "title" : "Module Overview",
        "generation" : "markdown"
      },
      {
        "nameUrl" : "module_participant.html",
        "title" : "Module Participant",
        "generation" : "markdown"
      },
      {
        "nameUrl" : "module_phenotype_condition.html",
        "title" : "Module Phenotype Condition",
        "generation" : "markdown"
      },
      {
        "nameUrl" : "module_research_study.html",
        "title" : "Module Research Study",
        "generation" : "markdown"
      },
      {
        "nameUrl" : "module_specimen.html",
        "title" : "Module Specimen",
        "generation" : "markdown"
      },
      {
        "nameUrl" : "must_support.html",
        "title" : "Must Support",
        "generation" : "markdown"
      },
      {
        "nameUrl" : "ncpi.html",
        "title" : "Ncpi",
        "generation" : "markdown"
      },
      {
        "nameUrl" : "research_study_example_cbtn.html",
        "title" : "Research Study Example Cbtn",
        "generation" : "markdown"
      },
      {
        "nameUrl" : "research_study_example_cmg.html",
        "title" : "Research Study Example Cmg",
        "generation" : "markdown"
      },
      {
        "nameUrl" : "use_case_tbd.html",
        "title" : "Use Case Tbd",
        "generation" : "markdown"
      }]
    },
    "parameter" : [{
      "code" : "path-resource",
      "value" : "input/capabilities"
    },
    {
      "code" : "path-resource",
      "value" : "input/examples"
    },
    {
      "code" : "path-resource",
      "value" : "input/extensions"
    },
    {
      "code" : "path-resource",
      "value" : "input/models"
    },
    {
      "code" : "path-resource",
      "value" : "input/operations"
    },
    {
      "code" : "path-resource",
      "value" : "input/profiles"
    },
    {
      "code" : "path-resource",
      "value" : "input/resources"
    },
    {
      "code" : "path-resource",
      "value" : "input/vocabulary"
    },
    {
      "code" : "path-resource",
      "value" : "input/maps"
    },
    {
      "code" : "path-resource",
      "value" : "input/testing"
    },
    {
      "code" : "path-resource",
      "value" : "input/history"
    },
    {
      "code" : "path-resource",
      "value" : "fsh-generated/resources"
    },
    {
      "code" : "path-pages",
      "value" : "template/config"
    },
    {
      "code" : "path-pages",
      "value" : "input/images"
    },
    {
      "code" : "path-tx-cache",
      "value" : "input-cache/txcache"
    }]
  }
}