{
  "resourceType" : "Observation",
  "id" : "PT-006SP660-condition",
  "meta" : {
    "profile" : ["https://nih-ncpi.github.io/ncpi-fhir-ig-2/StructureDefinition/ncpi-condition"]
  },
  "text" : {
    "status" : "extensions",
    "div" : "<div xmlns=\"http://www.w3.org/1999/xhtml\"><p class=\"res-header-id\"><b>Generated Narrative: Observation PT-006SP660-condition</b></p><a name=\"PT-006SP660-condition\"> </a><a name=\"hcPT-006SP660-condition\"> </a><a name=\"PT-006SP660-condition-en-US\"> </a><p><b>status</b>: Final</p><p><b>category</b>: <span title=\"Codes:{https://nih-ncpi.github.io/ncpi-fhir-ig-2/CodeSystem/condition-type Disease}\">Disease</span></p><p><b>code</b>: <span title=\"Codes:{http://purl.obolibrary.org/obo/mondo.owl MONDO:0002203}\">ventricular ectopy</span></p><p><b>subject</b>: <a href=\"Patient-PT-006SP660.html\">Anonymous Patient (no stated gender), DoB Unknown ( https://cbtn.org/#C21156)</a></p><p><b>effective</b>: <code>Relative date time: </code></p><p><b>value</b>: <span title=\"Codes:{https://nih-ncpi.github.io/ncpi-fhir-ig-2/CodeSystem/condition-assertion Present}\">Present</span></p></div>"
  },
  "status" : "final",
  "category" : [{
    "coding" : [{
      "system" : "https://nih-ncpi.github.io/ncpi-fhir-ig-2/CodeSystem/condition-type",
      "code" : "Disease"
    }]
  }],
  "code" : {
    "coding" : [{
      "system" : "http://purl.obolibrary.org/obo/mondo.owl",
      "code" : "MONDO:0002203"
    }],
    "text" : "ventricular ectopy"
  },
  "subject" : {
    "reference" : "Patient/PT-006SP660"
  },
  "_effectiveDateTime" : {
    "extension" : [{
      "extension" : [{
        "url" : "target",
        "valueReference" : {
          "reference" : "Patient/PT-006SP660"
        }
      },
      {
        "url" : "targetPath",
        "valueString" : "None"
      },
      {
        "url" : "relationship",
        "valueCode" : "after"
      },
      {
        "url" : "offset",
        "valueDuration" : {
          "value" : 4931,
          "unit" : "d",
          "system" : "http://unitsofmeasure.org",
          "code" : "days"
        }
      }],
      "url" : "http://hl7.org/fhir/StructureDefinition/cqf-relativeDateTime"
    }]
  },
  "valueCodeableConcept" : {
    "coding" : [{
      "system" : "https://nih-ncpi.github.io/ncpi-fhir-ig-2/CodeSystem/condition-assertion",
      "code" : "Present"
    }]
  }
}