{
  "resourceType" : "Observation",
  "id" : "BAM-CRAM-example",
  "meta" : {
    "profile" : ["https://nih-ncpi.github.io/ncpi-fhir-ig-2/StructureDefinition/ncpi-bamcram"]
  },
  "text" : {
    "status" : "generated",
    "div" : "<div xmlns=\"http://www.w3.org/1999/xhtml\"><p class=\"res-header-id\"><b>Generated Narrative: Observation BAM-CRAM-example</b></p><a name=\"BAM-CRAM-example\"> </a><a name=\"hcBAM-CRAM-example\"> </a><a name=\"BAM-CRAM-example-en-US\"> </a><p><b>status</b>: Final</p><p><b>code</b>: <span title=\"Codes:{http://edamontology.org format_2572}\">format_2572</span></p><p><b>focus</b>: <a href=\"PT_006SP660\">PT_006SP660</a></p><p><b>specimen</b>: <a href=\"Specimen-SA-000.html\">Specimen: identifier = SA_RV52EY7S; type = </a></p><blockquote><p><b>component</b></p><p><b>code</b>: <span title=\"Codes:\">WorkflowType</span></p></blockquote><blockquote><p><b>component</b></p><p><b>code</b>: <span title=\"Codes:\">AssayStrategy</span></p><p><b>value</b>: <span title=\"Codes:\">WGS</span></p></blockquote><blockquote><p><b>component</b></p><p><b>code</b>: <span title=\"Codes:\">PlatformInstrument</span></p><p><b>value</b>: <span title=\"Codes:\">IlluminaHiSeq2000</span></p></blockquote><blockquote><p><b>component</b></p><p><b>code</b>: <span title=\"Codes:\">LibraryPrep</span></p><p><b>value</b>: <span title=\"Codes:\">polyA</span></p></blockquote><blockquote><p><b>component</b></p><p><b>code</b>: <span title=\"Codes:\">LibrarySelection</span></p><p><b>value</b>: <span title=\"Codes:\">PolyTEnrichment</span></p></blockquote><blockquote><p><b>component</b></p><p><b>code</b>: <span title=\"Codes:\">Strandedness</span></p><p><b>value</b>: <span title=\"Codes:\">unstranded</span></p></blockquote><blockquote><p><b>component</b></p><p><b>code</b>: <span title=\"Codes:\">ReferenceGenome</span></p><p><b>value</b>: <span title=\"Codes:\">GRCh37</span></p></blockquote><blockquote><p><b>component</b></p><p><b>code</b>: <span title=\"Codes:\">IsPairedEnd</span></p><p><b>value</b>: false</p></blockquote><blockquote><p><b>component</b></p><p><b>code</b>: <span title=\"Codes:\">WorkflowTool</span></p><p><b>value</b>: <span title=\"Codes:\">bammem</span></p></blockquote><blockquote><p><b>component</b></p><p><b>code</b>: <span title=\"Codes:\">WorkflowType</span></p><p><b>value</b>: <span title=\"Codes:\">alignment</span></p></blockquote><blockquote><p><b>component</b></p><p><b>code</b>: <span title=\"Codes:\">TargetRegion</span></p></blockquote></div>"
  },
  "status" : "final",
  "code" : {
    "coding" : [{
      "system" : "http://edamontology.org",
      "code" : "format_2572"
    }]
  },
  "focus" : [{
    "reference" : "PT_006SP660"
  }],
  "specimen" : {
    "reference" : "Specimen/SA-000"
  },
  "component" : [{
    "code" : {
      "coding" : [{
        "code" : "WorkflowType"
      }]
    }
  },
  {
    "code" : {
      "coding" : [{
        "code" : "AssayStrategy"
      }]
    },
    "valueCodeableConcept" : {
      "coding" : [{
        "code" : "WGS"
      }]
    }
  },
  {
    "code" : {
      "coding" : [{
        "code" : "PlatformInstrument"
      }]
    },
    "valueCodeableConcept" : {
      "coding" : [{
        "code" : "IlluminaHiSeq2000"
      }]
    }
  },
  {
    "code" : {
      "coding" : [{
        "code" : "LibraryPrep"
      }]
    },
    "valueCodeableConcept" : {
      "coding" : [{
        "code" : "polyA"
      }]
    }
  },
  {
    "code" : {
      "coding" : [{
        "code" : "LibrarySelection"
      }]
    },
    "valueCodeableConcept" : {
      "coding" : [{
        "code" : "PolyTEnrichment"
      }]
    }
  },
  {
    "code" : {
      "coding" : [{
        "code" : "Strandedness"
      }]
    },
    "valueCodeableConcept" : {
      "coding" : [{
        "code" : "unstranded"
      }]
    }
  },
  {
    "code" : {
      "coding" : [{
        "code" : "ReferenceGenome"
      }]
    },
    "valueCodeableConcept" : {
      "coding" : [{
        "code" : "GRCh37"
      }]
    }
  },
  {
    "code" : {
      "coding" : [{
        "code" : "IsPairedEnd"
      }]
    },
    "valueBoolean" : false
  },
  {
    "code" : {
      "coding" : [{
        "code" : "WorkflowTool"
      }]
    },
    "valueCodeableConcept" : {
      "coding" : [{
        "code" : "bammem"
      }]
    }
  },
  {
    "code" : {
      "coding" : [{
        "code" : "WorkflowType"
      }]
    },
    "valueCodeableConcept" : {
      "coding" : [{
        "code" : "alignment"
      }]
    }
  },
  {
    "code" : {
      "coding" : [{
        "code" : "TargetRegion"
      }]
    }
  }]
}